amount,payment_method,is_international,card_network,card_type,issuer,outcome
100,netbanking,0,NA,NA,NA,0
100,card,0,RuPay,credit,Kotak Mahindra,0
100,card,0,RuPay,credit,Bank of Baroda,0
100,upi,0,NA,NA,NA,0
100,upi,0,NA,NA,NA,0
100,upi,0,NA,NA,NA,0
100,upi,0,NA,NA,NA,0
100,netbanking,0,NA,NA,NA,0
100,upi,0,NA,NA,NA,0
100,upi,0,NA,NA,NA,0
100,upi,0,NA,NA,NA,0
100,upi,0,NA,NA,NA,0
100,card,0,Discover,credit,Axis,0
100,netbanking,0,NA,NA,NA,0
100,card,0,Mastercard,prepaid,IDFC First,0
100,emi,0,Visa,credit,Kotak Mahindra,0
100,emi,0,Visa,prepaid,IDFC First,0
100,netbanking,0,NA,NA,NA,0
100,emi,0,Mastercard,credit,Federal Bank,0
100,upi,0,NA,NA,NA,0
100,card,0,American Express,debit,Federal Bank,1
100,card,0,Visa,debit,Axis,0
100,upi,0,NA,NA,NA,0
100,netbanking,0,NA,NA,NA,0
100,card,0,Visa,credit,Yes Bank,0
100,wallet,0,NA,NA,NA,0
100,upi,0,NA,NA,NA,0
100,upi,0,NA,NA,NA,0
100,upi,0,NA,NA,NA,0
100,card,0,Visa,credit,Axis,0
100,upi,0,NA,NA,NA,0
100,netbanking,0,NA,NA,NA,0
100,upi,0,NA,NA,NA,0
100,upi,0,NA,NA,NA,0
100,card,0,RuPay,credit,HDFC,0
100,card,0,Visa,credit,IDFC First,0
100,upi,0,NA,NA,NA,0
100,card,0,Mastercard,debit,Canara Bank,0
100,wallet,0,NA,NA,NA,0
100,card,0,Mastercard,credit,ICICI,0
100,upi,0,NA,NA,NA,0
100,upi,0,NA,NA,NA,0
100,upi,0,NA,NA,NA,0
100,pay later,0,NA,NA,NA,0
100,card,0,American Express,credit,IndusInd,0
100,upi,0,NA,NA,NA,0
100,upi,0,NA,NA,NA,1
100,emi,0,Mastercard,debit,Bank of Baroda,1
100,emi,0,Visa,debit,SBI,0
100,netbanking,0,NA,NA,NA,0
100,upi,0,NA,NA,NA,0
100,upi,0,NA,NA,NA,0
100,netbanking,0,NA,NA,NA,0
100,netbanking,0,NA,NA,NA,0
100,card,0,Visa,credit,Axis,0
100,upi,0,NA,NA,NA,0
100,card,0,RuPay,debit,SBI,0
100,netbanking,0,NA,NA,NA,0
100,upi,0,NA,NA,NA,0
100,card,0,Mastercard,credit,Punjab National Bank,0
100,upi,0,NA,NA,NA,1
100,card,0,Visa,credit,ICICI,0
100,card,0,Visa,debit,ICICI,0
100,netbanking,0,NA,NA,NA,0
100,card,0,Mastercard,debit,Yes Bank,0
100,upi,0,NA,NA,NA,0
100,upi,0,NA,NA,NA,0
100,netbanking,0,NA,NA,NA,1
100,card,0,Mastercard,credit,Axis,0
100,upi,0,NA,NA,NA,0
100,upi,0,NA,NA,NA,0
100,emi,0,Mastercard,debit,Bank of Baroda,0
100,upi,0,NA,NA,NA,0
100,upi,0,NA,NA,NA,0
100,card,0,Visa,debit,ICICI,0
100,upi,0,NA,NA,NA,0
100,card,0,Mastercard,credit,SBI,0
100,emi,0,Visa,debit,Kotak Mahindra,0
100,upi,0,NA,NA,NA,0
100,upi,0,NA,NA,NA,1
100,upi,0,NA,NA,NA,0
100,upi,0,NA,NA,NA,0
100,netbanking,0,NA,NA,NA,0
100,emi,0,Visa,debit,Axis,0
100,emi,0,Visa,debit,Axis,0
100,pay later,0,NA,NA,NA,0
100,wallet,0,NA,NA,NA,0
100,upi,0,NA,NA,NA,0
100,upi,0,NA,NA,NA,0
100,upi,0,NA,NA,NA,1
100,upi,0,NA,NA,NA,0
100,upi,0,NA,NA,NA,0
100,card,0,Diners,credit,HDFC,0
100,netbanking,0,NA,NA,NA,0
100,upi,0,NA,NA,NA,0
100,netbanking,0,NA,NA,NA,0
100,upi,0,NA,NA,NA,0
100,upi,0,NA,NA,NA,0
100,upi,0,NA,NA,NA,0
100,upi,0,NA,NA,NA,0
100,upi,0,NA,NA,NA,0
100,pay later,0,NA,NA,NA,0
100,netbanking,0,NA,NA,NA,0
100,upi,0,NA,NA,NA,0
100,upi,0,NA,NA,NA,0
100,card,0,Mastercard,credit,HDFC,0
100,upi,0,NA,NA,NA,1
100,upi,0,NA,NA,NA,0
100,card,0,Mastercard,credit,IDFC First,0
100,upi,0,NA,NA,NA,1
100,netbanking,0,NA,NA,NA,1
100,upi,0,NA,NA,NA,0
100,card,0,Visa,credit,HDFC,0
100,pay later,0,NA,NA,NA,1
100,card,0,Discover,debit,Axis,0
100,upi,0,NA,NA,NA,0
100,upi,0,NA,NA,NA,0
100,wallet,0,NA,NA,NA,0
100,card,0,Mastercard,credit,SBI,0
100,card,0,Visa,credit,Kotak Mahindra,0
100,wallet,0,NA,NA,NA,0
100,upi,0,NA,NA,NA,0
100,upi,0,NA,NA,NA,0
100,upi,0,NA,NA,NA,0
100,upi,0,NA,NA,NA,0
100,card,0,Mastercard,credit,Kotak Mahindra,0
100,netbanking,0,NA,NA,NA,0
100,upi,0,NA,NA,NA,0
100,card,0,RuPay,credit,Kotak Mahindra,0
100,card,0,Visa,credit,IndusInd,0
100,card,0,Visa,debit,ICICI,0
100,upi,0,NA,NA,NA,0
100,pay later,0,NA,NA,NA,0
100,upi,0,NA,NA,NA,0
100,card,0,Mastercard,credit,IndusInd,0
100,upi,0,NA,NA,NA,0
100,pay later,0,NA,NA,NA,0
100,upi,0,NA,NA,NA,0
100,card,0,Mastercard,debit,Axis,0
100,emi,0,Mastercard,credit,ICICI,0
100,card,0,RuPay,debit,Canara Bank,0
100,emi,0,Visa,credit,RBL,0
100,wallet,0,NA,NA,NA,0
100,card,0,Visa,debit,ICICI,0
100,upi,0,NA,NA,NA,0
100,emi,0,Diners,credit,SBI,0
100,upi,0,NA,NA,NA,1
100,card,0,Mastercard,credit,SBI,0
100,card,0,RuPay,credit,RBL,0
100,card,0,Visa,debit,Axis,0
100,netbanking,0,NA,NA,NA,0
100,upi,0,NA,NA,NA,0
100,pay later,0,NA,NA,NA,0
100,upi,0,NA,NA,NA,0
100,upi,0,NA,NA,NA,1
100,netbanking,0,NA,NA,NA,0
100,upi,0,NA,NA,NA,1
100,upi,0,NA,NA,NA,0
100,upi,0,NA,NA,NA,0
100,upi,0,NA,NA,NA,0
100,card,0,RuPay,credit,Federal Bank,1
100,card,0,RuPay,debit,ICICI,0
100,card,0,Mastercard,credit,Bank of Baroda,0
100,upi,0,NA,NA,NA,0
100,card,0,Visa,credit,ICICI,0
100,netbanking,0,NA,NA,NA,0
100,netbanking,0,NA,NA,NA,0
100,card,0,Visa,debit,Yes Bank,0
100,upi,0,NA,NA,NA,1
100,card,0,Mastercard,debit,SBI,0
100,netbanking,0,NA,NA,NA,0
100,card,0,Visa,debit,HDFC,0
100,wallet,0,NA,NA,NA,0
100,upi,0,NA,NA,NA,0
100,emi,0,American Express,debit,Punjab National Bank,0
100,card,0,Discover,credit,Union Bank,0
100,card,0,Visa,debit,Kotak Mahindra,0
100,upi,0,NA,NA,NA,0
100,upi,0,NA,NA,NA,0
100,wallet,0,NA,NA,NA,0
100,upi,0,NA,NA,NA,0
100,upi,0,NA,NA,NA,0
100,upi,0,NA,NA,NA,0
100,upi,0,NA,NA,NA,0
100,card,0,Mastercard,credit,ICICI,0
100,card,0,Diners,debit,IDFC First,0
100,netbanking,0,NA,NA,NA,0
100,card,0,Mastercard,debit,Axis,0
100,upi,0,NA,NA,NA,0
100,upi,0,NA,NA,NA,0
100,upi,0,NA,NA,NA,0
100,upi,0,NA,NA,NA,0
100,upi,0,NA,NA,NA,0
100,upi,0,NA,NA,NA,0
100,card,0,Visa,debit,Yes Bank,0
100,upi,0,NA,NA,NA,0
100,upi,0,NA,NA,NA,0
100,netbanking,0,NA,NA,NA,0
100,card,0,Mastercard,credit,Bank of Baroda,0
100,card,0,Visa,debit,Canara Bank,0
100,netbanking,0,NA,NA,NA,0
100,card,0,RuPay,debit,Bank of Baroda,0
100,emi,0,Diners,credit,ICICI,0
100,card,0,Visa,credit,Axis,0
100,netbanking,0,NA,NA,NA,0
100,netbanking,0,NA,NA,NA,1
100,card,0,RuPay,debit,Axis,0
100,card,0,RuPay,debit,ICICI,0
100,upi,0,NA,NA,NA,0
100,emi,0,Mastercard,debit,ICICI,0
100,emi,0,Diners,debit,ICICI,0
100,pay later,0,NA,NA,NA,0
100,card,0,Mastercard,credit,Kotak Mahindra,0
100,card,0,RuPay,credit,SBI,0
100,card,0,Diners,credit,Axis,0
100,netbanking,0,NA,NA,NA,0
100,wallet,0,NA,NA,NA,0
100,upi,0,NA,NA,NA,0
100,netbanking,0,NA,NA,NA,0
100,upi,0,NA,NA,NA,0
100,upi,0,NA,NA,NA,1
100,netbanking,0,NA,NA,NA,0
100,upi,0,NA,NA,NA,0
100,upi,0,NA,NA,NA,0
100,card,0,Visa,credit,HDFC,0
100,upi,0,NA,NA,NA,0
100,upi,0,NA,NA,NA,0
100,card,0,RuPay,debit,Kotak Mahindra,0
100,emi,0,American Express,credit,Canara Bank,0
100,wallet,0,NA,NA,NA,0
100,netbanking,0,NA,NA,NA,0
100,upi,0,NA,NA,NA,0
100,card,0,Mastercard,credit,Yes Bank,0
100,upi,0,NA,NA,NA,0
100,card,0,RuPay,prepaid,Axis,0
100,upi,0,NA,NA,NA,0
100,card,0,Visa,credit,SBI,0
100,card,0,Visa,debit,SBI,0
100,upi,0,NA,NA,NA,0
100,upi,0,NA,NA,NA,0
100,wallet,0,NA,NA,NA,0
100,card,0,Mastercard,credit,SBI,0
100,wallet,0,NA,NA,NA,1
100,upi,0,NA,NA,NA,0
100,card,0,Diners,debit,HDFC,0
100,card,0,Mastercard,credit,Axis,0
100,netbanking,0,NA,NA,NA,0
100,wallet,0,NA,NA,NA,0
100,card,0,RuPay,debit,Indian Bank,0
100,wallet,0,NA,NA,NA,0
100,upi,0,NA,NA,NA,0
100,upi,0,NA,NA,NA,0
100,upi,0,NA,NA,NA,0
100,card,0,Mastercard,debit,IDFC First,0
100,pay later,0,NA,NA,NA,0
100,emi,0,RuPay,credit,HDFC,0
100,card,0,Visa,credit,Kotak Mahindra,0
100,card,0,Discover,debit,Indian Bank,0
100,upi,0,NA,NA,NA,0
100,pay later,0,NA,NA,NA,0
100,upi,0,NA,NA,NA,0
100,upi,0,NA,NA,NA,0
100,upi,0,NA,NA,NA,0
100,netbanking,0,NA,NA,NA,0
100,card,0,Discover,credit,Yes Bank,0
100,netbanking,0,NA,NA,NA,0
100,card,0,Discover,credit,HDFC,0
100,upi,0,NA,NA,NA,0
100,pay later,0,NA,NA,NA,0
100,upi,0,NA,NA,NA,0
100,card,0,Discover,prepaid,IDFC First,0
100,pay later,0,NA,NA,NA,0
100,pay later,0,NA,NA,NA,0
100,card,0,Mastercard,debit,Axis,0
100,upi,0,NA,NA,NA,0
100,upi,0,NA,NA,NA,0
100,upi,0,NA,NA,NA,0
100,upi,0,NA,NA,NA,0
100,wallet,0,NA,NA,NA,0
100,card,0,Mastercard,debit,Bank of Baroda,0
100,upi,0,NA,NA,NA,1
100,card,0,Mastercard,debit,ICICI,0
100,card,0,Visa,debit,Canara Bank,0
100,netbanking,0,NA,NA,NA,0
100,card,0,Mastercard,debit,Bank of Baroda,0
100,card,0,Visa,prepaid,Yes Bank,0
100,card,0,RuPay,credit,Kotak Mahindra,0
100,wallet,0,NA,NA,NA,0
100,upi,0,NA,NA,NA,0
100,netbanking,0,NA,NA,NA,0
100,netbanking,0,NA,NA,NA,0
100,card,0,Visa,credit,Federal Bank,0
100,card,0,Visa,credit,ICICI,0
100,upi,0,NA,NA,NA,0
100,upi,0,NA,NA,NA,0
100,upi,0,NA,NA,NA,0
100,netbanking,0,NA,NA,NA,0
100,emi,0,RuPay,debit,Yes Bank,1
100,upi,0,NA,NA,NA,0
100,upi,0,NA,NA,NA,0
100,card,0,Mastercard,debit,Axis,0
100,upi,0,NA,NA,NA,0
100,card,0,Mastercard,credit,IndusInd,0
100,card,0,Visa,credit,Axis,1
100,upi,0,NA,NA,NA,0
100,wallet,0,NA,NA,NA,0
100,upi,0,NA,NA,NA,0
100,netbanking,0,NA,NA,NA,0
100,upi,0,NA,NA,NA,0
100,upi,0,NA,NA,NA,0
100,card,0,Visa,debit,SBI,0
100,wallet,0,NA,NA,NA,0
100,upi,0,NA,NA,NA,1
100,card,0,Mastercard,debit,ICICI,0
100,emi,0,American Express,credit,IDFC First,0
100,upi,0,NA,NA,NA,1
100,upi,0,NA,NA,NA,0
100,card,0,Mastercard,debit,Axis,0
100,wallet,0,NA,NA,NA,0
100,wallet,0,NA,NA,NA,0
100,wallet,0,NA,NA,NA,0
100,card,0,Mastercard,debit,ICICI,0
100,card,0,RuPay,credit,Bank of Baroda,0
100,card,0,RuPay,credit,Union Bank,0
100,card,0,Mastercard,credit,Kotak Mahindra,0
100,netbanking,0,NA,NA,NA,0
100,upi,0,NA,NA,NA,0
100,upi,0,NA,NA,NA,0
100,upi,0,NA,NA,NA,0
100,upi,0,NA,NA,NA,0
100,card,0,Visa,debit,ICICI,0
100,upi,0,NA,NA,NA,0
100,upi,0,NA,NA,NA,0
100,card,0,Visa,credit,SBI,0
100,card,0,Visa,credit,Bank of Baroda,0
100,upi,0,NA,NA,NA,0
100,wallet,0,NA,NA,NA,0
100,card,0,Visa,prepaid,Kotak Mahindra,0
100,netbanking,0,NA,NA,NA,0
100,pay later,0,NA,NA,NA,0
100,netbanking,0,NA,NA,NA,0
100,emi,0,RuPay,credit,Axis,0
100,upi,0,NA,NA,NA,0
100,netbanking,0,NA,NA,NA,0
100,netbanking,0,NA,NA,NA,0
100,pay later,0,NA,NA,NA,0
100,upi,0,NA,NA,NA,0
100,netbanking,0,NA,NA,NA,0
100,card,0,Mastercard,debit,Kotak Mahindra,0
100,card,0,Visa,debit,Canara Bank,0
100,emi,0,Mastercard,debit,HDFC,0
100,netbanking,0,NA,NA,NA,0
100,card,0,American Express,debit,RBL,0
100,upi,0,NA,NA,NA,0
100,emi,0,Visa,prepaid,Indian Bank,0
100,wallet,0,NA,NA,NA,0
100,pay later,0,NA,NA,NA,1
100,upi,0,NA,NA,NA,0
100,card,0,Mastercard,credit,Canara Bank,0
100,wallet,0,NA,NA,NA,0
100,card,0,RuPay,credit,RBL,0
100,netbanking,0,NA,NA,NA,0
100,upi,0,NA,NA,NA,0
100,wallet,0,NA,NA,NA,0
100,upi,0,NA,NA,NA,0
100,card,0,RuPay,credit,Yes Bank,0
100,pay later,0,NA,NA,NA,0
100,upi,0,NA,NA,NA,0
100,upi,0,NA,NA,NA,0
100,card,0,Discover,debit,Bank of Baroda,0
100,upi,0,NA,NA,NA,0
100,upi,0,NA,NA,NA,0
100,card,0,Visa,credit,Axis,0
100,card,0,Visa,credit,HDFC,0
100,card,0,Mastercard,credit,Union Bank,0
100,upi,0,NA,NA,NA,0
100,upi,0,NA,NA,NA,0
100,card,0,Visa,debit,Yes Bank,0
100,upi,0,NA,NA,NA,0
100,card,0,Visa,credit,SBI,0
100,pay later,0,NA,NA,NA,0
100,pay later,0,NA,NA,NA,0
100,card,0,Visa,credit,HDFC,0
100,card,0,RuPay,debit,Axis,0
100,netbanking,0,NA,NA,NA,0
100,card,0,Discover,prepaid,ICICI,0
100,upi,0,NA,NA,NA,0
100,upi,0,NA,NA,NA,0
100,upi,0,NA,NA,NA,0
100,upi,0,NA,NA,NA,0
100,upi,0,NA,NA,NA,0
100,wallet,0,NA,NA,NA,0
100,card,0,Visa,debit,Yes Bank,0
100,upi,0,NA,NA,NA,0
100,netbanking,0,NA,NA,NA,0
100,upi,0,NA,NA,NA,0
100,card,0,Visa,credit,HDFC,1
100,upi,0,NA,NA,NA,1
100,card,0,Visa,credit,Bank of Baroda,0
100,card,0,Visa,credit,SBI,0
100,card,0,Visa,debit,ICICI,0
100,card,0,Diners,debit,Union Bank,0
100,card,0,RuPay,credit,SBI,0
100,upi,0,NA,NA,NA,0
100,card,0,RuPay,credit,Kotak Mahindra,0
100,card,0,Mastercard,credit,HDFC,0
100,upi,0,NA,NA,NA,0
100,emi,0,Mastercard,credit,Yes Bank,0
100,card,0,RuPay,credit,ICICI,0
100,wallet,0,NA,NA,NA,1
100,upi,0,NA,NA,NA,0
100,card,0,American Express,debit,IndusInd,0
100,upi,0,NA,NA,NA,1
100,emi,0,Mastercard,credit,HDFC,0
100,upi,0,NA,NA,NA,0
100,upi,0,NA,NA,NA,0
100,wallet,0,NA,NA,NA,0
100,card,0,Mastercard,credit,HDFC,0
100,emi,0,Diners,credit,HDFC,0
100,card,0,Visa,debit,ICICI,0
100,upi,0,NA,NA,NA,0
100,wallet,0,NA,NA,NA,0
100,card,0,Visa,credit,Federal Bank,0
100,upi,0,NA,NA,NA,1
100,card,0,American Express,credit,Yes Bank,0
100,emi,0,Visa,credit,Punjab National Bank,0
100,card,0,Visa,debit,Punjab National Bank,0
100,upi,0,NA,NA,NA,0
100,emi,0,American Express,credit,Axis,0
100,card,0,Visa,debit,Axis,0
100,upi,0,NA,NA,NA,0
100,upi,0,NA,NA,NA,0
100,upi,0,NA,NA,NA,0
100,emi,0,Mastercard,credit,ICICI,0
100,upi,0,NA,NA,NA,0
100,card,0,Visa,debit,Yes Bank,0
100,emi,0,American Express,prepaid,Union Bank,0
100,upi,0,NA,NA,NA,0
100,upi,0,NA,NA,NA,0
100,pay later,0,NA,NA,NA,0
100,upi,0,NA,NA,NA,0
100,upi,0,NA,NA,NA,0
100,upi,0,NA,NA,NA,0
100,netbanking,0,NA,NA,NA,0
100,netbanking,0,NA,NA,NA,0
100,netbanking,0,NA,NA,NA,0
100,upi,0,NA,NA,NA,0
100,wallet,0,NA,NA,NA,0
100,pay later,0,NA,NA,NA,0
100,upi,0,NA,NA,NA,0
100,netbanking,0,NA,NA,NA,0
100,card,0,Visa,debit,RBL,0
100,emi,0,Visa,debit,IndusInd,0
100,upi,0,NA,NA,NA,0
100,pay later,0,NA,NA,NA,0
100,card,0,RuPay,credit,HDFC,0
100,netbanking,0,NA,NA,NA,0
100,upi,0,NA,NA,NA,0
100,emi,0,American Express,debit,SBI,0
100,netbanking,0,NA,NA,NA,0
100,upi,0,NA,NA,NA,0
100,pay later,0,NA,NA,NA,0
100,upi,0,NA,NA,NA,0
100,card,0,Discover,credit,Axis,0
100,upi,0,NA,NA,NA,0
100,netbanking,0,NA,NA,NA,0
100,upi,0,NA,NA,NA,0
100,netbanking,0,NA,NA,NA,0
100,emi,0,Visa,credit,IndusInd,0
100,pay later,0,NA,NA,NA,0
100,upi,0,NA,NA,NA,0
100,emi,0,Visa,credit,Punjab National Bank,0
100,card,0,Visa,debit,SBI,0
100,netbanking,0,NA,NA,NA,0
100,card,0,American Express,credit,ICICI,1
100,upi,0,NA,NA,NA,0
100,card,0,American Express,credit,ICICI,0
100,upi,0,NA,NA,NA,0
100,card,0,Visa,credit,Federal Bank,0
100,upi,0,NA,NA,NA,0
100,upi,0,NA,NA,NA,0
100,netbanking,0,NA,NA,NA,1
100,card,0,Discover,prepaid,Axis,0
100,card,0,Mastercard,debit,Axis,0
100,netbanking,0,NA,NA,NA,0
100,upi,0,NA,NA,NA,0
100,netbanking,0,NA,NA,NA,0
100,upi,0,NA,NA,NA,0
100,upi,0,NA,NA,NA,0
100,emi,0,Mastercard,debit,Yes Bank,0
100,card,0,Visa,debit,Kotak Mahindra,0
100,card,0,Visa,debit,Axis,0
100,upi,0,NA,NA,NA,0
100,wallet,0,NA,NA,NA,0
100,emi,0,Diners,credit,Union Bank,0
100,card,0,RuPay,credit,Kotak Mahindra,0
100,card,0,Visa,prepaid,IndusInd,1
100,wallet,0,NA,NA,NA,0
100,upi,0,NA,NA,NA,0
100,netbanking,0,NA,NA,NA,0
100,upi,0,NA,NA,NA,0
100,upi,0,NA,NA,NA,0
100,netbanking,0,NA,NA,NA,0
100,netbanking,0,NA,NA,NA,0
100,upi,0,NA,NA,NA,0
100,upi,0,NA,NA,NA,0
100,pay later,0,NA,NA,NA,0
100,emi,0,Mastercard,debit,IndusInd,0
100,upi,0,NA,NA,NA,0
100,card,0,Visa,credit,IndusInd,0
100,card,0,Discover,credit,RBL,0
100,upi,0,NA,NA,NA,0
100,netbanking,0,NA,NA,NA,0
100,wallet,0,NA,NA,NA,0
100,card,0,Mastercard,debit,Kotak Mahindra,0
100,upi,0,NA,NA,NA,1
100,upi,0,NA,NA,NA,0
100,upi,0,NA,NA,NA,0
100,emi,0,RuPay,debit,HDFC,0
100,card,0,Mastercard,debit,Punjab National Bank,0
100,upi,0,NA,NA,NA,0
100,pay later,0,NA,NA,NA,0
100,emi,0,Visa,debit,SBI,0
100,card,0,Mastercard,debit,SBI,0
100,netbanking,0,NA,NA,NA,0
100,emi,0,American Express,debit,HDFC,1
100,upi,0,NA,NA,NA,0
100,card,0,Visa,debit,HDFC,0
100,card,0,Mastercard,credit,IndusInd,0
100,netbanking,0,NA,NA,NA,0
100,card,0,Visa,debit,IndusInd,0
100,card,0,Mastercard,credit,Yes Bank,1
100,card,0,Visa,debit,ICICI,0
100,netbanking,0,NA,NA,NA,0
100,card,0,Visa,credit,SBI,0
100,upi,0,NA,NA,NA,0
100,netbanking,0,NA,NA,NA,0
100,upi,0,NA,NA,NA,0
100,card,0,American Express,prepaid,HDFC,0
100,emi,0,Visa,credit,SBI,0
100,upi,0,NA,NA,NA,0
100,netbanking,0,NA,NA,NA,0
100,upi,0,NA,NA,NA,0
100,upi,0,NA,NA,NA,1
100,upi,0,NA,NA,NA,0
100,upi,0,NA,NA,NA,0
100,upi,0,NA,NA,NA,0
100,wallet,0,NA,NA,NA,1
100,card,0,Visa,credit,Axis,0
100,pay later,0,NA,NA,NA,0
100,upi,0,NA,NA,NA,0
100,upi,0,NA,NA,NA,0
100,upi,0,NA,NA,NA,1
100,upi,0,NA,NA,NA,0
100,upi,0,NA,NA,NA,0
100,emi,0,Visa,credit,Indian Bank,0
100,card,0,RuPay,credit,Canara Bank,0
100,netbanking,0,NA,NA,NA,0
100,pay later,0,NA,NA,NA,0
100,netbanking,0,NA,NA,NA,0
100,upi,0,NA,NA,NA,0
100,card,0,Visa,credit,Axis,1
100,card,0,RuPay,credit,RBL,0
100,netbanking,0,NA,NA,NA,0
100,upi,0,NA,NA,NA,0
100,netbanking,0,NA,NA,NA,0
100,card,0,Mastercard,credit,Yes Bank,0
100,upi,0,NA,NA,NA,0
100,wallet,0,NA,NA,NA,0
100,netbanking,0,NA,NA,NA,0
100,pay later,0,NA,NA,NA,0
100,pay later,0,NA,NA,NA,0
100,card,0,RuPay,debit,ICICI,0
100,card,0,Mastercard,debit,Axis,0
100,card,0,Diners,credit,ICICI,0
100,card,0,Visa,debit,ICICI,0
100,card,0,RuPay,debit,Axis,0
100,upi,0,NA,NA,NA,0
100,wallet,0,NA,NA,NA,0
100,upi,0,NA,NA,NA,0
100,card,0,Mastercard,credit,Federal Bank,0
100,wallet,0,NA,NA,NA,0
100,card,0,Discover,credit,Indian Bank,0
100,card,0,Visa,credit,Bank of Baroda,0
100,upi,0,NA,NA,NA,0
100,upi,0,NA,NA,NA,0
100,upi,0,NA,NA,NA,0
100,pay later,0,NA,NA,NA,0
100,netbanking,0,NA,NA,NA,0
100,upi,0,NA,NA,NA,1
100,card,0,RuPay,debit,Indian Bank,0
100,card,0,Visa,debit,Federal Bank,0
100,upi,0,NA,NA,NA,0
100,emi,0,Mastercard,credit,SBI,0
100,upi,0,NA,NA,NA,0
100,upi,0,NA,NA,NA,0
100,card,0,Mastercard,credit,HDFC,0
100,upi,0,NA,NA,NA,0
100,netbanking,0,NA,NA,NA,0
100,upi,0,NA,NA,NA,0
100,card,0,RuPay,debit,Kotak Mahindra,0
100,card,0,Visa,debit,RBL,0
100,card,0,RuPay,credit,HDFC,0
100,upi,0,NA,NA,NA,0
100,wallet,0,NA,NA,NA,0
100,netbanking,0,NA,NA,NA,0
100,card,0,Mastercard,debit,HDFC,0
100,emi,0,American Express,credit,ICICI,0
100,pay later,0,NA,NA,NA,1
100,upi,0,NA,NA,NA,0
100,upi,0,NA,NA,NA,0
100,wallet,0,NA,NA,NA,0
100,upi,0,NA,NA,NA,0
100,upi,0,NA,NA,NA,0
100,wallet,0,NA,NA,NA,0
100,emi,0,Mastercard,credit,ICICI,0
100,upi,0,NA,NA,NA,0
100,pay later,0,NA,NA,NA,0
100,pay later,0,NA,NA,NA,0
100,pay later,0,NA,NA,NA,0
100,upi,0,NA,NA,NA,0
100,card,0,Visa,credit,SBI,0
100,emi,0,Mastercard,credit,HDFC,0
100,emi,0,Visa,prepaid,Canara Bank,0
100,upi,0,NA,NA,NA,0
100,upi,0,NA,NA,NA,0
100,upi,0,NA,NA,NA,0
100,upi,0,NA,NA,NA,0
100,upi,0,NA,NA,NA,0
100,card,0,RuPay,debit,Yes Bank,0
100,card,0,Mastercard,credit,Canara Bank,0
100,upi,0,NA,NA,NA,0
100,upi,0,NA,NA,NA,0
100,wallet,0,NA,NA,NA,0
100,upi,0,NA,NA,NA,0
100,netbanking,0,NA,NA,NA,0
100,card,0,Mastercard,credit,Axis,0
100,card,0,Visa,credit,Axis,0
100,pay later,0,NA,NA,NA,0
100,card,0,RuPay,credit,ICICI,0
100,upi,0,NA,NA,NA,0
100,emi,0,Visa,credit,Axis,0
100,pay later,0,NA,NA,NA,0
100,upi,0,NA,NA,NA,0
100,card,0,Visa,debit,ICICI,0
100,upi,0,NA,NA,NA,0
100,card,0,Visa,credit,HDFC,0
100,card,0,Discover,debit,ICICI,1
100,wallet,0,NA,NA,NA,0
100,emi,0,Mastercard,credit,Yes Bank,0
100,emi,0,American Express,prepaid,Kotak Mahindra,0
100,upi,0,NA,NA,NA,0
100,upi,0,NA,NA,NA,0
100,wallet,0,NA,NA,NA,0
100,upi,0,NA,NA,NA,0
100,card,0,Visa,prepaid,IndusInd,0
100,upi,0,NA,NA,NA,0
100,pay later,0,NA,NA,NA,0
100,netbanking,0,NA,NA,NA,0
100,netbanking,0,NA,NA,NA,0
100,card,0,Mastercard,credit,Axis,0
100,card,0,Diners,credit,Axis,0
100,pay later,0,NA,NA,NA,0
100,card,0,American Express,credit,HDFC,0
100,card,0,Visa,debit,ICICI,0
100,card,0,Visa,credit,IDFC First,0
100,upi,0,NA,NA,NA,0
100,upi,0,NA,NA,NA,0
100,card,0,Mastercard,debit,Yes Bank,0
100,card,0,Visa,debit,HDFC,0
100,upi,0,NA,NA,NA,0
100,upi,0,NA,NA,NA,0
100,card,0,Mastercard,credit,Axis,0
100,upi,0,NA,NA,NA,0
100,upi,0,NA,NA,NA,0
100,card,0,Visa,credit,ICICI,0
100,wallet,0,NA,NA,NA,0
100,upi,0,NA,NA,NA,0
100,emi,0,RuPay,debit,Canara Bank,1
100,wallet,0,NA,NA,NA,0
100,card,0,Visa,credit,Kotak Mahindra,1
100,emi,0,Diners,debit,ICICI,0
100,card,0,Visa,credit,IndusInd,0
100,card,0,Visa,debit,Kotak Mahindra,0
100,upi,0,NA,NA,NA,0
100,upi,0,NA,NA,NA,0
100,upi,0,NA,NA,NA,0
100,upi,0,NA,NA,NA,1
100,upi,0,NA,NA,NA,0
100,upi,0,NA,NA,NA,0
100,netbanking,0,NA,NA,NA,0
100,netbanking,0,NA,NA,NA,0
100,upi,0,NA,NA,NA,0
100,pay later,0,NA,NA,NA,0
100,upi,0,NA,NA,NA,0
100,emi,0,Visa,debit,RBL,0
100,upi,0,NA,NA,NA,0
100,wallet,0,NA,NA,NA,0
100,emi,0,Mastercard,debit,Yes Bank,0
100,upi,0,NA,NA,NA,0
100,card,0,Visa,debit,IndusInd,0
100,upi,0,NA,NA,NA,0
100,upi,0,NA,NA,NA,0
100,upi,0,NA,NA,NA,0
100,card,0,Visa,credit,Yes Bank,0
100,upi,0,NA,NA,NA,0
100,upi,0,NA,NA,NA,0
100,emi,0,RuPay,prepaid,SBI,0
100,upi,0,NA,NA,NA,0
100,pay later,0,NA,NA,NA,1
100,card,0,Mastercard,debit,Indian Bank,0
100,upi,0,NA,NA,NA,0
100,netbanking,0,NA,NA,NA,1
100,upi,0,NA,NA,NA,0
100,netbanking,0,NA,NA,NA,0
100,card,0,Visa,debit,HDFC,0
100,card,0,Mastercard,debit,ICICI,0
100,wallet,0,NA,NA,NA,0
100,card,0,RuPay,prepaid,Axis,0
100,netbanking,0,NA,NA,NA,0
100,emi,0,Visa,credit,Canara Bank,0
100,card,0,Mastercard,debit,ICICI,0
100,wallet,0,NA,NA,NA,0
100,upi,0,NA,NA,NA,0
100,netbanking,0,NA,NA,NA,0
100,netbanking,0,NA,NA,NA,0
100,upi,0,NA,NA,NA,0
100,upi,0,NA,NA,NA,0
100,wallet,0,NA,NA,NA,0
100,card,0,Mastercard,credit,RBL,0
100,upi,0,NA,NA,NA,0
100,upi,0,NA,NA,NA,0
100,card,0,Visa,credit,ICICI,1
100,upi,0,NA,NA,NA,1
100,wallet,0,NA,NA,NA,0
100,card,0,Mastercard,credit,Axis,1
100,wallet,0,NA,NA,NA,0
100,upi,0,NA,NA,NA,0
100,wallet,0,NA,NA,NA,0
100,upi,0,NA,NA,NA,0
100,upi,0,NA,NA,NA,0
100,upi,0,NA,NA,NA,0
100,netbanking,0,NA,NA,NA,0
100,upi,0,NA,NA,NA,0
100,emi,0,Visa,credit,IDFC First,0
100,card,0,Visa,debit,SBI,1
100,upi,0,NA,NA,NA,0
100,emi,0,Visa,debit,SBI,0
100,card,0,RuPay,debit,HDFC,0
100,card,0,Mastercard,debit,SBI,0
100,netbanking,0,NA,NA,NA,0
100,emi,0,RuPay,debit,Axis,0
100,netbanking,0,NA,NA,NA,0
100,card,0,Visa,debit,Federal Bank,0
100,netbanking,0,NA,NA,NA,0
100,upi,0,NA,NA,NA,0
100,card,0,Mastercard,debit,ICICI,1
100,card,0,Mastercard,credit,HDFC,0
100,pay later,0,NA,NA,NA,0
100,card,0,Visa,credit,HDFC,0
100,card,0,Mastercard,credit,HDFC,0
100,card,0,Mastercard,debit,ICICI,0
100,card,0,Visa,credit,Axis,0
100,pay later,0,NA,NA,NA,0
100,wallet,0,NA,NA,NA,0
100,upi,0,NA,NA,NA,0
100,netbanking,0,NA,NA,NA,0
100,upi,0,NA,NA,NA,0
100,upi,0,NA,NA,NA,0
100,upi,0,NA,NA,NA,0
100,wallet,0,NA,NA,NA,0
100,upi,0,NA,NA,NA,0
100,upi,0,NA,NA,NA,0
100,emi,0,Diners,debit,Bank of Baroda,1
100,upi,0,NA,NA,NA,0
100,upi,0,NA,NA,NA,0
100,card,0,Mastercard,debit,ICICI,0
100,upi,0,NA,NA,NA,0
100,card,0,American Express,debit,SBI,0
100,pay later,0,NA,NA,NA,0
100,upi,0,NA,NA,NA,0
100,card,0,Visa,credit,Yes Bank,0
100,upi,0,NA,NA,NA,0
100,upi,0,NA,NA,NA,0
100,upi,0,NA,NA,NA,0
100,upi,0,NA,NA,NA,0
100,netbanking,0,NA,NA,NA,0
100,card,0,Mastercard,credit,Kotak Mahindra,0
100,card,0,RuPay,credit,Kotak Mahindra,0
100,card,0,RuPay,credit,SBI,0
100,card,0,Visa,credit,HDFC,0
100,upi,0,NA,NA,NA,0
100,upi,0,NA,NA,NA,0
100,upi,0,NA,NA,NA,0
100,card,0,Mastercard,debit,Axis,0
100,netbanking,0,NA,NA,NA,0
100,upi,0,NA,NA,NA,0
100,upi,0,NA,NA,NA,0
100,wallet,0,NA,NA,NA,0
100,upi,0,NA,NA,NA,0
100,card,0,Mastercard,debit,Axis,0
100,card,0,Diners,credit,ICICI,0
100,card,0,Visa,debit,Kotak Mahindra,1
100,card,0,Mastercard,credit,IDFC First,0
100,emi,0,Diners,debit,HDFC,0
100,upi,0,NA,NA,NA,0
100,upi,0,NA,NA,NA,0
100,upi,0,NA,NA,NA,0
100,card,0,Mastercard,debit,IDFC First,0
100,upi,0,NA,NA,NA,0
100,upi,0,NA,NA,NA,0
100,emi,0,RuPay,credit,Kotak Mahindra,1
100,card,0,RuPay,debit,IndusInd,0
100,card,0,Visa,debit,IndusInd,0
100,upi,0,NA,NA,NA,0
100,upi,0,NA,NA,NA,0
100,wallet,0,NA,NA,NA,0
100,netbanking,0,NA,NA,NA,0
100,upi,0,NA,NA,NA,0
100,upi,0,NA,NA,NA,0
100,wallet,0,NA,NA,NA,0
100,wallet,0,NA,NA,NA,0
100,card,0,Mastercard,credit,ICICI,0
100,upi,0,NA,NA,NA,0
100,card,0,RuPay,debit,Axis,0
100,emi,0,Visa,debit,IDFC First,0
100,upi,0,NA,NA,NA,0
100,pay later,0,NA,NA,NA,0
100,upi,0,NA,NA,NA,0
100,upi,0,NA,NA,NA,0
100,upi,0,NA,NA,NA,0
100,card,0,Visa,credit,Kotak Mahindra,0
100,emi,0,American Express,prepaid,Axis,1
100,upi,0,NA,NA,NA,0
100,emi,0,Mastercard,credit,HDFC,0
100,upi,0,NA,NA,NA,0
100,upi,0,NA,NA,NA,0
100,upi,0,NA,NA,NA,0
100,netbanking,0,NA,NA,NA,0
100,pay later,0,NA,NA,NA,0
100,card,0,Mastercard,debit,Yes Bank,0
100,wallet,0,NA,NA,NA,0
100,upi,0,NA,NA,NA,0
100,emi,0,Visa,credit,ICICI,0
100,wallet,0,NA,NA,NA,0
100,wallet,0,NA,NA,NA,0
100,upi,0,NA,NA,NA,1
100,netbanking,0,NA,NA,NA,1
100,card,0,RuPay,debit,SBI,0
100,netbanking,0,NA,NA,NA,0
100,card,0,Mastercard,credit,SBI,0
100,card,0,Mastercard,credit,ICICI,0
100,upi,0,NA,NA,NA,0
100,card,0,RuPay,credit,IDFC First,0
100,emi,0,Visa,debit,Federal Bank,0
100,wallet,0,NA,NA,NA,0
100,wallet,0,NA,NA,NA,0
100,upi,0,NA,NA,NA,0
100,upi,0,NA,NA,NA,0
100,upi,0,NA,NA,NA,0
100,emi,0,RuPay,debit,SBI,0
100,upi,0,NA,NA,NA,0
100,card,0,Visa,credit,SBI,0
100,upi,0,NA,NA,NA,0
100,upi,0,NA,NA,NA,0
100,card,0,RuPay,debit,SBI,0
100,upi,0,NA,NA,NA,0
100,emi,0,Mastercard,credit,Canara Bank,0
100,card,0,Visa,debit,Yes Bank,0
100,card,0,Visa,debit,Indian Bank,0
100,card,0,Discover,debit,SBI,1
100,wallet,0,NA,NA,NA,0
100,card,0,Diners,credit,Yes Bank,0
100,upi,0,NA,NA,NA,0
100,upi,0,NA,NA,NA,0
100,pay later,0,NA,NA,NA,0
100,wallet,0,NA,NA,NA,0
100,card,0,Diners,debit,IDFC First,0
100,upi,0,NA,NA,NA,0
100,card,0,Visa,credit,SBI,0
100,upi,0,NA,NA,NA,0
100,netbanking,0,NA,NA,NA,0
100,upi,0,NA,NA,NA,0
100,netbanking,0,NA,NA,NA,0
100,upi,0,NA,NA,NA,0
100,pay later,0,NA,NA,NA,0
100,upi,0,NA,NA,NA,1
100,netbanking,0,NA,NA,NA,0
100,upi,0,NA,NA,NA,0
100,emi,0,Mastercard,debit,Canara Bank,0
100,upi,0,NA,NA,NA,0
100,card,0,Mastercard,debit,Axis,0
100,upi,0,NA,NA,NA,0
100,upi,0,NA,NA,NA,0
100,card,0,American Express,debit,Axis,0
100,netbanking,0,NA,NA,NA,0
100,card,0,Mastercard,credit,Canara Bank,0
100,upi,0,NA,NA,NA,0
100,card,0,American Express,credit,IDFC First,0
100,netbanking,0,NA,NA,NA,0
100,card,0,Mastercard,credit,HDFC,0
100,card,0,RuPay,debit,IDFC First,0
100,wallet,0,NA,NA,NA,0
100,pay later,0,NA,NA,NA,0
100,card,0,Mastercard,credit,ICICI,0
100,upi,0,NA,NA,NA,0
100,wallet,0,NA,NA,NA,0
100,netbanking,0,NA,NA,NA,0
100,emi,0,RuPay,prepaid,ICICI,0
100,emi,0,Mastercard,debit,Bank of Baroda,0
100,card,0,Diners,credit,Axis,0
100,card,0,Visa,credit,Yes Bank,0
100,card,0,Mastercard,debit,Axis,0
100,card,0,Visa,debit,Kotak Mahindra,0
100,upi,0,NA,NA,NA,0
100,card,0,RuPay,debit,Yes Bank,0
100,card,0,Visa,credit,SBI,0
100,upi,0,NA,NA,NA,0
100,upi,0,NA,NA,NA,0
100,pay later,0,NA,NA,NA,0
100,upi,0,NA,NA,NA,0
100,upi,0,NA,NA,NA,0
100,card,0,Mastercard,credit,Kotak Mahindra,0
100,emi,0,Mastercard,credit,Kotak Mahindra,0
100,upi,0,NA,NA,NA,1
100,pay later,0,NA,NA,NA,0
100,card,0,Visa,credit,Axis,0
100,card,0,Mastercard,debit,ICICI,0
100,wallet,0,NA,NA,NA,0
100,wallet,0,NA,NA,NA,0
100,emi,0,Diners,debit,SBI,0
100,card,0,RuPay,credit,SBI,0
100,pay later,0,NA,NA,NA,1
100,netbanking,0,NA,NA,NA,1
100,emi,0,Visa,credit,Axis,0
100,card,0,RuPay,credit,Bank of Baroda,0
100,card,0,Mastercard,prepaid,Bank of Baroda,0
100,wallet,0,NA,NA,NA,0
100,upi,0,NA,NA,NA,0
100,card,0,Visa,debit,RBL,0
100,card,0,RuPay,debit,SBI,0
100,card,0,American Express,credit,SBI,0
100,emi,0,Mastercard,credit,HDFC,0
100,upi,0,NA,NA,NA,0
100,upi,0,NA,NA,NA,0
100,card,0,Visa,credit,Bank of Baroda,0
100,card,0,Visa,debit,SBI,0
100,netbanking,0,NA,NA,NA,0
100,card,0,Visa,credit,Axis,1
100,netbanking,0,NA,NA,NA,0
100,card,0,Visa,debit,HDFC,0
100,netbanking,0,NA,NA,NA,0
100,upi,0,NA,NA,NA,0
100,upi,0,NA,NA,NA,0
100,upi,0,NA,NA,NA,0
100,card,0,Visa,credit,Canara Bank,0
100,card,0,RuPay,credit,HDFC,0
100,upi,0,NA,NA,NA,1
100,netbanking,0,NA,NA,NA,0
100,netbanking,0,NA,NA,NA,1
100,emi,0,Visa,credit,HDFC,0
100,upi,0,NA,NA,NA,0
100,upi,0,NA,NA,NA,0
100,netbanking,0,NA,NA,NA,0
100,emi,0,Discover,credit,RBL,1
100,emi,0,Visa,debit,Bank of Baroda,0
100,netbanking,0,NA,NA,NA,0
100,upi,0,NA,NA,NA,0
100,upi,0,NA,NA,NA,0
100,card,0,Visa,debit,Indian Bank,0
100,upi,0,NA,NA,NA,0
100,card,0,Visa,credit,HDFC,0
100,upi,0,NA,NA,NA,1
100,upi,0,NA,NA,NA,0
100,netbanking,0,NA,NA,NA,0
100,card,0,RuPay,credit,HDFC,0
100,wallet,0,NA,NA,NA,0
100,upi,0,NA,NA,NA,0
100,upi,0,NA,NA,NA,0
100,card,0,Discover,credit,HDFC,0
100,pay later,0,NA,NA,NA,0
100,upi,0,NA,NA,NA,0
100,card,0,Mastercard,credit,SBI,0
100,wallet,0,NA,NA,NA,0
100,upi,0,NA,NA,NA,0
100,card,0,Mastercard,debit,Axis,0
100,card,0,Visa,credit,ICICI,0
100,wallet,0,NA,NA,NA,0
100,card,0,American Express,credit,HDFC,0
100,emi,0,Visa,credit,Kotak Mahindra,0
100,upi,0,NA,NA,NA,0
100,pay later,0,NA,NA,NA,0
100,netbanking,0,NA,NA,NA,1
100,netbanking,0,NA,NA,NA,0
100,upi,0,NA,NA,NA,0
100,emi,0,Visa,debit,HDFC,0
100,card,0,Visa,credit,SBI,0
100,upi,0,NA,NA,NA,0
100,card,0,Diners,credit,Axis,0
100,upi,0,NA,NA,NA,0
100,upi,0,NA,NA,NA,0
100,upi,0,NA,NA,NA,0
100,netbanking,0,NA,NA,NA,0
100,card,0,RuPay,credit,HDFC,0
100,card,0,Mastercard,debit,HDFC,0
100,upi,0,NA,NA,NA,0
100,card,0,Visa,debit,HDFC,0
100,upi,0,NA,NA,NA,0
100,upi,0,NA,NA,NA,0
100,emi,0,Mastercard,credit,Yes Bank,1
100,card,0,Visa,debit,SBI,0
100,upi,0,NA,NA,NA,0
100,upi,0,NA,NA,NA,0
100,card,0,Diners,credit,Kotak Mahindra,0
100,card,0,Mastercard,credit,RBL,0
100,card,0,Visa,credit,Kotak Mahindra,0
100,upi,0,NA,NA,NA,0
100,card,0,Mastercard,credit,RBL,0
100,wallet,0,NA,NA,NA,0
100,upi,0,NA,NA,NA,0
100,upi,0,NA,NA,NA,0
100,card,0,American Express,debit,Punjab National Bank,0
100,netbanking,0,NA,NA,NA,0
100,upi,0,NA,NA,NA,0
100,upi,0,NA,NA,NA,0
100,netbanking,0,NA,NA,NA,0
100,wallet,0,NA,NA,NA,0
100,card,0,Visa,credit,ICICI,0
100,upi,0,NA,NA,NA,0
100,wallet,0,NA,NA,NA,0
100,upi,0,NA,NA,NA,0
100,pay later,0,NA,NA,NA,0
100,wallet,0,NA,NA,NA,0
100,upi,0,NA,NA,NA,0
100,upi,0,NA,NA,NA,0
100,wallet,0,NA,NA,NA,0
100,upi,0,NA,NA,NA,0
100,upi,0,NA,NA,NA,0
100,upi,0,NA,NA,NA,0
100,netbanking,0,NA,NA,NA,1
100,card,0,Mastercard,credit,HDFC,0
100,wallet,0,NA,NA,NA,0
100,upi,0,NA,NA,NA,0
100,pay later,0,NA,NA,NA,0
100,emi,0,Diners,credit,IndusInd,0
100,upi,0,NA,NA,NA,0
100,upi,0,NA,NA,NA,0
100,card,0,Visa,debit,Yes Bank,0
100,netbanking,0,NA,NA,NA,0
100,netbanking,0,NA,NA,NA,0
100,wallet,0,NA,NA,NA,0
100,card,0,Visa,debit,Kotak Mahindra,1
100,card,0,Visa,credit,Axis,0
100,upi,0,NA,NA,NA,0
100,emi,0,RuPay,credit,Yes Bank,1
100,wallet,0,NA,NA,NA,0
100,upi,0,NA,NA,NA,0
100,upi,0,NA,NA,NA,0
100,netbanking,0,NA,NA,NA,0
100,card,0,Mastercard,credit,HDFC,0
100,upi,0,NA,NA,NA,0
100,upi,0,NA,NA,NA,0
100,upi,0,NA,NA,NA,0
100,card,0,Mastercard,debit,IDFC First,0
100,card,0,Mastercard,credit,Yes Bank,0
100,upi,0,NA,NA,NA,0
100,upi,0,NA,NA,NA,0
100,card,0,Visa,debit,Axis,0
100,card,0,Mastercard,credit,SBI,0
100,card,0,Visa,credit,Axis,0
100,emi,0,Visa,credit,Yes Bank,0
100,upi,0,NA,NA,NA,1
100,netbanking,0,NA,NA,NA,0
100,emi,0,Visa,debit,Axis,1
100,upi,0,NA,NA,NA,0
100,netbanking,0,NA,NA,NA,0
100,pay later,0,NA,NA,NA,0
100,upi,0,NA,NA,NA,0
100,card,0,Visa,credit,HDFC,1
100,card,0,Visa,credit,HDFC,0
100,netbanking,0,NA,NA,NA,0
100,card,0,Mastercard,credit,SBI,0
100,card,0,Mastercard,debit,Axis,0
100,upi,0,NA,NA,NA,0
100,netbanking,0,NA,NA,NA,0
100,netbanking,0,NA,NA,NA,0
100,card,0,Mastercard,credit,SBI,0
100,upi,0,NA,NA,NA,0
100,card,0,Visa,debit,Yes Bank,1
100,netbanking,0,NA,NA,NA,0
100,upi,0,NA,NA,NA,0
100,emi,0,Visa,debit,Axis,0
100,upi,0,NA,NA,NA,0
100,card,0,American Express,credit,Axis,0
100,upi,0,NA,NA,NA,0
100,emi,0,Diners,credit,Bank of Baroda,0
100,emi,0,Mastercard,credit,Federal Bank,0
100,pay later,0,NA,NA,NA,0
100,netbanking,0,NA,NA,NA,0
100,upi,0,NA,NA,NA,0
100,emi,0,Diners,debit,Yes Bank,0
100,upi,0,NA,NA,NA,0
100,card,0,American Express,credit,IndusInd,0
100,pay later,0,NA,NA,NA,0
100,netbanking,0,NA,NA,NA,0
100,upi,0,NA,NA,NA,0
100,emi,0,Mastercard,credit,Indian Bank,0
100,emi,0,Mastercard,credit,Axis,0
100,netbanking,0,NA,NA,NA,0
100,upi,0,NA,NA,NA,0
100,card,0,Mastercard,debit,Union Bank,0
100,card,0,RuPay,debit,HDFC,0
100,upi,0,NA,NA,NA,0
100,netbanking,0,NA,NA,NA,0
100,card,0,Mastercard,credit,ICICI,1
100,netbanking,0,NA,NA,NA,0
100,upi,0,NA,NA,NA,0
100,card,0,Visa,credit,Union Bank,0
100,upi,0,NA,NA,NA,0
100,upi,0,NA,NA,NA,0
100,pay later,0,NA,NA,NA,0
100,card,0,Discover,debit,Federal Bank,0
100,emi,0,Visa,debit,IDFC First,0
100,netbanking,0,NA,NA,NA,0
100,card,0,Mastercard,debit,SBI,0
100,upi,0,NA,NA,NA,0
100,upi,0,NA,NA,NA,0
100,emi,0,Mastercard,debit,Axis,0
100,upi,0,NA,NA,NA,0
100,pay later,0,NA,NA,NA,0
100,card,0,Mastercard,credit,RBL,0
100,upi,0,NA,NA,NA,0
100,netbanking,0,NA,NA,NA,0
100,upi,0,NA,NA,NA,0
100,netbanking,0,NA,NA,NA,1
100,upi,0,NA,NA,NA,0
100,pay later,0,NA,NA,NA,1
100,card,0,Mastercard,debit,IndusInd,0
100,netbanking,0,NA,NA,NA,0
100,emi,0,RuPay,credit,IndusInd,0
100,card,0,RuPay,credit,SBI,0
100,card,0,Mastercard,credit,IndusInd,0
100,upi,0,NA,NA,NA,0
100,wallet,0,NA,NA,NA,0
100,card,0,Visa,debit,HDFC,0
100,upi,0,NA,NA,NA,0
100,upi,0,NA,NA,NA,0
100,upi,0,NA,NA,NA,0
100,card,0,Mastercard,debit,SBI,0
100,emi,0,Discover,debit,HDFC,0
100,card,0,Discover,credit,IDFC First,0
100,card,0,Mastercard,credit,ICICI,0
100,card,0,RuPay,prepaid,ICICI,0
100,emi,0,Discover,credit,Federal Bank,0
100,card,0,Mastercard,credit,SBI,0
100,card,0,RuPay,debit,ICICI,0
100,upi,0,NA,NA,NA,0
100,card,0,RuPay,debit,SBI,0
100,pay later,0,NA,NA,NA,0
100,upi,0,NA,NA,NA,0
100,emi,0,Visa,debit,SBI,0
100,pay later,0,NA,NA,NA,0
100,upi,0,NA,NA,NA,0
100,upi,0,NA,NA,NA,0
100,netbanking,0,NA,NA,NA,0
100,upi,0,NA,NA,NA,0
100,upi,0,NA,NA,NA,0
100,card,0,Visa,debit,SBI,0
100,upi,0,NA,NA,NA,0
100,card,0,Visa,credit,Axis,0
100,pay later,0,NA,NA,NA,0
100,upi,0,NA,NA,NA,0
100,pay later,0,NA,NA,NA,0
100,card,0,Visa,debit,SBI,0
100,upi,0,NA,NA,NA,0
100,upi,0,NA,NA,NA,0
100,wallet,0,NA,NA,NA,0
100,wallet,0,NA,NA,NA,0
100,card,0,Mastercard,credit,Kotak Mahindra,0
100,upi,0,NA,NA,NA,0
100,upi,0,NA,NA,NA,1
100,upi,0,NA,NA,NA,0
100,pay later,0,NA,NA,NA,0
100,upi,0,NA,NA,NA,0
100,upi,0,NA,NA,NA,0
100,upi,0,NA,NA,NA,0
100,upi,0,NA,NA,NA,0
100,card,0,Mastercard,debit,SBI,0
100,pay later,0,NA,NA,NA,0
100,netbanking,0,NA,NA,NA,0
100,card,0,Mastercard,debit,ICICI,0
100,emi,0,Mastercard,credit,Union Bank,0
100,wallet,0,NA,NA,NA,0
100,emi,0,American Express,credit,ICICI,0
100,card,0,Mastercard,debit,SBI,1
100,netbanking,0,NA,NA,NA,0
100,upi,0,NA,NA,NA,0
100,card,0,Visa,credit,Yes Bank,0
100,upi,0,NA,NA,NA,0
100,card,0,RuPay,debit,Axis,0
100,card,0,Mastercard,credit,ICICI,0
100,emi,0,RuPay,credit,IndusInd,0
100,wallet,0,NA,NA,NA,0
100,netbanking,0,NA,NA,NA,0
100,emi,0,Visa,prepaid,Bank of Baroda,0
100,upi,0,NA,NA,NA,0
100,card,0,Mastercard,debit,Yes Bank,0
100,card,0,Visa,credit,Kotak Mahindra,0
100,upi,0,NA,NA,NA,0
100,upi,0,NA,NA,NA,0
100,netbanking,0,NA,NA,NA,0
100,upi,0,NA,NA,NA,0
100,pay later,0,NA,NA,NA,0
100,emi,0,Diners,credit,SBI,0
100,upi,0,NA,NA,NA,0
100,upi,0,NA,NA,NA,0
100,card,0,Mastercard,credit,Federal Bank,0
100,emi,0,Mastercard,credit,Bank of Baroda,0
100,netbanking,0,NA,NA,NA,0
100,card,0,Mastercard,debit,Punjab National Bank,0
100,upi,0,NA,NA,NA,1
100,upi,0,NA,NA,NA,1
100,upi,0,NA,NA,NA,0
100,upi,0,NA,NA,NA,0
100,card,0,American Express,debit,HDFC,0
100,netbanking,0,NA,NA,NA,0
100,upi,0,NA,NA,NA,1
100,netbanking,0,NA,NA,NA,0
100,upi,0,NA,NA,NA,0
100,wallet,0,NA,NA,NA,0
100,emi,0,Diners,debit,IndusInd,0
100,pay later,0,NA,NA,NA,0
100,card,0,Visa,credit,ICICI,0
100,upi,0,NA,NA,NA,0
100,upi,0,NA,NA,NA,0
100,upi,0,NA,NA,NA,0
100,card,0,Mastercard,prepaid,SBI,0
100,netbanking,0,NA,NA,NA,0
100,upi,0,NA,NA,NA,0
100,upi,0,NA,NA,NA,0
100,card,0,Diners,debit,ICICI,0
100,upi,0,NA,NA,NA,0
100,upi,0,NA,NA,NA,0
100,upi,0,NA,NA,NA,0
100,emi,0,Diners,debit,Kotak Mahindra,0
100,card,0,Mastercard,credit,Canara Bank,0
100,upi,0,NA,NA,NA,0
100,netbanking,0,NA,NA,NA,0
100,upi,0,NA,NA,NA,0
100,wallet,0,NA,NA,NA,0
100,card,0,Mastercard,credit,IDFC First,0
100,upi,0,NA,NA,NA,0
100,pay later,0,NA,NA,NA,1
100,emi,0,RuPay,prepaid,Axis,0
100,upi,0,NA,NA,NA,0
100,netbanking,0,NA,NA,NA,1
100,card,0,Discover,debit,Axis,0
100,upi,0,NA,NA,NA,0
100,emi,0,Visa,debit,IDFC First,0
100,upi,0,NA,NA,NA,0
100,upi,0,NA,NA,NA,0
100,card,0,RuPay,debit,IDFC First,0
100,upi,0,NA,NA,NA,0
100,netbanking,0,NA,NA,NA,1
100,pay later,0,NA,NA,NA,1
100,upi,0,NA,NA,NA,0
100,upi,0,NA,NA,NA,0
100,pay later,0,NA,NA,NA,0
100,upi,0,NA,NA,NA,0
100,card,0,Mastercard,credit,HDFC,0
100,upi,0,NA,NA,NA,0
100,card,0,RuPay,credit,SBI,0
100,card,0,Visa,credit,Axis,0
100,card,0,Visa,credit,HDFC,0
100,card,0,Mastercard,debit,IndusInd,0
100,upi,0,NA,NA,NA,0
100,card,0,RuPay,debit,Yes Bank,0
100,upi,0,NA,NA,NA,0
100,upi,0,NA,NA,NA,0
100,upi,0,NA,NA,NA,0
100,upi,0,NA,NA,NA,0
100,card,0,RuPay,credit,Axis,0
100,card,0,Mastercard,debit,Axis,0
100,card,0,Mastercard,debit,HDFC,0
100,upi,0,NA,NA,NA,0
100,netbanking,0,NA,NA,NA,0
100,upi,0,NA,NA,NA,0
100,card,0,Mastercard,credit,HDFC,0
100,upi,0,NA,NA,NA,0
100,card,0,Mastercard,debit,HDFC,0
100,wallet,0,NA,NA,NA,0
100,upi,0,NA,NA,NA,0
100,upi,0,NA,NA,NA,0
100,card,0,Discover,debit,Yes Bank,0
100,upi,0,NA,NA,NA,1
100,upi,0,NA,NA,NA,0
100,upi,0,NA,NA,NA,0
100,upi,0,NA,NA,NA,0
100,card,0,RuPay,debit,Kotak Mahindra,0
100,upi,0,NA,NA,NA,0
100,upi,0,NA,NA,NA,0
100,card,0,RuPay,credit,IndusInd,0
100,card,0,American Express,prepaid,IDFC First,0
100,upi,0,NA,NA,NA,0
100,card,0,Visa,credit,IndusInd,0
100,upi,0,NA,NA,NA,0
100,pay later,0,NA,NA,NA,0
100,emi,0,Mastercard,debit,RBL,0
100,emi,0,Discover,credit,ICICI,0
100,upi,0,NA,NA,NA,0
100,upi,0,NA,NA,NA,0
100,wallet,0,NA,NA,NA,0
100,upi,0,NA,NA,NA,0
100,upi,0,NA,NA,NA,0
100,card,0,RuPay,credit,Union Bank,0
100,upi,0,NA,NA,NA,0
100,card,0,RuPay,debit,IDFC First,0
100,netbanking,0,NA,NA,NA,0
100,wallet,0,NA,NA,NA,0
100,card,0,Visa,credit,HDFC,0
100,card,0,Mastercard,credit,SBI,0
100,upi,0,NA,NA,NA,0
100,card,0,Visa,credit,IDFC First,1
100,wallet,0,NA,NA,NA,0
100,upi,0,NA,NA,NA,0
100,card,0,Mastercard,credit,Canara Bank,0
100,netbanking,0,NA,NA,NA,0
100,card,0,Mastercard,credit,IndusInd,0
100,card,0,Mastercard,credit,Yes Bank,0
100,card,0,Discover,debit,Federal Bank,0
100,emi,0,Visa,credit,Axis,0
100,upi,0,NA,NA,NA,0
100,pay later,0,NA,NA,NA,0
100,card,0,RuPay,credit,Kotak Mahindra,0
100,card,0,RuPay,debit,Federal Bank,0
100,card,0,Visa,debit,IndusInd,0
100,netbanking,0,NA,NA,NA,0
100,upi,0,NA,NA,NA,0
100,upi,0,NA,NA,NA,0
100,card,0,RuPay,debit,IndusInd,0
100,upi,0,NA,NA,NA,0
100,upi,0,NA,NA,NA,0
100,card,0,Visa,debit,IndusInd,0
100,netbanking,0,NA,NA,NA,0
100,card,0,American Express,debit,HDFC,0
100,card,0,Mastercard,credit,SBI,0
100,upi,0,NA,NA,NA,0
100,upi,0,NA,NA,NA,0
100,upi,0,NA,NA,NA,0
100,upi,0,NA,NA,NA,0
100,upi,0,NA,NA,NA,0
100,card,0,Visa,debit,HDFC,0
100,upi,0,NA,NA,NA,0
100,upi,0,NA,NA,NA,0
100,upi,0,NA,NA,NA,0
100,upi,0,NA,NA,NA,0
100,card,0,Visa,debit,Axis,0
100,upi,0,NA,NA,NA,0
100,emi,0,Diners,credit,ICICI,0
100,emi,0,Visa,credit,Kotak Mahindra,0
100,wallet,0,NA,NA,NA,0
100,wallet,0,NA,NA,NA,0
100,emi,0,RuPay,credit,Axis,0
100,upi,0,NA,NA,NA,0
100,emi,0,RuPay,credit,ICICI,0
100,upi,0,NA,NA,NA,0
100,wallet,0,NA,NA,NA,0
100,upi,0,NA,NA,NA,0
100,upi,0,NA,NA,NA,0
100,card,0,Visa,credit,Axis,0
100,card,0,American Express,debit,SBI,0
100,pay later,0,NA,NA,NA,0
100,upi,0,NA,NA,NA,0
100,card,0,Mastercard,debit,Yes Bank,1
100,card,0,Mastercard,credit,Kotak Mahindra,0
100,upi,0,NA,NA,NA,0
100,card,0,Visa,credit,ICICI,0
100,card,0,Mastercard,debit,HDFC,0
100,netbanking,0,NA,NA,NA,0
100,upi,0,NA,NA,NA,0
100,emi,0,Mastercard,credit,Kotak Mahindra,0
100,upi,0,NA,NA,NA,0
100,upi,0,NA,NA,NA,0
100,upi,0,NA,NA,NA,0
100,wallet,0,NA,NA,NA,0
100,upi,0,NA,NA,NA,0
100,card,0,American Express,debit,Kotak Mahindra,0
100,netbanking,0,NA,NA,NA,0
100,netbanking,0,NA,NA,NA,0
100,card,0,Visa,credit,RBL,0
100,pay later,0,NA,NA,NA,0
100,upi,0,NA,NA,NA,0
100,upi,0,NA,NA,NA,0
100,netbanking,0,NA,NA,NA,0
100,emi,0,Mastercard,credit,ICICI,0
100,netbanking,0,NA,NA,NA,0
100,wallet,0,NA,NA,NA,0
100,emi,0,Mastercard,credit,SBI,0
100,card,0,Mastercard,debit,Yes Bank,0
100,upi,0,NA,NA,NA,0
100,card,0,Visa,credit,IndusInd,0
100,card,0,Mastercard,debit,ICICI,0
100,pay later,0,NA,NA,NA,1
100,upi,0,NA,NA,NA,0
100,card,0,Mastercard,debit,Axis,0
100,card,0,RuPay,credit,HDFC,0
100,wallet,0,NA,NA,NA,0
100,upi,0,NA,NA,NA,0
100,upi,0,NA,NA,NA,0
100,card,0,Visa,debit,HDFC,0
100,card,0,RuPay,debit,Kotak Mahindra,0
100,emi,0,Visa,credit,IDFC First,0
100,card,0,Visa,credit,Bank of Baroda,1
100,netbanking,0,NA,NA,NA,0
100,card,0,Mastercard,credit,Yes Bank,1
100,card,0,Visa,credit,ICICI,0
100,wallet,0,NA,NA,NA,0
100,emi,0,American Express,credit,Kotak Mahindra,0
100,upi,0,NA,NA,NA,0
100,wallet,0,NA,NA,NA,0
100,card,0,Mastercard,credit,IDFC First,0
100,upi,0,NA,NA,NA,0
100,upi,0,NA,NA,NA,0
100,upi,0,NA,NA,NA,0
100,upi,0,NA,NA,NA,0
100,pay later,0,NA,NA,NA,1
100,upi,0,NA,NA,NA,0
100,netbanking,0,NA,NA,NA,0
100,upi,0,NA,NA,NA,0
100,upi,0,NA,NA,NA,0
100,upi,0,NA,NA,NA,0
100,upi,0,NA,NA,NA,0
100,card,0,Visa,credit,Canara Bank,0
100,netbanking,0,NA,NA,NA,0
100,card,0,Discover,credit,Axis,0
100,upi,0,NA,NA,NA,0
100,card,0,Discover,credit,Axis,0
100,card,0,Mastercard,debit,IndusInd,0
100,upi,0,NA,NA,NA,0
100,netbanking,0,NA,NA,NA,0
100,wallet,0,NA,NA,NA,0
100,netbanking,0,NA,NA,NA,0
100,card,0,Visa,debit,IDFC First,0
100,netbanking,0,NA,NA,NA,0
100,card,0,RuPay,credit,SBI,1
100,pay later,0,NA,NA,NA,0
100,upi,0,NA,NA,NA,0
100,upi,0,NA,NA,NA,0
100,card,0,Visa,credit,ICICI,0
100,wallet,0,NA,NA,NA,0
100,upi,0,NA,NA,NA,0
100,wallet,0,NA,NA,NA,0
100,card,0,RuPay,debit,Yes Bank,0
100,pay later,0,NA,NA,NA,0
100,upi,0,NA,NA,NA,0
100,upi,0,NA,NA,NA,0
100,wallet,0,NA,NA,NA,0
100,upi,0,NA,NA,NA,1
100,card,0,RuPay,credit,Axis,0
100,card,0,Mastercard,prepaid,Kotak Mahindra,1
100,netbanking,0,NA,NA,NA,0
100,card,0,Mastercard,credit,HDFC,0
100,upi,0,NA,NA,NA,0
100,netbanking,0,NA,NA,NA,0
100,card,0,Visa,debit,Yes Bank,0
100,upi,0,NA,NA,NA,0
100,upi,0,NA,NA,NA,0
100,wallet,0,NA,NA,NA,0
100,upi,0,NA,NA,NA,0
100,pay later,0,NA,NA,NA,0
100,upi,0,NA,NA,NA,0
100,emi,0,Mastercard,debit,HDFC,0
100,upi,0,NA,NA,NA,0
100,emi,0,Mastercard,debit,SBI,0
100,upi,0,NA,NA,NA,0
100,card,0,RuPay,debit,Axis,1
100,card,0,Visa,credit,HDFC,0
100,upi,0,NA,NA,NA,0
100,upi,0,NA,NA,NA,1
100,card,0,Visa,debit,HDFC,0
100,upi,0,NA,NA,NA,0
100,wallet,0,NA,NA,NA,0
100,wallet,0,NA,NA,NA,0
100,netbanking,0,NA,NA,NA,0
100,card,0,Mastercard,credit,Kotak Mahindra,0
100,card,0,RuPay,debit,Axis,0
100,wallet,0,NA,NA,NA,0
100,netbanking,0,NA,NA,NA,0
100,card,0,Mastercard,credit,ICICI,0
100,emi,0,Mastercard,debit,IndusInd,0
100,upi,0,NA,NA,NA,0
100,card,0,Mastercard,credit,ICICI,0
100,upi,0,NA,NA,NA,0
100,upi,0,NA,NA,NA,0
100,upi,0,NA,NA,NA,0
100,upi,0,NA,NA,NA,1
100,upi,0,NA,NA,NA,0
100,wallet,0,NA,NA,NA,0
100,card,0,RuPay,debit,IndusInd,0
100,netbanking,0,NA,NA,NA,0
100,pay later,0,NA,NA,NA,0
100,netbanking,0,NA,NA,NA,0
100,netbanking,0,NA,NA,NA,0
100,upi,0,NA,NA,NA,0
100,card,0,Mastercard,debit,ICICI,0
100,card,0,Visa,credit,HDFC,0
100,wallet,0,NA,NA,NA,0
100,upi,0,NA,NA,NA,0
100,upi,0,NA,NA,NA,0
100,upi,0,NA,NA,NA,0
100,card,0,Visa,debit,IndusInd,0
100,upi,0,NA,NA,NA,0
100,upi,0,NA,NA,NA,0
100,upi,0,NA,NA,NA,0
100,card,0,Mastercard,credit,Union Bank,0
100,netbanking,0,NA,NA,NA,0
100,card,0,Mastercard,debit,HDFC,0
100,card,0,Visa,debit,HDFC,0
100,card,0,Visa,credit,SBI,1
100,emi,0,Mastercard,prepaid,Canara Bank,0
100,upi,0,NA,NA,NA,0
100,upi,0,NA,NA,NA,0
100,card,0,Visa,credit,Kotak Mahindra,0
100,card,0,Mastercard,credit,HDFC,0
100,netbanking,0,NA,NA,NA,0
100,card,0,RuPay,debit,SBI,0
100,card,0,Visa,credit,Axis,0
100,card,0,RuPay,debit,HDFC,0
100,netbanking,0,NA,NA,NA,0
100,upi,0,NA,NA,NA,0
100,card,0,Visa,prepaid,ICICI,0
100,pay later,0,NA,NA,NA,0
100,card,0,Discover,credit,Axis,0
100,wallet,0,NA,NA,NA,0
100,emi,0,Visa,credit,Punjab National Bank,0
100,pay later,0,NA,NA,NA,0
100,card,0,Visa,debit,ICICI,0
100,wallet,0,NA,NA,NA,0
100,card,0,RuPay,credit,Axis,0
100,upi,0,NA,NA,NA,0
100,card,0,Mastercard,debit,Bank of Baroda,0
100,netbanking,0,NA,NA,NA,0
100,emi,0,Mastercard,credit,IndusInd,1
100,upi,0,NA,NA,NA,0
100,card,0,Mastercard,credit,Kotak Mahindra,0
100,card,0,Mastercard,debit,Axis,0
100,upi,0,NA,NA,NA,0
100,card,0,Mastercard,credit,SBI,0
100,card,0,RuPay,debit,HDFC,0
100,wallet,0,NA,NA,NA,0
100,card,0,Discover,debit,Punjab National Bank,0
100,upi,0,NA,NA,NA,0
100,card,0,Mastercard,debit,IndusInd,0
100,pay later,0,NA,NA,NA,0
100,card,0,RuPay,credit,Punjab National Bank,0
100,wallet,0,NA,NA,NA,0
100,upi,0,NA,NA,NA,0
100,upi,0,NA,NA,NA,1
100,upi,0,NA,NA,NA,0
100,card,0,Visa,debit,IndusInd,1
100,emi,0,Mastercard,debit,IndusInd,0
100,card,0,Mastercard,credit,Bank of Baroda,0
100,upi,0,NA,NA,NA,0
100,upi,0,NA,NA,NA,1
100,netbanking,0,NA,NA,NA,0
100,upi,0,NA,NA,NA,0
100,netbanking,0,NA,NA,NA,0
100,card,0,Visa,debit,SBI,0
100,upi,0,NA,NA,NA,0
100,upi,0,NA,NA,NA,0
100,emi,0,Mastercard,credit,SBI,0
100,card,0,RuPay,credit,HDFC,0
100,emi,0,Mastercard,credit,Union Bank,0
100,pay later,0,NA,NA,NA,0
100,wallet,0,NA,NA,NA,0
100,wallet,0,NA,NA,NA,0
100,card,0,Visa,debit,Axis,0
100,card,0,RuPay,credit,SBI,0
100,card,0,Mastercard,credit,Kotak Mahindra,0
100,upi,0,NA,NA,NA,0
100,emi,0,RuPay,credit,SBI,0
100,netbanking,0,NA,NA,NA,0
100,upi,0,NA,NA,NA,0
100,netbanking,0,NA,NA,NA,0
100,card,0,Diners,credit,Union Bank,0
100,emi,0,Mastercard,credit,RBL,0
100,card,0,Mastercard,debit,IDFC First,0
100,upi,0,NA,NA,NA,0
100,card,0,Diners,debit,HDFC,0
100,upi,0,NA,NA,NA,0
100,netbanking,0,NA,NA,NA,0
100,wallet,0,NA,NA,NA,0
100,upi,0,NA,NA,NA,0
100,pay later,0,NA,NA,NA,0
100,upi,0,NA,NA,NA,0
100,card,0,Visa,debit,IDFC First,0
100,card,0,Mastercard,prepaid,Axis,0
100,card,0,RuPay,credit,HDFC,0
100,card,0,Visa,debit,Axis,0
100,card,0,Mastercard,credit,HDFC,0
100,pay later,0,NA,NA,NA,1
100,emi,0,Visa,credit,Kotak Mahindra,0
100,emi,0,Visa,credit,HDFC,0
100,card,0,RuPay,credit,HDFC,0
100,card,0,Visa,debit,Bank of Baroda,0
100,card,0,Mastercard,credit,HDFC,0
100,pay later,0,NA,NA,NA,0
100,wallet,0,NA,NA,NA,0
100,upi,0,NA,NA,NA,0
100,card,0,Discover,credit,ICICI,0
100,card,0,Discover,debit,HDFC,0
100,upi,0,NA,NA,NA,0
100,emi,0,Mastercard,credit,HDFC,0
100,upi,0,NA,NA,NA,0
100,card,0,Mastercard,credit,Bank of Baroda,0
100,pay later,0,NA,NA,NA,0
100,netbanking,0,NA,NA,NA,0
100,wallet,0,NA,NA,NA,0
100,upi,0,NA,NA,NA,0
100,upi,0,NA,NA,NA,0
100,upi,0,NA,NA,NA,0
100,card,0,Mastercard,credit,HDFC,0
100,upi,0,NA,NA,NA,0
100,card,0,Mastercard,debit,Axis,0
100,upi,0,NA,NA,NA,0
100,netbanking,0,NA,NA,NA,1
100,upi,0,NA,NA,NA,0
100,card,0,Mastercard,debit,Axis,0
100,wallet,0,NA,NA,NA,0
100,upi,0,NA,NA,NA,0
100,pay later,0,NA,NA,NA,0
100,upi,0,NA,NA,NA,0
100,card,0,Visa,debit,Axis,0
100,netbanking,0,NA,NA,NA,0
100,upi,0,NA,NA,NA,0
100,card,0,Visa,credit,Federal Bank,0
100,upi,0,NA,NA,NA,0
100,emi,0,Mastercard,credit,ICICI,0
100,netbanking,0,NA,NA,NA,0
100,card,0,Visa,credit,Federal Bank,0
100,card,0,RuPay,prepaid,HDFC,0
100,emi,0,Diners,credit,Kotak Mahindra,1
100,card,0,RuPay,debit,Kotak Mahindra,0
100,card,0,Visa,debit,Axis,0
100,netbanking,0,NA,NA,NA,1
100,card,0,Visa,credit,Axis,0
100,upi,0,NA,NA,NA,0
100,emi,0,Mastercard,prepaid,IndusInd,0
100,wallet,0,NA,NA,NA,0
100,emi,0,Mastercard,credit,ICICI,0
100,card,0,RuPay,credit,RBL,0
100,card,0,RuPay,debit,HDFC,0
100,wallet,0,NA,NA,NA,0
100,upi,0,NA,NA,NA,0
100,card,0,Visa,credit,Yes Bank,0
100,card,0,Discover,debit,HDFC,0
100,card,0,Mastercard,debit,HDFC,0
100,netbanking,0,NA,NA,NA,0
100,emi,0,Mastercard,credit,Canara Bank,0
100,upi,0,NA,NA,NA,0
100,emi,0,Mastercard,debit,SBI,0
100,upi,0,NA,NA,NA,0
100,wallet,0,NA,NA,NA,0
100,upi,0,NA,NA,NA,0
100,upi,0,NA,NA,NA,0
100,upi,0,NA,NA,NA,0
100,card,0,American Express,credit,Axis,0
100,pay later,0,NA,NA,NA,1
100,upi,0,NA,NA,NA,0
100,upi,0,NA,NA,NA,0
100,upi,0,NA,NA,NA,0
100,emi,0,Visa,credit,Axis,0
100,pay later,0,NA,NA,NA,0
100,upi,0,NA,NA,NA,0
100,upi,0,NA,NA,NA,0
100,netbanking,0,NA,NA,NA,0
100,card,0,Mastercard,credit,IDFC First,0
100,card,0,Visa,credit,Kotak Mahindra,0
100,upi,0,NA,NA,NA,0
100,pay later,0,NA,NA,NA,0
100,upi,0,NA,NA,NA,0
100,upi,0,NA,NA,NA,0
100,upi,0,NA,NA,NA,1
100,upi,0,NA,NA,NA,0
100,card,0,Visa,prepaid,Axis,0
100,netbanking,0,NA,NA,NA,0
100,card,0,Visa,debit,HDFC,0
100,pay later,0,NA,NA,NA,0
100,card,0,Visa,debit,HDFC,0
100,upi,0,NA,NA,NA,0
100,wallet,0,NA,NA,NA,0
100,upi,0,NA,NA,NA,0
100,upi,0,NA,NA,NA,0
100,wallet,0,NA,NA,NA,0
100,wallet,0,NA,NA,NA,0
100,wallet,0,NA,NA,NA,0
100,wallet,0,NA,NA,NA,1
100,emi,0,Visa,credit,Axis,0
100,pay later,0,NA,NA,NA,0
100,netbanking,0,NA,NA,NA,0
100,netbanking,0,NA,NA,NA,0
100,pay later,0,NA,NA,NA,1
100,emi,0,Mastercard,debit,IndusInd,0
100,emi,0,Visa,credit,IDFC First,0
100,card,0,Mastercard,debit,ICICI,0
100,pay later,0,NA,NA,NA,0
100,netbanking,0,NA,NA,NA,0
100,emi,0,Visa,debit,Axis,1
100,netbanking,0,NA,NA,NA,0
100,upi,0,NA,NA,NA,0
100,netbanking,0,NA,NA,NA,0
100,upi,0,NA,NA,NA,0
100,card,0,Visa,prepaid,ICICI,0
100,card,0,Visa,debit,SBI,0
100,wallet,0,NA,NA,NA,0
100,upi,0,NA,NA,NA,0
100,wallet,0,NA,NA,NA,0
100,upi,0,NA,NA,NA,0
100,card,0,Visa,credit,Bank of Baroda,0
100,card,0,Visa,debit,Axis,0
100,card,0,Visa,prepaid,SBI,1
100,upi,0,NA,NA,NA,0
100,card,0,Visa,debit,ICICI,0
100,card,0,Mastercard,debit,Canara Bank,0
100,card,0,Visa,debit,SBI,0
100,wallet,0,NA,NA,NA,0
100,card,0,Mastercard,debit,SBI,0
100,upi,0,NA,NA,NA,0
100,upi,0,NA,NA,NA,0
100,card,0,Diners,credit,Axis,0
100,upi,0,NA,NA,NA,0
100,emi,0,Visa,debit,Indian Bank,0
100,card,0,Visa,credit,RBL,0
100,upi,0,NA,NA,NA,0
100,card,0,Diners,credit,Canara Bank,0
100,upi,0,NA,NA,NA,0
100,emi,0,Visa,credit,ICICI,0
100,pay later,0,NA,NA,NA,0
100,netbanking,0,NA,NA,NA,0
100,upi,0,NA,NA,NA,0
100,netbanking,0,NA,NA,NA,0
100,upi,0,NA,NA,NA,0
100,wallet,0,NA,NA,NA,0
100,netbanking,0,NA,NA,NA,0
100,upi,0,NA,NA,NA,0
100,upi,0,NA,NA,NA,0
100,upi,0,NA,NA,NA,0
100,card,0,Mastercard,credit,ICICI,0
100,wallet,0,NA,NA,NA,0
100,card,0,Mastercard,credit,Kotak Mahindra,0
100,upi,0,NA,NA,NA,1
100,pay later,0,NA,NA,NA,0
100,card,0,Mastercard,debit,HDFC,0
100,card,0,Discover,debit,Federal Bank,0
100,pay later,0,NA,NA,NA,0
100,upi,0,NA,NA,NA,0
100,card,0,Visa,credit,ICICI,0
100,card,0,Visa,debit,Axis,0
100,upi,0,NA,NA,NA,0
100,card,0,Visa,debit,IndusInd,0
100,wallet,0,NA,NA,NA,0
100,netbanking,0,NA,NA,NA,0
100,card,0,Visa,credit,Yes Bank,0
100,wallet,0,NA,NA,NA,0
100,netbanking,0,NA,NA,NA,1
100,emi,0,RuPay,debit,ICICI,0
100,upi,0,NA,NA,NA,0
100,card,0,Visa,credit,SBI,1
100,upi,0,NA,NA,NA,0
100,wallet,0,NA,NA,NA,0
100,card,0,Visa,debit,SBI,0
100,netbanking,0,NA,NA,NA,0
100,netbanking,0,NA,NA,NA,0
100,upi,0,NA,NA,NA,0
100,card,0,Visa,prepaid,RBL,0
100,card,0,American Express,credit,SBI,0
100,card,0,Mastercard,credit,ICICI,0
100,netbanking,0,NA,NA,NA,0
100,wallet,0,NA,NA,NA,1
100,upi,0,NA,NA,NA,0
100,emi,0,Diners,debit,HDFC,0
100,upi,0,NA,NA,NA,0
100,upi,0,NA,NA,NA,0
100,upi,0,NA,NA,NA,0
100,card,0,Mastercard,credit,IndusInd,1
100,card,0,RuPay,debit,HDFC,0
100,card,0,RuPay,debit,IndusInd,0
100,card,0,Visa,credit,ICICI,0
100,card,0,Mastercard,debit,SBI,0
100,emi,0,Mastercard,credit,SBI,0
100,card,0,Mastercard,debit,ICICI,0
100,wallet,0,NA,NA,NA,0
100,upi,0,NA,NA,NA,0
100,card,0,Mastercard,credit,Bank of Baroda,0
100,pay later,0,NA,NA,NA,0
100,netbanking,0,NA,NA,NA,1
100,netbanking,0,NA,NA,NA,0
100,netbanking,0,NA,NA,NA,0
100,card,0,Mastercard,credit,SBI,0
100,card,0,Visa,credit,IndusInd,1
100,upi,0,NA,NA,NA,0
100,wallet,0,NA,NA,NA,0
100,card,0,Mastercard,credit,HDFC,0
100,upi,0,NA,NA,NA,0
100,upi,0,NA,NA,NA,0
100,netbanking,0,NA,NA,NA,0
100,upi,0,NA,NA,NA,0
100,upi,0,NA,NA,NA,0
100,card,0,RuPay,debit,Federal Bank,0
100,wallet,0,NA,NA,NA,0
100,upi,0,NA,NA,NA,0
100,upi,0,NA,NA,NA,0
100,emi,0,Discover,credit,HDFC,0
100,upi,0,NA,NA,NA,0
100,emi,0,Discover,credit,HDFC,0
100,upi,0,NA,NA,NA,0
100,card,0,Visa,credit,Kotak Mahindra,0
100,upi,0,NA,NA,NA,0
100,upi,0,NA,NA,NA,0
100,upi,0,NA,NA,NA,1
100,netbanking,0,NA,NA,NA,1
100,netbanking,0,NA,NA,NA,0
100,card,0,Visa,credit,SBI,0
100,emi,0,RuPay,credit,Axis,0
100,upi,0,NA,NA,NA,0
100,card,0,Visa,credit,ICICI,0
100,card,0,Visa,credit,SBI,0
100,upi,0,NA,NA,NA,0
100,upi,0,NA,NA,NA,0
100,netbanking,0,NA,NA,NA,0
100,card,0,Mastercard,debit,Federal Bank,0
100,netbanking,0,NA,NA,NA,0
100,card,0,Mastercard,credit,Kotak Mahindra,0
100,upi,0,NA,NA,NA,0
100,card,0,Mastercard,debit,Canara Bank,0
100,upi,0,NA,NA,NA,0
100,pay later,0,NA,NA,NA,0
100,upi,0,NA,NA,NA,0
100,upi,0,NA,NA,NA,0
100,card,0,Visa,debit,Kotak Mahindra,0
100,card,0,American Express,credit,IndusInd,0
100,netbanking,0,NA,NA,NA,0
100,upi,0,NA,NA,NA,0
100,upi,0,NA,NA,NA,0
100,emi,0,Mastercard,debit,Axis,0
100,upi,0,NA,NA,NA,0
100,upi,0,NA,NA,NA,0
100,upi,0,NA,NA,NA,0
100,emi,0,Visa,debit,HDFC,0
100,card,0,Diners,credit,Punjab National Bank,1
100,card,0,RuPay,debit,Axis,0
100,upi,0,NA,NA,NA,0
100,upi,0,NA,NA,NA,0
100,netbanking,0,NA,NA,NA,0
100,upi,0,NA,NA,NA,0
100,card,0,American Express,credit,Axis,0
100,upi,0,NA,NA,NA,0
100,upi,0,NA,NA,NA,0
100,upi,0,NA,NA,NA,0
100,upi,0,NA,NA,NA,0
100,upi,0,NA,NA,NA,1
100,upi,0,NA,NA,NA,0
100,netbanking,0,NA,NA,NA,0
100,card,0,Visa,credit,Canara Bank,0
100,upi,0,NA,NA,NA,0
100,pay later,0,NA,NA,NA,0
100,netbanking,0,NA,NA,NA,0
100,card,0,American Express,credit,IndusInd,0
100,upi,0,NA,NA,NA,0
100,card,0,American Express,credit,Federal Bank,0
100,upi,0,NA,NA,NA,0
100,upi,0,NA,NA,NA,0
100,emi,0,RuPay,debit,SBI,1
100,pay later,0,NA,NA,NA,0
100,emi,0,Visa,credit,Bank of Baroda,0
100,wallet,0,NA,NA,NA,0
100,wallet,0,NA,NA,NA,0
100,upi,0,NA,NA,NA,0
100,card,0,Mastercard,credit,HDFC,0
100,upi,0,NA,NA,NA,0
100,emi,0,Visa,credit,Axis,0
100,netbanking,0,NA,NA,NA,0
100,pay later,0,NA,NA,NA,0
100,card,0,RuPay,credit,Axis,0
100,netbanking,0,NA,NA,NA,0
100,card,0,Diners,credit,Axis,0
100,card,0,Visa,credit,Federal Bank,0
100,upi,0,NA,NA,NA,0
100,card,0,Visa,credit,HDFC,0
100,upi,0,NA,NA,NA,0
100,card,0,Visa,credit,IndusInd,0
100,emi,0,Visa,credit,IDFC First,0
100,card,0,Mastercard,credit,Axis,0
100,upi,0,NA,NA,NA,0
100,netbanking,0,NA,NA,NA,0
100,card,0,Visa,credit,Canara Bank,0
100,card,0,Mastercard,credit,IndusInd,1
100,card,0,Visa,debit,RBL,0
100,upi,0,NA,NA,NA,0
100,upi,0,NA,NA,NA,0
100,card,0,Visa,debit,RBL,0
100,netbanking,0,NA,NA,NA,0
100,upi,0,NA,NA,NA,0
100,upi,0,NA,NA,NA,0
100,upi,0,NA,NA,NA,0
100,upi,0,NA,NA,NA,0
100,upi,0,NA,NA,NA,0
100,pay later,0,NA,NA,NA,0
100,card,0,Visa,credit,Axis,0
100,pay later,0,NA,NA,NA,0
100,upi,0,NA,NA,NA,0
100,card,0,Visa,debit,HDFC,0
100,netbanking,0,NA,NA,NA,1
100,wallet,0,NA,NA,NA,0
100,card,0,RuPay,debit,HDFC,0
100,card,0,Diners,debit,Yes Bank,0
100,card,0,RuPay,credit,ICICI,0
100,card,0,Discover,debit,Axis,0
100,card,0,Visa,credit,Punjab National Bank,0
100,wallet,0,NA,NA,NA,0
100,upi,0,NA,NA,NA,0
100,netbanking,0,NA,NA,NA,0
100,wallet,0,NA,NA,NA,0
100,wallet,0,NA,NA,NA,0
100,upi,0,NA,NA,NA,0
100,emi,0,Visa,credit,Kotak Mahindra,0
100,card,0,Mastercard,credit,HDFC,0
100,emi,0,Mastercard,credit,Axis,0
100,upi,0,NA,NA,NA,0
100,netbanking,0,NA,NA,NA,0
100,pay later,0,NA,NA,NA,0
100,wallet,0,NA,NA,NA,0
100,upi,0,NA,NA,NA,0
100,emi,0,Visa,credit,Punjab National Bank,0
100,emi,0,RuPay,debit,Axis,0
100,card,0,Mastercard,credit,RBL,0
100,card,0,Visa,debit,HDFC,0
100,upi,0,NA,NA,NA,0
100,upi,0,NA,NA,NA,0
100,card,0,Mastercard,debit,Kotak Mahindra,0
100,upi,0,NA,NA,NA,0
100,emi,0,American Express,credit,SBI,0
100,upi,0,NA,NA,NA,0
100,wallet,0,NA,NA,NA,0
100,upi,0,NA,NA,NA,0
100,card,0,Mastercard,credit,Axis,0
100,upi,0,NA,NA,NA,0
100,emi,0,RuPay,credit,IndusInd,0
100,upi,0,NA,NA,NA,0
100,upi,0,NA,NA,NA,0
100,wallet,0,NA,NA,NA,0
100,wallet,0,NA,NA,NA,0
100,card,0,Mastercard,debit,Kotak Mahindra,0
100,card,0,Mastercard,debit,Canara Bank,0
100,card,0,American Express,debit,Axis,0
100,upi,0,NA,NA,NA,0
100,card,0,Visa,credit,SBI,0
100,upi,0,NA,NA,NA,0
100,card,0,Mastercard,debit,Kotak Mahindra,0
100,upi,0,NA,NA,NA,0
100,card,0,Mastercard,credit,Axis,0
100,netbanking,0,NA,NA,NA,0
100,upi,0,NA,NA,NA,0
100,netbanking,0,NA,NA,NA,0
100,upi,0,NA,NA,NA,0
100,card,0,Visa,debit,Axis,0
100,netbanking,0,NA,NA,NA,0
100,wallet,0,NA,NA,NA,0
100,upi,0,NA,NA,NA,0
100,pay later,0,NA,NA,NA,0
100,pay later,0,NA,NA,NA,0
100,card,0,Mastercard,credit,SBI,0
100,card,0,Mastercard,credit,SBI,0
100,wallet,0,NA,NA,NA,1
100,card,0,Visa,debit,Canara Bank,0
100,upi,0,NA,NA,NA,0
100,upi,0,NA,NA,NA,0
100,emi,0,Visa,credit,Federal Bank,0
100,card,0,Visa,credit,SBI,0
100,upi,0,NA,NA,NA,0
100,card,0,Mastercard,credit,Canara Bank,0
100,card,0,Mastercard,credit,HDFC,1
100,netbanking,0,NA,NA,NA,0
100,card,0,Visa,credit,Canara Bank,0
100,card,0,RuPay,debit,Kotak Mahindra,0
100,card,0,Mastercard,debit,Kotak Mahindra,0
100,netbanking,0,NA,NA,NA,1
100,upi,0,NA,NA,NA,0
100,upi,0,NA,NA,NA,0
100,upi,0,NA,NA,NA,0
100,upi,0,NA,NA,NA,0
100,netbanking,0,NA,NA,NA,0
100,netbanking,0,NA,NA,NA,1
100,upi,0,NA,NA,NA,1
100,card,0,Mastercard,debit,Yes Bank,0
100,pay later,0,NA,NA,NA,0
100,card,0,American Express,credit,ICICI,0
100,upi,0,NA,NA,NA,0
100,card,0,Discover,credit,Kotak Mahindra,0
100,upi,0,NA,NA,NA,0
100,upi,0,NA,NA,NA,0
100,upi,0,NA,NA,NA,0
100,card,0,Mastercard,credit,Kotak Mahindra,0
100,upi,0,NA,NA,NA,0
100,emi,0,RuPay,debit,SBI,0
100,card,0,American Express,debit,Kotak Mahindra,0
100,netbanking,0,NA,NA,NA,0
100,card,0,Visa,credit,HDFC,0
100,emi,0,Mastercard,credit,ICICI,0
100,card,0,American Express,debit,Axis,0
100,card,0,Mastercard,credit,ICICI,1
100,emi,0,Mastercard,debit,Kotak Mahindra,0
100,pay later,0,NA,NA,NA,0
100,upi,0,NA,NA,NA,0
100,wallet,0,NA,NA,NA,1
100,card,0,Visa,credit,SBI,0
100,upi,0,NA,NA,NA,0
100,upi,0,NA,NA,NA,0
100,upi,0,NA,NA,NA,0
100,pay later,0,NA,NA,NA,0
100,upi,0,NA,NA,NA,0
100,card,0,RuPay,debit,Bank of Baroda,0
100,upi,0,NA,NA,NA,0
100,upi,0,NA,NA,NA,0
100,upi,0,NA,NA,NA,0
100,wallet,0,NA,NA,NA,0
100,card,0,Visa,credit,Axis,0
100,emi,0,Discover,debit,HDFC,0
100,card,0,RuPay,debit,Axis,0
100,card,0,Mastercard,credit,Yes Bank,0
100,upi,0,NA,NA,NA,0
100,pay later,0,NA,NA,NA,0
100,upi,0,NA,NA,NA,0
100,card,0,American Express,credit,Axis,1
100,upi,0,NA,NA,NA,0
100,upi,0,NA,NA,NA,0
100,upi,0,NA,NA,NA,0
100,card,0,American Express,credit,SBI,0
100,upi,0,NA,NA,NA,0
100,upi,0,NA,NA,NA,0
100,card,0,Visa,debit,Axis,0
100,netbanking,0,NA,NA,NA,0
100,upi,0,NA,NA,NA,1
100,card,0,American Express,debit,Punjab National Bank,0
100,emi,0,Mastercard,debit,ICICI,0
100,upi,0,NA,NA,NA,0
100,netbanking,0,NA,NA,NA,0
100,upi,0,NA,NA,NA,0
100,upi,0,NA,NA,NA,0
100,card,0,Diners,credit,Kotak Mahindra,0
100,emi,0,Mastercard,credit,HDFC,0
100,card,0,RuPay,credit,HDFC,0
100,upi,0,NA,NA,NA,0
100,upi,0,NA,NA,NA,0
100,upi,0,NA,NA,NA,0
100,card,0,Visa,debit,ICICI,0
100,card,0,RuPay,credit,Yes Bank,0
100,netbanking,0,NA,NA,NA,0
100,upi,0,NA,NA,NA,0
100,wallet,0,NA,NA,NA,0
100,netbanking,0,NA,NA,NA,1
100,upi,0,NA,NA,NA,0
100,card,0,Visa,credit,IndusInd,0
100,card,0,RuPay,credit,ICICI,0
100,wallet,0,NA,NA,NA,0
100,card,0,American Express,debit,Axis,0
100,upi,0,NA,NA,NA,0
100,card,0,Visa,debit,SBI,0
100,upi,0,NA,NA,NA,0
100,wallet,0,NA,NA,NA,0
100,card,0,Mastercard,debit,HDFC,0
100,netbanking,0,NA,NA,NA,0
100,upi,0,NA,NA,NA,0
100,upi,0,NA,NA,NA,0
100,upi,0,NA,NA,NA,0
100,netbanking,0,NA,NA,NA,0
100,upi,0,NA,NA,NA,0
100,emi,0,Diners,debit,ICICI,1
100,wallet,0,NA,NA,NA,0
100,upi,0,NA,NA,NA,0
100,pay later,0,NA,NA,NA,1
100,pay later,0,NA,NA,NA,0
100,upi,0,NA,NA,NA,0
100,card,0,RuPay,prepaid,SBI,0
100,upi,0,NA,NA,NA,0
100,card,0,RuPay,prepaid,Yes Bank,0
100,upi,0,NA,NA,NA,0
100,card,0,Visa,credit,SBI,0
100,emi,0,Visa,credit,Federal Bank,0
100,card,0,RuPay,credit,ICICI,0
100,upi,0,NA,NA,NA,0
100,upi,0,NA,NA,NA,0
100,upi,0,NA,NA,NA,0
100,emi,0,Mastercard,credit,Axis,0
100,upi,0,NA,NA,NA,0
100,card,0,RuPay,prepaid,Kotak Mahindra,0
100,card,0,Visa,prepaid,RBL,0
100,pay later,0,NA,NA,NA,1
100,pay later,0,NA,NA,NA,0
100,card,0,Visa,debit,ICICI,0
100,upi,0,NA,NA,NA,0
100,upi,0,NA,NA,NA,0
100,wallet,0,NA,NA,NA,0
100,upi,0,NA,NA,NA,0
100,card,0,Discover,debit,RBL,0
100,upi,0,NA,NA,NA,0
100,upi,0,NA,NA,NA,0
100,card,0,Visa,debit,HDFC,0
100,upi,0,NA,NA,NA,0
100,emi,0,American Express,debit,SBI,0
100,card,0,Visa,credit,SBI,0
100,card,0,RuPay,credit,Yes Bank,0
100,upi,0,NA,NA,NA,0
100,wallet,0,NA,NA,NA,0
100,card,0,RuPay,credit,HDFC,0
100,wallet,0,NA,NA,NA,0
100,card,0,Visa,credit,SBI,0
100,upi,0,NA,NA,NA,0
100,upi,0,NA,NA,NA,0
100,emi,0,RuPay,debit,Indian Bank,0
100,card,0,RuPay,prepaid,ICICI,0
100,upi,0,NA,NA,NA,0
100,upi,0,NA,NA,NA,0
100,emi,0,RuPay,credit,Axis,0
100,upi,0,NA,NA,NA,0
100,netbanking,0,NA,NA,NA,0
100,card,0,Visa,credit,HDFC,0
100,netbanking,0,NA,NA,NA,0
100,emi,0,RuPay,credit,SBI,0
100,netbanking,0,NA,NA,NA,0
100,upi,0,NA,NA,NA,0
100,pay later,0,NA,NA,NA,0
100,card,0,Mastercard,credit,SBI,0
100,card,0,Visa,prepaid,Canara Bank,0
100,card,0,Mastercard,credit,Kotak Mahindra,0
100,netbanking,0,NA,NA,NA,0
100,card,0,Diners,credit,Axis,0
100,upi,0,NA,NA,NA,0
100,upi,0,NA,NA,NA,0
100,card,0,Visa,credit,IDFC First,0
100,emi,0,Mastercard,debit,Punjab National Bank,0
100,upi,0,NA,NA,NA,0
100,upi,0,NA,NA,NA,0
100,card,0,Mastercard,debit,SBI,0
100,upi,0,NA,NA,NA,0
100,upi,0,NA,NA,NA,0
100,upi,0,NA,NA,NA,0
100,upi,0,NA,NA,NA,0
100,netbanking,0,NA,NA,NA,0
100,card,0,Mastercard,prepaid,ICICI,0
100,upi,0,NA,NA,NA,1
100,card,0,Mastercard,debit,Canara Bank,0
100,card,0,Visa,credit,ICICI,0
100,upi,0,NA,NA,NA,0
100,wallet,0,NA,NA,NA,0
100,upi,0,NA,NA,NA,0
100,pay later,0,NA,NA,NA,0
100,netbanking,0,NA,NA,NA,1
100,card,0,RuPay,prepaid,Axis,0
100,upi,0,NA,NA,NA,0
100,card,0,Discover,credit,ICICI,0
100,card,0,Visa,credit,IDFC First,0
100,netbanking,0,NA,NA,NA,0
100,wallet,0,NA,NA,NA,0
100,upi,0,NA,NA,NA,0
100,upi,0,NA,NA,NA,0
100,upi,0,NA,NA,NA,0
100,card,0,RuPay,credit,IndusInd,0
100,upi,0,NA,NA,NA,0
100,upi,0,NA,NA,NA,0
100,card,0,Mastercard,debit,Yes Bank,0
100,wallet,0,NA,NA,NA,0
100,netbanking,0,NA,NA,NA,0
100,pay later,0,NA,NA,NA,0
100,upi,0,NA,NA,NA,0
100,card,0,Visa,credit,Axis,0
100,emi,0,RuPay,credit,HDFC,0
100,emi,0,Diners,credit,HDFC,0
100,wallet,0,NA,NA,NA,0
100,upi,0,NA,NA,NA,0
100,upi,0,NA,NA,NA,0
100,upi,0,NA,NA,NA,0
100,upi,0,NA,NA,NA,1
100,upi,0,NA,NA,NA,0
100,upi,0,NA,NA,NA,0
100,emi,0,Visa,credit,ICICI,1
100,card,0,Visa,credit,Axis,0
100,upi,0,NA,NA,NA,0
100,card,0,Discover,debit,Punjab National Bank,0
100,upi,0,NA,NA,NA,0
100,upi,0,NA,NA,NA,0
100,netbanking,0,NA,NA,NA,0
100,upi,0,NA,NA,NA,0
100,upi,0,NA,NA,NA,0
100,card,0,Mastercard,credit,RBL,0
100,card,0,Visa,credit,Punjab National Bank,0
100,emi,0,Visa,credit,SBI,0
100,pay later,0,NA,NA,NA,0
100,netbanking,0,NA,NA,NA,0
100,netbanking,0,NA,NA,NA,0
100,upi,0,NA,NA,NA,0
100,card,0,Mastercard,debit,SBI,0
100,emi,0,RuPay,credit,SBI,1
100,upi,0,NA,NA,NA,0
100,netbanking,0,NA,NA,NA,0
100,card,0,RuPay,credit,Axis,1
100,upi,0,NA,NA,NA,0
100,upi,0,NA,NA,NA,0
100,netbanking,0,NA,NA,NA,0
100,netbanking,0,NA,NA,NA,0
100,upi,0,NA,NA,NA,0
100,upi,0,NA,NA,NA,0
100,card,0,Visa,credit,Axis,0
100,pay later,0,NA,NA,NA,0
100,upi,0,NA,NA,NA,0
100,emi,0,Diners,credit,HDFC,0
100,upi,0,NA,NA,NA,0
100,card,0,Mastercard,debit,IndusInd,0
100,upi,0,NA,NA,NA,0
100,upi,0,NA,NA,NA,0
100,upi,0,NA,NA,NA,1
100,emi,0,Mastercard,debit,ICICI,0
100,upi,0,NA,NA,NA,0
100,wallet,0,NA,NA,NA,0
100,upi,0,NA,NA,NA,0
100,card,0,Visa,credit,HDFC,0
100,upi,0,NA,NA,NA,0
100,upi,0,NA,NA,NA,0
100,netbanking,0,NA,NA,NA,0
100,card,0,RuPay,debit,Canara Bank,0
100,netbanking,0,NA,NA,NA,0
100,emi,0,Visa,debit,Axis,0
100,card,0,Mastercard,credit,Bank of Baroda,0
100,card,0,Visa,debit,Bank of Baroda,0
100,upi,0,NA,NA,NA,0
100,upi,0,NA,NA,NA,0
100,card,0,RuPay,credit,SBI,1
100,wallet,0,NA,NA,NA,0
100,netbanking,0,NA,NA,NA,0
100,wallet,0,NA,NA,NA,0
100,card,0,Visa,debit,ICICI,0
100,emi,0,Mastercard,credit,HDFC,0
100,pay later,0,NA,NA,NA,0
100,upi,0,NA,NA,NA,0
100,card,0,RuPay,credit,Bank of Baroda,0
100,upi,0,NA,NA,NA,0
100,netbanking,0,NA,NA,NA,0
100,upi,0,NA,NA,NA,0
100,card,0,Visa,credit,RBL,0
100,upi,0,NA,NA,NA,0
100,netbanking,0,NA,NA,NA,0
100,wallet,0,NA,NA,NA,0
100,card,0,Visa,credit,SBI,0
100,upi,0,NA,NA,NA,0
100,card,0,RuPay,credit,Punjab National Bank,0
100,card,0,Mastercard,debit,SBI,0
100,card,0,Visa,credit,HDFC,0
100,wallet,0,NA,NA,NA,0
100,upi,0,NA,NA,NA,0
100,card,0,Discover,debit,SBI,0
100,upi,0,NA,NA,NA,0
100,upi,0,NA,NA,NA,0
100,upi,0,NA,NA,NA,0
100,emi,0,Visa,credit,Kotak Mahindra,0
100,netbanking,0,NA,NA,NA,0
100,netbanking,0,NA,NA,NA,0
100,card,0,Mastercard,debit,Punjab National Bank,0
100,card,0,American Express,debit,RBL,0
100,card,0,Visa,credit,IndusInd,0
100,upi,0,NA,NA,NA,0
100,card,0,RuPay,credit,SBI,0
100,card,0,Mastercard,debit,Canara Bank,0
100,emi,0,Mastercard,prepaid,Yes Bank,0
100,card,0,Mastercard,credit,IndusInd,0
100,card,0,Diners,credit,ICICI,0
100,upi,0,NA,NA,NA,0
100,card,0,Mastercard,debit,Axis,0
100,wallet,0,NA,NA,NA,0
100,wallet,0,NA,NA,NA,0
100,pay later,0,NA,NA,NA,0
100,emi,0,American Express,credit,SBI,0
100,upi,0,NA,NA,NA,0
100,wallet,0,NA,NA,NA,0
100,netbanking,0,NA,NA,NA,0
100,card,0,American Express,debit,SBI,0
100,netbanking,0,NA,NA,NA,1
100,card,0,Visa,credit,ICICI,0
100,upi,0,NA,NA,NA,0
100,upi,0,NA,NA,NA,0
100,card,0,Visa,debit,Axis,0
100,card,0,Discover,credit,IDFC First,0
100,upi,0,NA,NA,NA,0
100,card,0,Visa,debit,Union Bank,0
100,card,0,Discover,credit,SBI,0
100,pay later,0,NA,NA,NA,0
100,wallet,0,NA,NA,NA,0
100,upi,0,NA,NA,NA,0
100,card,0,Mastercard,debit,Yes Bank,0
100,emi,0,Mastercard,debit,HDFC,0
100,netbanking,0,NA,NA,NA,0
100,card,0,American Express,credit,ICICI,0
100,netbanking,0,NA,NA,NA,0
100,upi,0,NA,NA,NA,0
100,card,0,Mastercard,debit,IndusInd,1
100,card,0,Discover,debit,ICICI,0
100,emi,0,Mastercard,prepaid,HDFC,0
100,card,0,Visa,credit,Bank of Baroda,0
100,netbanking,0,NA,NA,NA,0
100,netbanking,0,NA,NA,NA,0
100,wallet,0,NA,NA,NA,0
100,pay later,0,NA,NA,NA,0
100,wallet,0,NA,NA,NA,1
100,upi,0,NA,NA,NA,0
100,upi,0,NA,NA,NA,0
100,wallet,0,NA,NA,NA,0
100,netbanking,0,NA,NA,NA,0
100,upi,0,NA,NA,NA,0
100,card,0,Visa,debit,IDFC First,0
100,netbanking,0,NA,NA,NA,1
100,pay later,0,NA,NA,NA,0
100,netbanking,0,NA,NA,NA,0
100,card,0,American Express,credit,HDFC,0
100,upi,0,NA,NA,NA,0
100,emi,0,RuPay,debit,Federal Bank,0
100,upi,0,NA,NA,NA,0
100,upi,0,NA,NA,NA,0
100,netbanking,0,NA,NA,NA,1
100,card,0,Visa,credit,SBI,0
100,card,0,RuPay,prepaid,Axis,0
100,card,0,Mastercard,credit,IndusInd,0
100,wallet,0,NA,NA,NA,0
100,emi,0,Diners,debit,ICICI,0
100,card,0,RuPay,prepaid,SBI,0
100,netbanking,0,NA,NA,NA,0
100,upi,0,NA,NA,NA,0
100,netbanking,0,NA,NA,NA,1
100,card,0,Visa,credit,Axis,0
100,pay later,0,NA,NA,NA,0
100,card,0,Visa,credit,ICICI,0
100,upi,0,NA,NA,NA,0
100,netbanking,0,NA,NA,NA,0
100,upi,0,NA,NA,NA,0
100,upi,0,NA,NA,NA,0
100,pay later,0,NA,NA,NA,0
100,card,0,Visa,prepaid,RBL,0
100,pay later,0,NA,NA,NA,0
100,upi,0,NA,NA,NA,0
100,card,0,Visa,debit,SBI,0
100,card,0,RuPay,debit,Axis,0
100,upi,0,NA,NA,NA,0
100,card,0,RuPay,credit,Bank of Baroda,0
100,upi,0,NA,NA,NA,1
100,card,0,Mastercard,debit,RBL,0
100,card,0,Mastercard,credit,HDFC,0
100,card,0,Visa,credit,IndusInd,0
100,upi,0,NA,NA,NA,0
100,upi,0,NA,NA,NA,0
100,emi,0,Visa,debit,Union Bank,1
100,card,0,RuPay,credit,Bank of Baroda,1
100,card,0,Mastercard,debit,HDFC,0
100,upi,0,NA,NA,NA,0
100,wallet,0,NA,NA,NA,0
100,netbanking,0,NA,NA,NA,0
100,upi,0,NA,NA,NA,0
100,card,0,Mastercard,credit,Yes Bank,0
100,card,0,Mastercard,credit,SBI,0
100,upi,0,NA,NA,NA,0
100,card,0,Visa,credit,Kotak Mahindra,0
100,wallet,0,NA,NA,NA,0
100,pay later,0,NA,NA,NA,0
100,emi,0,Mastercard,debit,HDFC,0
100,emi,0,Mastercard,credit,HDFC,1
100,upi,0,NA,NA,NA,0
100,card,0,Discover,prepaid,ICICI,0
100,upi,0,NA,NA,NA,0
100,wallet,0,NA,NA,NA,0
100,upi,0,NA,NA,NA,0
100,pay later,0,NA,NA,NA,0
100,wallet,0,NA,NA,NA,0
100,wallet,0,NA,NA,NA,0
100,upi,0,NA,NA,NA,0
100,netbanking,0,NA,NA,NA,0
100,upi,0,NA,NA,NA,0
100,wallet,0,NA,NA,NA,0
100,upi,0,NA,NA,NA,0
100,upi,0,NA,NA,NA,0
100,upi,0,NA,NA,NA,0
100,netbanking,0,NA,NA,NA,0
100,card,0,Discover,debit,IDFC First,0
100,card,0,RuPay,credit,Kotak Mahindra,0
100,upi,0,NA,NA,NA,0
100,card,0,Visa,credit,Federal Bank,0
100,upi,0,NA,NA,NA,0
100,card,0,Mastercard,debit,Federal Bank,0
100,upi,0,NA,NA,NA,0
100,emi,0,Mastercard,debit,Bank of Baroda,0
100,netbanking,0,NA,NA,NA,1
100,card,0,Mastercard,credit,Axis,0
100,card,0,Mastercard,credit,Union Bank,0
100,pay later,0,NA,NA,NA,1
100,card,0,Visa,prepaid,ICICI,0
100,card,0,American Express,credit,ICICI,0
100,upi,0,NA,NA,NA,0
100,card,0,Visa,credit,RBL,0
100,netbanking,0,NA,NA,NA,0
100,upi,0,NA,NA,NA,0
100,card,0,Visa,debit,IndusInd,0
100,wallet,0,NA,NA,NA,1
100,upi,0,NA,NA,NA,0
100,upi,0,NA,NA,NA,1
100,wallet,0,NA,NA,NA,0
100,emi,0,Mastercard,credit,HDFC,0
100,card,0,American Express,debit,IndusInd,1
100,upi,0,NA,NA,NA,0
100,wallet,0,NA,NA,NA,0
100,upi,0,NA,NA,NA,1
100,card,0,American Express,credit,ICICI,0
100,netbanking,0,NA,NA,NA,0
100,pay later,0,NA,NA,NA,0
100,card,0,Mastercard,debit,HDFC,0
100,card,0,Visa,debit,Axis,0
100,upi,0,NA,NA,NA,0
100,card,0,RuPay,debit,ICICI,0
100,card,0,Visa,credit,Yes Bank,0
100,upi,0,NA,NA,NA,1
100,card,0,Mastercard,credit,Union Bank,0
100,emi,0,Mastercard,credit,HDFC,0
100,card,0,Mastercard,debit,SBI,0
100,wallet,0,NA,NA,NA,0
100,upi,0,NA,NA,NA,0
100,upi,0,NA,NA,NA,0
100,upi,0,NA,NA,NA,0
100,upi,0,NA,NA,NA,0
100,card,0,Diners,credit,IndusInd,0
100,wallet,0,NA,NA,NA,0
100,card,0,Mastercard,debit,Axis,0
100,card,0,Diners,debit,ICICI,0
100,netbanking,0,NA,NA,NA,0
100,upi,0,NA,NA,NA,1
100,upi,0,NA,NA,NA,0
100,upi,0,NA,NA,NA,0
100,emi,0,Visa,debit,Bank of Baroda,0
100,pay later,0,NA,NA,NA,0
100,upi,0,NA,NA,NA,0
100,pay later,0,NA,NA,NA,0
100,upi,0,NA,NA,NA,0
100,upi,0,NA,NA,NA,0
100,upi,0,NA,NA,NA,0
100,wallet,0,NA,NA,NA,0
100,upi,0,NA,NA,NA,0
100,upi,0,NA,NA,NA,0
100,netbanking,0,NA,NA,NA,0
100,emi,0,Diners,credit,SBI,1
100,wallet,0,NA,NA,NA,0
100,netbanking,0,NA,NA,NA,1
100,wallet,0,NA,NA,NA,0
100,emi,0,Visa,credit,ICICI,0
100,upi,0,NA,NA,NA,0
100,emi,0,RuPay,debit,Punjab National Bank,0
100,card,0,Mastercard,credit,HDFC,0
100,upi,0,NA,NA,NA,0
100,netbanking,0,NA,NA,NA,0
100,emi,0,RuPay,debit,Canara Bank,1
100,upi,0,NA,NA,NA,0
100,card,0,Mastercard,credit,RBL,0
100,upi,0,NA,NA,NA,0
100,pay later,0,NA,NA,NA,0
100,card,0,Discover,debit,SBI,0
100,card,0,Visa,debit,IndusInd,0
100,card,0,American Express,debit,Federal Bank,1
100,card,0,RuPay,credit,SBI,0
100,pay later,0,NA,NA,NA,0
100,emi,0,Visa,debit,HDFC,0
100,card,0,Visa,credit,Yes Bank,0
100,netbanking,0,NA,NA,NA,0
100,card,0,Visa,prepaid,HDFC,0
100,netbanking,0,NA,NA,NA,0
100,upi,0,NA,NA,NA,0
100,wallet,0,NA,NA,NA,0
100,emi,0,Mastercard,credit,Canara Bank,0
100,card,0,RuPay,prepaid,HDFC,0
100,upi,0,NA,NA,NA,1
100,card,0,Discover,debit,Yes Bank,0
100,card,0,Discover,credit,SBI,1
100,upi,0,NA,NA,NA,0
100,netbanking,0,NA,NA,NA,0
100,netbanking,0,NA,NA,NA,0
100,emi,0,RuPay,credit,SBI,0
100,card,0,Mastercard,debit,Kotak Mahindra,0
100,card,0,Visa,debit,Kotak Mahindra,0
100,upi,0,NA,NA,NA,0
100,netbanking,0,NA,NA,NA,1
100,netbanking,0,NA,NA,NA,0
100,card,0,Mastercard,credit,RBL,0
100,pay later,0,NA,NA,NA,0
100,upi,0,NA,NA,NA,0
100,netbanking,0,NA,NA,NA,0
100,netbanking,0,NA,NA,NA,0
100,card,0,Visa,credit,IndusInd,0
100,upi,0,NA,NA,NA,0
100,upi,0,NA,NA,NA,0
100,upi,0,NA,NA,NA,0
100,card,0,Visa,credit,Axis,0
100,upi,0,NA,NA,NA,0
100,upi,0,NA,NA,NA,0
100,pay later,0,NA,NA,NA,0
100,card,0,Visa,debit,ICICI,0
100,card,0,Visa,credit,Yes Bank,0
100,upi,0,NA,NA,NA,0
100,emi,0,Mastercard,debit,SBI,0
100,wallet,0,NA,NA,NA,0
100,netbanking,0,NA,NA,NA,0
100,upi,0,NA,NA,NA,0
100,upi,0,NA,NA,NA,0
100,card,0,Discover,debit,ICICI,0
100,wallet,0,NA,NA,NA,0
100,netbanking,0,NA,NA,NA,0
100,card,0,Mastercard,credit,IDFC First,0
100,netbanking,0,NA,NA,NA,0
100,upi,0,NA,NA,NA,0
100,wallet,0,NA,NA,NA,0
100,netbanking,0,NA,NA,NA,0
100,pay later,0,NA,NA,NA,0
100,card,0,Visa,debit,HDFC,0
100,netbanking,0,NA,NA,NA,0
100,card,0,Discover,credit,Axis,0
100,card,0,Mastercard,credit,Bank of Baroda,0
100,card,0,Visa,credit,Kotak Mahindra,0
100,card,0,Mastercard,credit,Axis,0
100,netbanking,0,NA,NA,NA,0
100,upi,0,NA,NA,NA,0
100,upi,0,NA,NA,NA,0
100,upi,0,NA,NA,NA,0
100,emi,0,RuPay,credit,Axis,0
100,upi,0,NA,NA,NA,0
100,card,0,Visa,debit,Kotak Mahindra,0
100,card,0,Mastercard,debit,ICICI,0
100,card,0,Mastercard,credit,Federal Bank,0
100,card,0,Mastercard,credit,ICICI,0
100,upi,0,NA,NA,NA,0
100,netbanking,0,NA,NA,NA,0
100,emi,0,Visa,debit,ICICI,0
100,upi,0,NA,NA,NA,0
100,upi,0,NA,NA,NA,0
100,card,0,RuPay,prepaid,Axis,0
100,emi,0,RuPay,credit,Federal Bank,0
100,wallet,0,NA,NA,NA,0
100,pay later,0,NA,NA,NA,0
100,card,0,RuPay,prepaid,Axis,0
100,upi,0,NA,NA,NA,0
100,netbanking,0,NA,NA,NA,0
100,netbanking,0,NA,NA,NA,0
100,card,0,Mastercard,debit,HDFC,0
100,card,0,Discover,debit,Yes Bank,0
100,upi,0,NA,NA,NA,0
100,card,0,Mastercard,credit,Axis,0
100,card,0,Mastercard,debit,ICICI,0
100,netbanking,0,NA,NA,NA,0
100,upi,0,NA,NA,NA,0
100,card,0,Mastercard,credit,RBL,0
100,wallet,0,NA,NA,NA,0
100,upi,0,NA,NA,NA,0
100,netbanking,0,NA,NA,NA,0
100,upi,0,NA,NA,NA,0
100,upi,0,NA,NA,NA,0
100,upi,0,NA,NA,NA,0
100,card,0,American Express,debit,IndusInd,0
100,upi,0,NA,NA,NA,0
100,card,0,Mastercard,debit,SBI,0
100,wallet,0,NA,NA,NA,0
100,upi,0,NA,NA,NA,0
100,upi,0,NA,NA,NA,0
100,pay later,0,NA,NA,NA,0
100,upi,0,NA,NA,NA,0
100,card,0,Visa,credit,ICICI,0
100,card,0,Mastercard,debit,ICICI,0
100,card,0,Mastercard,debit,ICICI,0
100,netbanking,0,NA,NA,NA,0
100,emi,0,Diners,debit,Axis,0
100,upi,0,NA,NA,NA,1
100,wallet,0,NA,NA,NA,0
100,emi,0,Visa,credit,Kotak Mahindra,0
100,card,0,Visa,credit,HDFC,0
100,pay later,0,NA,NA,NA,1
100,upi,0,NA,NA,NA,0
100,upi,0,NA,NA,NA,0
100,upi,0,NA,NA,NA,0
100,upi,0,NA,NA,NA,1
100,card,0,Visa,debit,IDFC First,0
100,netbanking,0,NA,NA,NA,0
100,netbanking,0,NA,NA,NA,0
100,upi,0,NA,NA,NA,0
100,card,0,Mastercard,credit,Axis,0
100,upi,0,NA,NA,NA,0
100,netbanking,0,NA,NA,NA,0
100,netbanking,0,NA,NA,NA,0
100,emi,0,Diners,debit,IDFC First,0
100,card,0,Mastercard,credit,Union Bank,0
100,card,0,RuPay,credit,SBI,0
100,upi,0,NA,NA,NA,0
100,upi,0,NA,NA,NA,0
100,upi,0,NA,NA,NA,0
100,wallet,0,NA,NA,NA,0
100,netbanking,0,NA,NA,NA,0
100,card,0,Visa,credit,HDFC,0
100,netbanking,0,NA,NA,NA,0
100,card,0,Diners,credit,ICICI,0
100,pay later,0,NA,NA,NA,0
100,card,0,Mastercard,credit,ICICI,0
100,upi,0,NA,NA,NA,0
100,upi,0,NA,NA,NA,1
100,emi,0,Visa,credit,SBI,0
100,netbanking,0,NA,NA,NA,0
100,upi,0,NA,NA,NA,0
100,card,0,RuPay,debit,SBI,0
100,upi,0,NA,NA,NA,0
100,upi,0,NA,NA,NA,0
100,card,0,American Express,credit,Kotak Mahindra,0
100,pay later,0,NA,NA,NA,0
100,netbanking,0,NA,NA,NA,0
100,pay later,0,NA,NA,NA,1
100,upi,0,NA,NA,NA,0
100,card,0,RuPay,credit,ICICI,0
100,card,0,RuPay,credit,HDFC,0
100,wallet,0,NA,NA,NA,0
100,upi,0,NA,NA,NA,0
100,upi,0,NA,NA,NA,0
100,netbanking,0,NA,NA,NA,0
100,upi,0,NA,NA,NA,0
100,card,0,RuPay,credit,Bank of Baroda,0
100,wallet,0,NA,NA,NA,0
100,card,0,Mastercard,credit,Yes Bank,0
100,card,0,Mastercard,credit,SBI,0
100,upi,0,NA,NA,NA,0
100,emi,0,Visa,credit,HDFC,1
100,upi,0,NA,NA,NA,0
100,emi,0,Visa,debit,HDFC,1
100,wallet,0,NA,NA,NA,0
100,card,0,RuPay,credit,SBI,0
100,card,0,Mastercard,debit,ICICI,0
100,upi,0,NA,NA,NA,0
100,wallet,0,NA,NA,NA,0
100,upi,0,NA,NA,NA,0
100,upi,0,NA,NA,NA,0
100,pay later,0,NA,NA,NA,0
100,card,0,Diners,credit,RBL,0
100,upi,0,NA,NA,NA,0
100,upi,0,NA,NA,NA,0
100,upi,0,NA,NA,NA,0
100,netbanking,0,NA,NA,NA,0
100,wallet,0,NA,NA,NA,1
100,pay later,0,NA,NA,NA,0
100,netbanking,0,NA,NA,NA,0
100,pay later,0,NA,NA,NA,1
100,upi,0,NA,NA,NA,0
100,upi,0,NA,NA,NA,0
100,netbanking,0,NA,NA,NA,0
100,netbanking,0,NA,NA,NA,0
100,upi,0,NA,NA,NA,0
100,pay later,0,NA,NA,NA,0
100,card,0,Visa,credit,Federal Bank,0
100,upi,0,NA,NA,NA,0
100,card,0,Visa,prepaid,Kotak Mahindra,0
100,card,0,Visa,credit,ICICI,0
100,upi,0,NA,NA,NA,0
100,netbanking,0,NA,NA,NA,0
100,netbanking,0,NA,NA,NA,1
100,netbanking,0,NA,NA,NA,0
100,wallet,0,NA,NA,NA,0
100,upi,0,NA,NA,NA,0
100,upi,0,NA,NA,NA,0
100,upi,0,NA,NA,NA,0
100,pay later,0,NA,NA,NA,1
100,emi,0,Discover,debit,IDFC First,0
100,card,0,Visa,debit,Yes Bank,0
100,card,0,Mastercard,credit,HDFC,0
100,card,0,Visa,debit,Kotak Mahindra,0
100,card,0,RuPay,debit,IDFC First,0
100,upi,0,NA,NA,NA,0
100,netbanking,0,NA,NA,NA,0
100,card,0,Visa,credit,IDFC First,0
100,upi,0,NA,NA,NA,0
100,pay later,0,NA,NA,NA,0
100,card,0,Mastercard,prepaid,ICICI,0
100,pay later,0,NA,NA,NA,1
100,emi,0,Diners,debit,ICICI,1
100,upi,0,NA,NA,NA,0
100,upi,0,NA,NA,NA,0
100,card,0,Mastercard,credit,Canara Bank,0
100,pay later,0,NA,NA,NA,0
100,upi,0,NA,NA,NA,0
100,netbanking,0,NA,NA,NA,0
100,upi,0,NA,NA,NA,0
100,card,0,Visa,credit,SBI,0
100,upi,0,NA,NA,NA,0
100,card,0,Mastercard,credit,ICICI,0
100,card,0,Discover,credit,Axis,0
100,upi,0,NA,NA,NA,0
100,upi,0,NA,NA,NA,0
100,upi,0,NA,NA,NA,0
100,upi,0,NA,NA,NA,0
100,netbanking,0,NA,NA,NA,0
100,netbanking,0,NA,NA,NA,0
100,upi,0,NA,NA,NA,0
100,netbanking,0,NA,NA,NA,0
100,wallet,0,NA,NA,NA,0
100,pay later,0,NA,NA,NA,0
100,netbanking,0,NA,NA,NA,0
100,upi,0,NA,NA,NA,0
100,upi,0,NA,NA,NA,0
100,wallet,0,NA,NA,NA,0
100,wallet,0,NA,NA,NA,0
100,wallet,0,NA,NA,NA,0
100,emi,0,Visa,credit,Punjab National Bank,0
100,card,0,Mastercard,debit,ICICI,0
100,card,0,Diners,debit,HDFC,0
100,upi,0,NA,NA,NA,0
100,upi,0,NA,NA,NA,0
100,emi,0,Visa,debit,ICICI,0
100,card,0,Visa,debit,ICICI,0
100,wallet,0,NA,NA,NA,0
100,upi,0,NA,NA,NA,0
100,card,0,Mastercard,debit,ICICI,0
100,pay later,0,NA,NA,NA,0
100,netbanking,0,NA,NA,NA,0
100,upi,0,NA,NA,NA,0
100,upi,0,NA,NA,NA,0
100,wallet,0,NA,NA,NA,0
100,card,0,Mastercard,credit,Union Bank,0
100,upi,0,NA,NA,NA,0
100,pay later,0,NA,NA,NA,1
100,upi,0,NA,NA,NA,0
100,wallet,0,NA,NA,NA,0
100,pay later,0,NA,NA,NA,0
100,upi,0,NA,NA,NA,0
100,wallet,0,NA,NA,NA,0
100,upi,0,NA,NA,NA,0
100,card,0,Visa,credit,Axis,0
100,card,0,Mastercard,credit,IndusInd,0
100,card,0,American Express,credit,Axis,0
100,wallet,0,NA,NA,NA,0
100,upi,0,NA,NA,NA,0
100,upi,0,NA,NA,NA,0
100,wallet,0,NA,NA,NA,0
100,wallet,0,NA,NA,NA,0
100,pay later,0,NA,NA,NA,0
100,wallet,0,NA,NA,NA,0
100,upi,0,NA,NA,NA,0
100,upi,0,NA,NA,NA,0
100,netbanking,0,NA,NA,NA,0
100,upi,0,NA,NA,NA,0
100,upi,0,NA,NA,NA,0
100,upi,0,NA,NA,NA,0
100,pay later,0,NA,NA,NA,0
100,netbanking,0,NA,NA,NA,0
100,card,0,Visa,debit,Axis,0
100,upi,0,NA,NA,NA,0
100,pay later,0,NA,NA,NA,0
100,upi,0,NA,NA,NA,1
100,card,0,Visa,credit,ICICI,0
100,card,0,Mastercard,credit,IndusInd,0
100,netbanking,0,NA,NA,NA,0
100,upi,0,NA,NA,NA,0
100,upi,0,NA,NA,NA,0
100,card,0,RuPay,credit,SBI,0
100,emi,0,RuPay,credit,RBL,0
100,upi,0,NA,NA,NA,0
100,pay later,0,NA,NA,NA,0
100,upi,0,NA,NA,NA,0
100,card,0,RuPay,credit,ICICI,0
100,upi,0,NA,NA,NA,0
100,card,0,Mastercard,debit,Bank of Baroda,0
100,upi,0,NA,NA,NA,0
100,netbanking,0,NA,NA,NA,1
100,card,0,RuPay,credit,Axis,0
100,pay later,0,NA,NA,NA,0
100,emi,0,Discover,debit,Canara Bank,0
100,netbanking,0,NA,NA,NA,0
100,card,0,Visa,credit,Axis,0
100,emi,0,Mastercard,credit,Bank of Baroda,1
100,upi,0,NA,NA,NA,0
100,wallet,0,NA,NA,NA,0
100,card,0,RuPay,credit,SBI,0
100,upi,0,NA,NA,NA,0
100,upi,0,NA,NA,NA,0
100,card,0,American Express,credit,HDFC,1
100,card,0,Mastercard,debit,ICICI,0
100,card,0,RuPay,debit,SBI,0
100,upi,0,NA,NA,NA,0
100,card,0,Mastercard,debit,IndusInd,0
100,upi,0,NA,NA,NA,0
100,card,0,Visa,debit,SBI,0
100,card,0,Mastercard,debit,SBI,0
100,wallet,0,NA,NA,NA,0
100,upi,0,NA,NA,NA,0
100,card,0,Visa,debit,Indian Bank,0
100,upi,0,NA,NA,NA,0
100,netbanking,0,NA,NA,NA,0
100,upi,0,NA,NA,NA,0
100,upi,0,NA,NA,NA,0
100,card,0,Mastercard,debit,HDFC,0
100,card,0,Visa,credit,ICICI,0
100,card,0,Mastercard,credit,Kotak Mahindra,0
100,card,0,Mastercard,debit,HDFC,0
100,emi,0,Mastercard,debit,Punjab National Bank,1
100,netbanking,0,NA,NA,NA,0
100,upi,0,NA,NA,NA,0
100,upi,0,NA,NA,NA,0
100,card,0,Visa,credit,ICICI,0
100,upi,0,NA,NA,NA,0
100,pay later,0,NA,NA,NA,0
100,card,0,Discover,credit,Axis,0
100,upi,0,NA,NA,NA,0
100,upi,0,NA,NA,NA,0
100,emi,0,Discover,prepaid,RBL,0
100,upi,0,NA,NA,NA,0
100,pay later,0,NA,NA,NA,0
100,emi,0,Mastercard,debit,Axis,0
100,netbanking,0,NA,NA,NA,1
100,card,0,RuPay,credit,IDFC First,0
100,pay later,0,NA,NA,NA,0
100,upi,0,NA,NA,NA,0
100,upi,0,NA,NA,NA,0
100,card,0,Visa,credit,Axis,0
100,upi,0,NA,NA,NA,0
100,card,0,Visa,credit,HDFC,0
100,emi,0,Visa,credit,Kotak Mahindra,1
100,card,0,Visa,credit,ICICI,0
100,upi,0,NA,NA,NA,0
100,wallet,0,NA,NA,NA,0
100,card,0,Mastercard,credit,Kotak Mahindra,0
100,card,0,Mastercard,credit,Kotak Mahindra,0
100,upi,0,NA,NA,NA,0
100,upi,0,NA,NA,NA,1
100,card,0,Mastercard,credit,SBI,0
100,upi,0,NA,NA,NA,1
100,emi,0,Mastercard,debit,Punjab National Bank,0
100,upi,0,NA,NA,NA,0
100,netbanking,0,NA,NA,NA,1
100,emi,0,Visa,credit,Axis,1
100,upi,0,NA,NA,NA,0
100,netbanking,0,NA,NA,NA,0
100,netbanking,0,NA,NA,NA,0
100,upi,0,NA,NA,NA,0
100,card,0,Visa,debit,Union Bank,0
100,wallet,0,NA,NA,NA,0
100,upi,0,NA,NA,NA,0
100,card,0,Mastercard,credit,SBI,0
100,upi,0,NA,NA,NA,0
100,upi,0,NA,NA,NA,0
100,upi,0,NA,NA,NA,0
100,wallet,0,NA,NA,NA,0
100,card,0,Mastercard,debit,Punjab National Bank,0
100,emi,0,Mastercard,debit,Kotak Mahindra,0
100,netbanking,0,NA,NA,NA,0
100,card,0,Visa,credit,Axis,0
100,upi,0,NA,NA,NA,0
100,pay later,0,NA,NA,NA,0
100,upi,0,NA,NA,NA,0
100,card,0,Discover,debit,ICICI,0
100,netbanking,0,NA,NA,NA,0
100,upi,0,NA,NA,NA,0
100,card,0,Mastercard,credit,Axis,0
100,pay later,0,NA,NA,NA,0
100,netbanking,0,NA,NA,NA,0
100,wallet,0,NA,NA,NA,0
100,upi,0,NA,NA,NA,0
100,card,0,Mastercard,debit,SBI,0
100,upi,0,NA,NA,NA,0
100,card,0,Mastercard,credit,Axis,0
100,card,0,American Express,prepaid,IndusInd,0
100,upi,0,NA,NA,NA,0
100,emi,0,Visa,debit,Kotak Mahindra,0
100,card,0,Mastercard,credit,Canara Bank,0
100,upi,0,NA,NA,NA,0
100,card,0,Mastercard,credit,Yes Bank,0
100,upi,0,NA,NA,NA,0
100,upi,0,NA,NA,NA,0
100,upi,0,NA,NA,NA,0
100,upi,0,NA,NA,NA,1
100,card,0,Mastercard,debit,Axis,0
100,card,0,Visa,credit,IndusInd,0
100,card,0,RuPay,credit,ICICI,0
100,upi,0,NA,NA,NA,0
100,card,0,Visa,credit,HDFC,0
100,upi,0,NA,NA,NA,0
100,upi,0,NA,NA,NA,0
100,upi,0,NA,NA,NA,0
100,upi,0,NA,NA,NA,0
100,upi,0,NA,NA,NA,0
100,emi,0,Discover,credit,Canara Bank,0
100,card,0,American Express,credit,SBI,0
100,card,0,Mastercard,debit,SBI,0
100,wallet,0,NA,NA,NA,0
100,card,0,Mastercard,debit,HDFC,0
100,upi,0,NA,NA,NA,0
100,netbanking,0,NA,NA,NA,0
100,upi,0,NA,NA,NA,0
100,wallet,0,NA,NA,NA,0
100,netbanking,0,NA,NA,NA,0
100,emi,0,Visa,credit,RBL,1
100,card,0,RuPay,debit,HDFC,1
100,upi,0,NA,NA,NA,0
100,pay later,0,NA,NA,NA,0
100,emi,0,Mastercard,credit,Bank of Baroda,0
100,card,0,RuPay,debit,Federal Bank,0
100,card,0,Mastercard,credit,Yes Bank,0
100,upi,0,NA,NA,NA,0
100,netbanking,0,NA,NA,NA,0
100,card,0,Visa,debit,Punjab National Bank,0
100,netbanking,0,NA,NA,NA,0
100,card,0,Mastercard,credit,IDFC First,0
100,card,0,Visa,debit,HDFC,0
100,card,0,Mastercard,debit,Kotak Mahindra,0
100,upi,0,NA,NA,NA,0
100,upi,0,NA,NA,NA,0
100,upi,0,NA,NA,NA,0
100,upi,0,NA,NA,NA,0
100,upi,0,NA,NA,NA,0
100,netbanking,0,NA,NA,NA,0
100,upi,0,NA,NA,NA,0
100,card,0,RuPay,credit,Yes Bank,0
100,card,0,Mastercard,credit,Kotak Mahindra,0
100,wallet,0,NA,NA,NA,0
100,card,0,Mastercard,prepaid,IDFC First,0
100,upi,0,NA,NA,NA,0
100,upi,0,NA,NA,NA,0
100,upi,0,NA,NA,NA,1
100,card,0,Mastercard,debit,HDFC,0
100,netbanking,0,NA,NA,NA,0
100,card,0,American Express,credit,Canara Bank,1
100,upi,0,NA,NA,NA,1
100,card,0,Diners,credit,SBI,0
100,netbanking,0,NA,NA,NA,0
100,netbanking,0,NA,NA,NA,0
100,upi,0,NA,NA,NA,0
100,upi,0,NA,NA,NA,0
100,upi,0,NA,NA,NA,0
100,upi,0,NA,NA,NA,0
100,card,0,RuPay,debit,ICICI,0
100,upi,0,NA,NA,NA,0
100,card,0,Mastercard,credit,IndusInd,1
100,card,0,American Express,debit,Punjab National Bank,0
100,emi,0,Visa,credit,ICICI,0
100,card,0,Mastercard,credit,ICICI,0
100,upi,0,NA,NA,NA,0
100,upi,0,NA,NA,NA,0
100,wallet,0,NA,NA,NA,0
100,card,0,RuPay,credit,Kotak Mahindra,0
100,card,0,American Express,debit,Yes Bank,0
100,netbanking,0,NA,NA,NA,0
100,card,0,Visa,debit,Axis,0
100,wallet,0,NA,NA,NA,0
100,upi,0,NA,NA,NA,0
100,upi,0,NA,NA,NA,0
100,netbanking,0,NA,NA,NA,0
100,card,0,Mastercard,debit,Canara Bank,0
100,card,0,RuPay,debit,IndusInd,0
100,card,0,Visa,debit,HDFC,0
100,netbanking,0,NA,NA,NA,0
100,card,0,RuPay,debit,HDFC,0
100,upi,0,NA,NA,NA,0
100,emi,0,Diners,debit,IndusInd,0
100,upi,0,NA,NA,NA,0
100,upi,0,NA,NA,NA,0
100,upi,0,NA,NA,NA,0
100,card,0,RuPay,debit,Kotak Mahindra,0
100,card,0,Visa,credit,Yes Bank,0
100,pay later,0,NA,NA,NA,0
100,card,0,Mastercard,credit,ICICI,0
100,pay later,0,NA,NA,NA,0
100,upi,0,NA,NA,NA,0
100,upi,0,NA,NA,NA,0
100,upi,0,NA,NA,NA,0
100,wallet,0,NA,NA,NA,0
100,pay later,0,NA,NA,NA,0
100,upi,0,NA,NA,NA,0
100,upi,0,NA,NA,NA,0
100,emi,0,Visa,credit,ICICI,0
100,upi,0,NA,NA,NA,0
100,card,0,Mastercard,debit,Kotak Mahindra,0
100,emi,0,Visa,debit,IDFC First,0
100,emi,0,Visa,debit,Federal Bank,0
100,card,0,RuPay,credit,HDFC,0
100,wallet,0,NA,NA,NA,0
100,card,0,Mastercard,credit,Canara Bank,0
100,card,0,Visa,credit,HDFC,0
100,card,0,Mastercard,credit,Bank of Baroda,0
100,wallet,0,NA,NA,NA,1
100,card,0,Diners,debit,ICICI,0
100,upi,0,NA,NA,NA,0
100,card,0,Mastercard,debit,IDFC First,1
100,emi,0,Visa,credit,Axis,0
100,card,0,Visa,debit,ICICI,0
100,upi,0,NA,NA,NA,1
100,upi,0,NA,NA,NA,0
100,upi,0,NA,NA,NA,0
100,upi,0,NA,NA,NA,0
100,pay later,0,NA,NA,NA,0
100,upi,0,NA,NA,NA,0
100,emi,0,Discover,credit,Bank of Baroda,0
100,upi,0,NA,NA,NA,0
100,upi,0,NA,NA,NA,0
100,upi,0,NA,NA,NA,0
100,pay later,0,NA,NA,NA,0
100,upi,0,NA,NA,NA,0
100,wallet,0,NA,NA,NA,0
100,upi,0,NA,NA,NA,0
100,netbanking,0,NA,NA,NA,0
100,upi,0,NA,NA,NA,0
100,upi,0,NA,NA,NA,0
100,emi,0,Mastercard,debit,ICICI,0
100,upi,0,NA,NA,NA,0
100,pay later,0,NA,NA,NA,0
100,wallet,0,NA,NA,NA,0
100,upi,0,NA,NA,NA,0
100,netbanking,0,NA,NA,NA,0
100,upi,0,NA,NA,NA,0
100,upi,0,NA,NA,NA,0
100,card,0,Discover,credit,SBI,1
100,card,0,Diners,credit,SBI,0
100,upi,0,NA,NA,NA,0
100,pay later,0,NA,NA,NA,0
100,upi,0,NA,NA,NA,0
100,netbanking,0,NA,NA,NA,0
100,netbanking,0,NA,NA,NA,1
100,netbanking,0,NA,NA,NA,0
100,netbanking,0,NA,NA,NA,1
100,netbanking,0,NA,NA,NA,0
100,netbanking,0,NA,NA,NA,0
100,pay later,0,NA,NA,NA,0
100,wallet,0,NA,NA,NA,0
100,card,0,RuPay,prepaid,Punjab National Bank,1
100,card,0,Visa,debit,HDFC,0
100,netbanking,0,NA,NA,NA,1
100,upi,0,NA,NA,NA,0
100,upi,0,NA,NA,NA,0
100,card,0,Visa,credit,HDFC,0
100,upi,0,NA,NA,NA,0
100,upi,0,NA,NA,NA,0
100,card,0,Visa,credit,Axis,0
100,wallet,0,NA,NA,NA,0
100,netbanking,0,NA,NA,NA,0
100,upi,0,NA,NA,NA,0
100,emi,0,Mastercard,credit,SBI,0
100,upi,0,NA,NA,NA,0
100,card,0,RuPay,credit,Kotak Mahindra,0
100,card,0,Mastercard,credit,Yes Bank,0
100,card,0,Visa,credit,HDFC,0
100,upi,0,NA,NA,NA,0
100,upi,0,NA,NA,NA,0
100,card,0,Visa,debit,Bank of Baroda,0
100,netbanking,0,NA,NA,NA,0
100,pay later,0,NA,NA,NA,0
100,pay later,0,NA,NA,NA,0
100,wallet,0,NA,NA,NA,0
100,upi,0,NA,NA,NA,0
100,upi,0,NA,NA,NA,0
100,card,0,RuPay,debit,SBI,0
100,upi,0,NA,NA,NA,0
100,upi,0,NA,NA,NA,0
100,netbanking,0,NA,NA,NA,0
100,upi,0,NA,NA,NA,0
100,wallet,0,NA,NA,NA,0
100,card,0,Diners,credit,IDFC First,0
100,wallet,0,NA,NA,NA,0
100,upi,0,NA,NA,NA,0
100,card,0,American Express,credit,HDFC,0
100,upi,0,NA,NA,NA,0
100,upi,0,NA,NA,NA,0
100,card,0,Mastercard,debit,SBI,0
100,upi,0,NA,NA,NA,0
100,card,0,Diners,debit,Canara Bank,1
100,wallet,0,NA,NA,NA,0
100,upi,0,NA,NA,NA,0
100,upi,0,NA,NA,NA,0
100,card,0,Visa,credit,Kotak Mahindra,0
100,card,0,Visa,credit,HDFC,0
100,pay later,0,NA,NA,NA,0
100,emi,0,Visa,prepaid,SBI,0
100,upi,0,NA,NA,NA,0
100,upi,0,NA,NA,NA,0
100,card,0,Mastercard,credit,Canara Bank,0
100,upi,0,NA,NA,NA,0
100,upi,0,NA,NA,NA,0
100,card,0,Visa,credit,Yes Bank,1
100,netbanking,0,NA,NA,NA,0
100,upi,0,NA,NA,NA,0
100,netbanking,0,NA,NA,NA,0
100,upi,0,NA,NA,NA,0
100,netbanking,0,NA,NA,NA,0
100,netbanking,0,NA,NA,NA,0
100,netbanking,0,NA,NA,NA,0
100,card,0,Mastercard,prepaid,Axis,0
100,emi,0,Visa,debit,IndusInd,0
100,upi,0,NA,NA,NA,0
100,netbanking,0,NA,NA,NA,0
100,card,0,RuPay,debit,RBL,0
100,upi,0,NA,NA,NA,0
100,card,0,Visa,credit,Kotak Mahindra,0
100,card,0,Mastercard,credit,Canara Bank,0
100,upi,0,NA,NA,NA,0
100,netbanking,0,NA,NA,NA,1
100,card,0,Mastercard,credit,ICICI,0
100,pay later,0,NA,NA,NA,0
100,emi,0,Mastercard,debit,Indian Bank,0
100,card,0,Visa,credit,HDFC,0
100,upi,0,NA,NA,NA,0
100,upi,0,NA,NA,NA,0
100,netbanking,0,NA,NA,NA,0
100,upi,0,NA,NA,NA,0
100,card,0,Visa,debit,Union Bank,0
100,card,0,Discover,credit,Bank of Baroda,0
100,card,0,Visa,credit,Punjab National Bank,0
100,upi,0,NA,NA,NA,0
100,upi,0,NA,NA,NA,0
100,upi,0,NA,NA,NA,0
100,card,0,Visa,debit,Axis,0
100,card,0,Visa,credit,Yes Bank,0
100,card,0,Visa,credit,IDFC First,0
100,card,0,American Express,credit,SBI,0
100,upi,0,NA,NA,NA,0
100,card,0,Mastercard,debit,IndusInd,0
100,upi,0,NA,NA,NA,0
100,upi,0,NA,NA,NA,0
100,card,0,Visa,credit,Axis,0
100,upi,0,NA,NA,NA,0
100,upi,0,NA,NA,NA,0
100,emi,0,Mastercard,debit,HDFC,0
100,card,0,Visa,credit,ICICI,0
100,upi,0,NA,NA,NA,0
100,upi,0,NA,NA,NA,0
100,upi,0,NA,NA,NA,0
100,upi,0,NA,NA,NA,0
100,upi,0,NA,NA,NA,0
100,wallet,0,NA,NA,NA,0
100,wallet,0,NA,NA,NA,0
100,card,0,RuPay,credit,SBI,0
100,card,0,Visa,credit,Bank of Baroda,0
100,pay later,0,NA,NA,NA,1
100,upi,0,NA,NA,NA,0
100,upi,0,NA,NA,NA,0
100,upi,0,NA,NA,NA,0
100,netbanking,0,NA,NA,NA,0
100,emi,0,RuPay,credit,Kotak Mahindra,0
100,pay later,0,NA,NA,NA,0
100,pay later,0,NA,NA,NA,0
100,netbanking,0,NA,NA,NA,1
100,wallet,0,NA,NA,NA,0
100,card,0,Diners,debit,Kotak Mahindra,0
100,netbanking,0,NA,NA,NA,0
100,card,0,RuPay,debit,Kotak Mahindra,0
100,card,0,Visa,credit,ICICI,0
100,card,0,Mastercard,credit,Federal Bank,0
100,upi,0,NA,NA,NA,0
100,emi,0,Visa,credit,Union Bank,0
100,upi,0,NA,NA,NA,0
100,card,0,RuPay,credit,HDFC,0
100,upi,0,NA,NA,NA,0
100,card,0,Visa,debit,IDFC First,0
100,card,0,American Express,credit,Federal Bank,0
100,upi,0,NA,NA,NA,1
100,upi,0,NA,NA,NA,0
100,emi,0,Visa,credit,Kotak Mahindra,0
100,card,0,Visa,credit,Axis,0
100,card,0,Visa,credit,ICICI,0
100,netbanking,0,NA,NA,NA,1
100,card,0,American Express,credit,SBI,0
100,upi,0,NA,NA,NA,0
100,card,0,Visa,prepaid,IDFC First,0
100,upi,0,NA,NA,NA,0
100,card,0,Mastercard,credit,IDFC First,0
100,wallet,0,NA,NA,NA,1
100,upi,0,NA,NA,NA,0
100,upi,0,NA,NA,NA,0
100,pay later,0,NA,NA,NA,1
100,netbanking,0,NA,NA,NA,0
100,card,0,RuPay,credit,IDFC First,0
100,pay later,0,NA,NA,NA,1
100,card,0,Visa,debit,HDFC,0
100,wallet,0,NA,NA,NA,0
100,card,0,Mastercard,debit,HDFC,0
100,emi,0,Visa,credit,Axis,0
100,upi,0,NA,NA,NA,0
100,card,0,Discover,credit,SBI,0
100,upi,0,NA,NA,NA,0
100,upi,0,NA,NA,NA,0
100,emi,0,RuPay,debit,IndusInd,0
100,netbanking,0,NA,NA,NA,0
100,netbanking,0,NA,NA,NA,0
100,upi,0,NA,NA,NA,0
100,upi,0,NA,NA,NA,0
100,wallet,0,NA,NA,NA,0
100,card,0,RuPay,credit,Axis,1
100,pay later,0,NA,NA,NA,0
100,wallet,0,NA,NA,NA,0
100,emi,0,RuPay,debit,Axis,0
100,upi,0,NA,NA,NA,0
100,pay later,0,NA,NA,NA,0
100,netbanking,0,NA,NA,NA,0
100,upi,0,NA,NA,NA,0
100,netbanking,0,NA,NA,NA,0
100,card,0,Visa,debit,ICICI,0
100,upi,0,NA,NA,NA,0
100,card,0,RuPay,credit,Bank of Baroda,1
100,card,0,RuPay,credit,ICICI,0
100,upi,0,NA,NA,NA,0
100,card,0,Diners,credit,RBL,0
100,upi,0,NA,NA,NA,0
100,card,0,Visa,prepaid,Axis,0
100,card,0,Mastercard,debit,Yes Bank,0
100,upi,0,NA,NA,NA,0
100,card,0,RuPay,debit,HDFC,0
100,upi,0,NA,NA,NA,0
100,upi,0,NA,NA,NA,0
100,wallet,0,NA,NA,NA,0
100,wallet,0,NA,NA,NA,0
100,upi,0,NA,NA,NA,0
100,upi,0,NA,NA,NA,0
100,upi,0,NA,NA,NA,0
100,wallet,0,NA,NA,NA,0
100,netbanking,0,NA,NA,NA,0
100,upi,0,NA,NA,NA,0
100,card,0,Mastercard,debit,Kotak Mahindra,0
100,wallet,0,NA,NA,NA,0
100,card,0,Mastercard,debit,Punjab National Bank,0
100,upi,0,NA,NA,NA,0
100,upi,0,NA,NA,NA,0
100,upi,0,NA,NA,NA,0
100,upi,0,NA,NA,NA,0
100,emi,0,Mastercard,credit,ICICI,0
100,upi,0,NA,NA,NA,0
100,card,0,Visa,debit,Union Bank,0
100,wallet,0,NA,NA,NA,0
100,card,0,Mastercard,credit,IndusInd,0
100,card,0,Mastercard,debit,HDFC,0
100,card,0,American Express,prepaid,Canara Bank,0
100,wallet,0,NA,NA,NA,0
100,card,0,Visa,debit,Axis,0
100,upi,0,NA,NA,NA,0
100,upi,0,NA,NA,NA,0
100,upi,0,NA,NA,NA,0
100,upi,0,NA,NA,NA,0
100,card,0,Visa,debit,IDFC First,0
100,card,0,Mastercard,credit,Axis,0
100,netbanking,0,NA,NA,NA,0
100,netbanking,0,NA,NA,NA,1
100,upi,0,NA,NA,NA,0
100,upi,0,NA,NA,NA,0
100,pay later,0,NA,NA,NA,0
100,pay later,0,NA,NA,NA,0
100,card,0,Visa,debit,Federal Bank,1
100,card,0,RuPay,credit,IndusInd,0
100,card,0,Visa,debit,IndusInd,0
100,upi,0,NA,NA,NA,1
100,upi,0,NA,NA,NA,0
100,emi,0,Mastercard,credit,ICICI,0
100,upi,0,NA,NA,NA,0
100,wallet,0,NA,NA,NA,0
100,wallet,0,NA,NA,NA,0
100,card,0,RuPay,credit,IndusInd,0
100,card,0,Visa,credit,Kotak Mahindra,0
100,card,0,RuPay,credit,IndusInd,0
100,upi,0,NA,NA,NA,0
100,wallet,0,NA,NA,NA,0
100,upi,0,NA,NA,NA,0
100,upi,0,NA,NA,NA,0
100,wallet,0,NA,NA,NA,0
100,card,0,RuPay,debit,Indian Bank,0
100,upi,0,NA,NA,NA,0
100,upi,0,NA,NA,NA,0
100,upi,0,NA,NA,NA,0
100,card,0,Visa,credit,SBI,0
100,card,0,American Express,debit,HDFC,0
100,pay later,0,NA,NA,NA,0
100,upi,0,NA,NA,NA,0
100,netbanking,0,NA,NA,NA,0
100,card,0,Mastercard,debit,Yes Bank,1
100,card,0,RuPay,debit,Bank of Baroda,0
100,upi,0,NA,NA,NA,0
100,upi,0,NA,NA,NA,0
100,card,0,Mastercard,credit,Yes Bank,0
100,upi,0,NA,NA,NA,0
100,netbanking,0,NA,NA,NA,0
100,netbanking,0,NA,NA,NA,1
100,card,0,Visa,debit,Indian Bank,0
100,upi,0,NA,NA,NA,0
100,netbanking,0,NA,NA,NA,0
100,emi,0,Visa,credit,Kotak Mahindra,1
100,card,0,Mastercard,debit,Kotak Mahindra,0
100,netbanking,0,NA,NA,NA,0
100,card,0,RuPay,credit,SBI,0
100,netbanking,0,NA,NA,NA,0
100,netbanking,0,NA,NA,NA,0
100,upi,0,NA,NA,NA,0
100,upi,0,NA,NA,NA,0
100,pay later,0,NA,NA,NA,0
100,card,0,American Express,debit,SBI,0
100,card,0,Discover,credit,SBI,0
100,card,0,Mastercard,credit,IndusInd,0
100,card,0,Visa,credit,IndusInd,0
100,pay later,0,NA,NA,NA,0
100,netbanking,0,NA,NA,NA,0
100,upi,0,NA,NA,NA,0
100,netbanking,0,NA,NA,NA,0
100,netbanking,0,NA,NA,NA,0
100,upi,0,NA,NA,NA,0
100,upi,0,NA,NA,NA,0
100,upi,0,NA,NA,NA,1
100,card,0,Visa,debit,Axis,0
100,upi,0,NA,NA,NA,0
100,card,0,RuPay,debit,HDFC,0
100,card,0,RuPay,credit,Axis,0
100,upi,0,NA,NA,NA,0
100,upi,0,NA,NA,NA,0
100,upi,0,NA,NA,NA,0
100,upi,0,NA,NA,NA,0
100,card,0,Mastercard,credit,IndusInd,0
100,netbanking,0,NA,NA,NA,0
100,card,0,RuPay,credit,HDFC,0
100,card,0,Mastercard,credit,HDFC,0
100,upi,0,NA,NA,NA,0
100,upi,0,NA,NA,NA,0
100,card,0,Discover,credit,HDFC,0
100,pay later,0,NA,NA,NA,1
100,netbanking,0,NA,NA,NA,0
100,upi,0,NA,NA,NA,0
100,netbanking,0,NA,NA,NA,0
100,emi,0,Visa,credit,HDFC,0
100,upi,0,NA,NA,NA,0
100,card,0,Visa,credit,HDFC,1
100,upi,0,NA,NA,NA,1
100,card,0,Mastercard,credit,HDFC,0
100,netbanking,0,NA,NA,NA,0
100,card,0,Visa,prepaid,HDFC,0
100,netbanking,0,NA,NA,NA,1
100,emi,0,Visa,credit,Punjab National Bank,0
100,upi,0,NA,NA,NA,0
100,card,0,Visa,credit,HDFC,0
100,upi,0,NA,NA,NA,0
100,card,0,Visa,prepaid,Kotak Mahindra,0
100,upi,0,NA,NA,NA,0
100,netbanking,0,NA,NA,NA,0
100,emi,0,Visa,credit,SBI,1
100,card,0,Visa,credit,ICICI,0
100,upi,0,NA,NA,NA,0
100,upi,0,NA,NA,NA,0
100,netbanking,0,NA,NA,NA,0
100,netbanking,0,NA,NA,NA,0
100,netbanking,0,NA,NA,NA,0
100,card,0,Mastercard,debit,SBI,0
100,upi,0,NA,NA,NA,0
100,netbanking,0,NA,NA,NA,0
100,netbanking,0,NA,NA,NA,0
100,upi,0,NA,NA,NA,0
100,netbanking,0,NA,NA,NA,0
100,wallet,0,NA,NA,NA,0
100,netbanking,0,NA,NA,NA,0
100,upi,0,NA,NA,NA,0
100,card,0,Mastercard,credit,ICICI,0
100,card,0,Mastercard,credit,HDFC,0
100,wallet,0,NA,NA,NA,0
100,wallet,0,NA,NA,NA,0
100,netbanking,0,NA,NA,NA,0
100,upi,0,NA,NA,NA,0
100,emi,0,Discover,debit,Axis,0
100,emi,0,Discover,credit,Bank of Baroda,0
100,card,0,RuPay,credit,Federal Bank,0
100,netbanking,0,NA,NA,NA,0
100,netbanking,0,NA,NA,NA,0
100,card,0,RuPay,credit,HDFC,0
100,card,0,RuPay,debit,SBI,0
100,wallet,0,NA,NA,NA,0
100,card,0,Mastercard,prepaid,IndusInd,0
100,card,0,Mastercard,debit,HDFC,0
100,upi,0,NA,NA,NA,0
100,card,0,Visa,prepaid,Axis,0
100,upi,0,NA,NA,NA,0
100,upi,0,NA,NA,NA,0
100,card,0,Visa,debit,RBL,1
100,card,0,Diners,prepaid,IDFC First,0
100,wallet,0,NA,NA,NA,0
100,wallet,0,NA,NA,NA,0
100,card,0,Mastercard,credit,HDFC,0
100,upi,0,NA,NA,NA,0
100,emi,0,Mastercard,debit,Axis,0
100,card,0,RuPay,debit,IndusInd,0
100,card,0,Mastercard,credit,Axis,0
100,netbanking,0,NA,NA,NA,0
100,upi,0,NA,NA,NA,0
100,card,0,RuPay,debit,ICICI,0
100,upi,0,NA,NA,NA,0
100,wallet,0,NA,NA,NA,0
100,upi,0,NA,NA,NA,0
100,card,0,Mastercard,debit,ICICI,0
100,upi,0,NA,NA,NA,0
100,card,0,Visa,credit,Kotak Mahindra,0
100,upi,0,NA,NA,NA,0
100,wallet,0,NA,NA,NA,0
100,card,0,Visa,debit,ICICI,0
100,card,0,RuPay,credit,Union Bank,0
100,emi,0,Diners,debit,SBI,0
100,card,0,American Express,credit,ICICI,1
100,upi,0,NA,NA,NA,0
100,upi,0,NA,NA,NA,0
100,card,0,Discover,debit,IDFC First,0
100,pay later,0,NA,NA,NA,0
100,upi,0,NA,NA,NA,0
100,upi,0,NA,NA,NA,0
100,card,0,Mastercard,debit,HDFC,0
100,wallet,0,NA,NA,NA,0
100,upi,0,NA,NA,NA,0
100,card,0,Visa,prepaid,IndusInd,1
100,wallet,0,NA,NA,NA,0
100,card,0,Mastercard,credit,IndusInd,0
100,card,0,American Express,credit,HDFC,0
100,card,0,Mastercard,debit,Axis,1
100,upi,0,NA,NA,NA,0
100,emi,0,Visa,debit,HDFC,0
100,pay later,0,NA,NA,NA,0
100,upi,0,NA,NA,NA,0
100,upi,0,NA,NA,NA,0
100,upi,0,NA,NA,NA,0
100,upi,0,NA,NA,NA,0
100,upi,0,NA,NA,NA,0
100,card,0,Visa,credit,IDFC First,0
100,upi,0,NA,NA,NA,0
100,upi,0,NA,NA,NA,0
100,card,0,Mastercard,credit,SBI,0
100,netbanking,0,NA,NA,NA,0
100,card,0,Visa,debit,Federal Bank,0
100,card,0,Mastercard,credit,Federal Bank,0
100,upi,0,NA,NA,NA,0
100,card,0,Visa,credit,Bank of Baroda,0
100,upi,0,NA,NA,NA,0
100,upi,0,NA,NA,NA,0
100,upi,0,NA,NA,NA,0
100,emi,0,Visa,debit,SBI,0
100,pay later,0,NA,NA,NA,0
100,card,0,Visa,debit,Bank of Baroda,0
100,wallet,0,NA,NA,NA,0
100,upi,0,NA,NA,NA,0
100,emi,0,Mastercard,debit,Axis,0
100,card,0,Visa,credit,HDFC,0
100,card,0,Mastercard,debit,SBI,0
100,card,0,RuPay,debit,Axis,0
100,upi,0,NA,NA,NA,0
100,upi,0,NA,NA,NA,0
100,upi,0,NA,NA,NA,0
100,upi,0,NA,NA,NA,0
100,netbanking,0,NA,NA,NA,0
100,wallet,0,NA,NA,NA,0
100,pay later,0,NA,NA,NA,0
100,card,0,Visa,debit,Yes Bank,1
100,card,0,RuPay,debit,HDFC,0
100,pay later,0,NA,NA,NA,0
100,emi,0,Mastercard,credit,IDFC First,0
100,netbanking,0,NA,NA,NA,0
100,upi,0,NA,NA,NA,0
100,emi,0,RuPay,credit,SBI,0
100,card,0,Discover,debit,Axis,0
100,card,0,RuPay,credit,HDFC,0
100,netbanking,0,NA,NA,NA,0
100,upi,0,NA,NA,NA,0
100,netbanking,0,NA,NA,NA,0
100,netbanking,0,NA,NA,NA,0
100,upi,0,NA,NA,NA,0
100,wallet,0,NA,NA,NA,0
100,upi,0,NA,NA,NA,0
100,card,0,RuPay,debit,RBL,0
100,upi,0,NA,NA,NA,0
100,upi,0,NA,NA,NA,0
100,netbanking,0,NA,NA,NA,0
100,netbanking,0,NA,NA,NA,0
100,emi,0,Visa,prepaid,HDFC,0
100,upi,0,NA,NA,NA,0
100,upi,0,NA,NA,NA,0
100,upi,0,NA,NA,NA,0
100,card,0,American Express,credit,Axis,0
100,upi,0,NA,NA,NA,0
100,pay later,0,NA,NA,NA,0
100,netbanking,0,NA,NA,NA,0
100,emi,0,Mastercard,credit,SBI,0
100,upi,0,NA,NA,NA,0
100,upi,0,NA,NA,NA,0
100,pay later,0,NA,NA,NA,0
100,netbanking,0,NA,NA,NA,0
100,netbanking,0,NA,NA,NA,0
100,emi,0,Mastercard,debit,Yes Bank,0
100,card,0,Mastercard,debit,SBI,0
100,upi,0,NA,NA,NA,0
100,card,0,Mastercard,debit,Kotak Mahindra,0
100,pay later,0,NA,NA,NA,0
100,upi,0,NA,NA,NA,0
100,upi,0,NA,NA,NA,0
100,upi,0,NA,NA,NA,0
100,upi,0,NA,NA,NA,0
100,wallet,0,NA,NA,NA,0
100,upi,0,NA,NA,NA,0
100,wallet,0,NA,NA,NA,0
100,pay later,0,NA,NA,NA,1
100,card,0,Mastercard,debit,IndusInd,0
100,card,0,Mastercard,debit,HDFC,0
100,card,0,Mastercard,credit,Yes Bank,0
100,emi,0,Mastercard,debit,Yes Bank,0
100,card,0,Mastercard,credit,IndusInd,0
100,upi,0,NA,NA,NA,0
100,card,0,Discover,credit,IndusInd,0
100,upi,0,NA,NA,NA,0
100,pay later,0,NA,NA,NA,0
100,upi,0,NA,NA,NA,0
100,wallet,0,NA,NA,NA,0
100,wallet,0,NA,NA,NA,0
100,pay later,0,NA,NA,NA,0
100,upi,0,NA,NA,NA,0
100,pay later,0,NA,NA,NA,0
100,upi,0,NA,NA,NA,0
100,card,0,Mastercard,credit,Axis,0
100,emi,0,RuPay,debit,Yes Bank,0
100,card,0,Visa,debit,IDFC First,0
100,emi,0,Discover,credit,Axis,0
100,wallet,0,NA,NA,NA,0
100,upi,0,NA,NA,NA,0
100,card,0,Mastercard,credit,Axis,0
100,wallet,0,NA,NA,NA,0
100,pay later,0,NA,NA,NA,0
100,netbanking,0,NA,NA,NA,0
100,upi,0,NA,NA,NA,0
100,pay later,0,NA,NA,NA,0
100,card,0,Visa,debit,SBI,0
100,upi,0,NA,NA,NA,0
100,card,0,Diners,credit,ICICI,0
100,upi,0,NA,NA,NA,0
100,card,0,RuPay,debit,ICICI,0
100,card,0,RuPay,credit,HDFC,0
100,upi,0,NA,NA,NA,0
100,upi,0,NA,NA,NA,0
100,card,0,Diners,credit,Kotak Mahindra,0
100,netbanking,0,NA,NA,NA,0
100,netbanking,0,NA,NA,NA,0
100,upi,0,NA,NA,NA,0
100,card,0,American Express,credit,ICICI,0
100,pay later,0,NA,NA,NA,0
100,card,0,Mastercard,credit,ICICI,0
100,wallet,0,NA,NA,NA,1
100,card,0,Mastercard,credit,Kotak Mahindra,0
100,card,0,RuPay,debit,Kotak Mahindra,0
100,card,0,Mastercard,credit,ICICI,1
100,pay later,0,NA,NA,NA,0
100,upi,0,NA,NA,NA,0
100,upi,0,NA,NA,NA,0
100,card,0,RuPay,credit,SBI,0
100,netbanking,0,NA,NA,NA,0
100,card,0,RuPay,prepaid,HDFC,0
100,netbanking,0,NA,NA,NA,0
100,emi,0,Mastercard,prepaid,Axis,0
100,pay later,0,NA,NA,NA,0
100,emi,0,Mastercard,prepaid,Axis,0
100,upi,0,NA,NA,NA,0
100,upi,0,NA,NA,NA,0
100,upi,0,NA,NA,NA,0
100,wallet,0,NA,NA,NA,0
100,upi,0,NA,NA,NA,0
100,upi,0,NA,NA,NA,0
100,wallet,0,NA,NA,NA,0
100,wallet,0,NA,NA,NA,0
100,upi,0,NA,NA,NA,0
100,upi,0,NA,NA,NA,0
100,upi,0,NA,NA,NA,0
100,netbanking,0,NA,NA,NA,0
100,card,0,Mastercard,credit,Bank of Baroda,1
100,upi,0,NA,NA,NA,0
100,wallet,0,NA,NA,NA,1
100,card,0,Mastercard,credit,Kotak Mahindra,0
100,upi,0,NA,NA,NA,0
100,wallet,0,NA,NA,NA,0
100,card,0,Mastercard,credit,HDFC,0
100,netbanking,0,NA,NA,NA,0
100,card,0,RuPay,debit,HDFC,0
100,netbanking,0,NA,NA,NA,1
100,card,0,Visa,credit,Kotak Mahindra,0
100,upi,0,NA,NA,NA,0
100,card,0,Visa,credit,ICICI,0
100,emi,0,Visa,debit,HDFC,0
100,upi,0,NA,NA,NA,0
100,upi,0,NA,NA,NA,0
100,upi,0,NA,NA,NA,0
100,wallet,0,NA,NA,NA,0
100,card,0,Visa,credit,SBI,0
100,emi,0,Visa,debit,SBI,0
100,emi,0,RuPay,credit,IDFC First,0
100,card,0,Mastercard,credit,Axis,0
100,upi,0,NA,NA,NA,0
100,upi,0,NA,NA,NA,0
100,card,0,Mastercard,credit,Union Bank,0
100,card,0,Visa,debit,HDFC,0
100,upi,0,NA,NA,NA,0
100,upi,0,NA,NA,NA,1
100,upi,0,NA,NA,NA,0
100,card,0,Visa,credit,ICICI,0
100,card,0,Mastercard,prepaid,Yes Bank,0
100,upi,0,NA,NA,NA,0
100,wallet,0,NA,NA,NA,0
100,upi,0,NA,NA,NA,0
100,upi,0,NA,NA,NA,0
100,card,0,American Express,debit,SBI,0
100,upi,0,NA,NA,NA,0
100,card,0,Mastercard,credit,Bank of Baroda,0
100,upi,0,NA,NA,NA,0
100,upi,0,NA,NA,NA,0
100,upi,0,NA,NA,NA,0
100,emi,0,Mastercard,credit,IndusInd,0
100,pay later,0,NA,NA,NA,0
100,upi,0,NA,NA,NA,0
100,netbanking,0,NA,NA,NA,0
100,card,0,Discover,credit,SBI,0
100,wallet,0,NA,NA,NA,0
100,upi,0,NA,NA,NA,0
100,emi,0,Visa,credit,Indian Bank,0
100,card,0,RuPay,debit,RBL,1
100,netbanking,0,NA,NA,NA,0
100,upi,0,NA,NA,NA,0
100,wallet,0,NA,NA,NA,0
100,card,0,Visa,debit,IDFC First,0
100,upi,0,NA,NA,NA,0
100,netbanking,0,NA,NA,NA,0
100,emi,0,Mastercard,credit,Bank of Baroda,1
100,upi,0,NA,NA,NA,0
100,card,0,RuPay,debit,Yes Bank,0
100,card,0,RuPay,prepaid,Canara Bank,0
100,card,0,Mastercard,debit,IndusInd,0
100,upi,0,NA,NA,NA,0
100,card,0,Visa,prepaid,SBI,0
100,card,0,RuPay,debit,HDFC,0
100,pay later,0,NA,NA,NA,0
100,netbanking,0,NA,NA,NA,0
100,card,0,Visa,debit,Kotak Mahindra,0
100,upi,0,NA,NA,NA,0
100,wallet,0,NA,NA,NA,0
100,upi,0,NA,NA,NA,0
100,card,0,RuPay,credit,ICICI,0
100,upi,0,NA,NA,NA,0
100,upi,0,NA,NA,NA,0
100,card,0,Visa,debit,IDFC First,0
100,pay later,0,NA,NA,NA,0
100,netbanking,0,NA,NA,NA,0
100,upi,0,NA,NA,NA,0
100,wallet,0,NA,NA,NA,0
100,upi,0,NA,NA,NA,0
100,emi,0,Visa,credit,SBI,0
100,pay later,0,NA,NA,NA,0
100,netbanking,0,NA,NA,NA,0
100,emi,0,Visa,debit,ICICI,0
100,card,0,Visa,credit,ICICI,0
100,card,0,RuPay,debit,Punjab National Bank,0
100,emi,0,Mastercard,debit,SBI,0
100,card,0,Mastercard,debit,ICICI,0
100,pay later,0,NA,NA,NA,0
100,upi,0,NA,NA,NA,0
100,card,0,Visa,credit,IndusInd,0
100,upi,0,NA,NA,NA,0
100,card,0,Diners,credit,HDFC,1
100,card,0,Discover,credit,ICICI,0
100,card,0,Visa,credit,Axis,0
100,upi,0,NA,NA,NA,0
100,upi,0,NA,NA,NA,0
100,card,0,Mastercard,debit,HDFC,0
100,wallet,0,NA,NA,NA,1
100,emi,0,Visa,debit,IndusInd,0
100,card,0,Mastercard,prepaid,Federal Bank,0
100,card,0,Discover,credit,IndusInd,0
100,card,0,Visa,credit,Canara Bank,0
100,wallet,0,NA,NA,NA,0
100,wallet,0,NA,NA,NA,0
100,upi,0,NA,NA,NA,0
100,upi,0,NA,NA,NA,0
100,upi,0,NA,NA,NA,1
100,upi,0,NA,NA,NA,0
100,upi,0,NA,NA,NA,0
100,upi,0,NA,NA,NA,0
100,card,0,Discover,credit,Kotak Mahindra,0
100,card,0,Discover,credit,HDFC,0
100,upi,0,NA,NA,NA,0
100,card,0,Visa,credit,Axis,0
100,card,0,Visa,debit,Punjab National Bank,0
100,card,0,Visa,debit,HDFC,0
100,pay later,0,NA,NA,NA,0
100,emi,0,Mastercard,credit,SBI,0
100,upi,0,NA,NA,NA,0
100,pay later,0,NA,NA,NA,0
100,upi,0,NA,NA,NA,0
100,upi,0,NA,NA,NA,0
100,netbanking,0,NA,NA,NA,0
100,card,0,Visa,debit,RBL,0
100,upi,0,NA,NA,NA,0
100,upi,0,NA,NA,NA,0
100,card,0,Visa,prepaid,HDFC,0
100,upi,0,NA,NA,NA,0
100,upi,0,NA,NA,NA,0
100,netbanking,0,NA,NA,NA,0
100,card,0,Discover,credit,Kotak Mahindra,0
100,card,0,Mastercard,credit,ICICI,0
100,netbanking,0,NA,NA,NA,0
100,emi,0,Mastercard,debit,ICICI,0
100,upi,0,NA,NA,NA,0
100,upi,0,NA,NA,NA,0
100,wallet,0,NA,NA,NA,0
100,card,0,RuPay,credit,ICICI,0
100,pay later,0,NA,NA,NA,0
100,card,0,Visa,debit,ICICI,0
100,netbanking,0,NA,NA,NA,0
100,card,0,Visa,debit,ICICI,0
100,card,0,Diners,debit,IndusInd,0
100,upi,0,NA,NA,NA,0
100,upi,0,NA,NA,NA,0
100,card,0,RuPay,credit,ICICI,0
100,upi,0,NA,NA,NA,0
100,emi,0,Mastercard,debit,Axis,0
100,upi,0,NA,NA,NA,0
100,upi,0,NA,NA,NA,0
100,wallet,0,NA,NA,NA,0
100,emi,0,RuPay,credit,HDFC,0
100,upi,0,NA,NA,NA,0
100,card,0,Mastercard,debit,IDFC First,1
100,card,0,RuPay,debit,SBI,0
100,wallet,0,NA,NA,NA,0
100,upi,0,NA,NA,NA,0
100,upi,0,NA,NA,NA,0
100,netbanking,0,NA,NA,NA,1
100,netbanking,0,NA,NA,NA,0
100,card,0,Mastercard,credit,IndusInd,1
100,card,0,Visa,debit,IDFC First,0
100,card,0,Mastercard,debit,IndusInd,0
100,card,0,Visa,credit,ICICI,0
100,upi,0,NA,NA,NA,0
100,card,0,Discover,credit,Axis,0
100,emi,0,Visa,debit,Canara Bank,0
100,netbanking,0,NA,NA,NA,0
100,upi,0,NA,NA,NA,0
100,upi,0,NA,NA,NA,0
100,upi,0,NA,NA,NA,0
100,card,0,Visa,credit,HDFC,0
100,upi,0,NA,NA,NA,0
100,emi,0,Visa,credit,Kotak Mahindra,0
100,wallet,0,NA,NA,NA,0
100,upi,0,NA,NA,NA,0
100,netbanking,0,NA,NA,NA,0
100,netbanking,0,NA,NA,NA,0
100,wallet,0,NA,NA,NA,0
100,card,0,Mastercard,credit,SBI,1
100,pay later,0,NA,NA,NA,0
100,card,0,Visa,debit,Indian Bank,0
100,upi,0,NA,NA,NA,0
100,card,0,Visa,debit,SBI,0
100,upi,0,NA,NA,NA,0
100,emi,0,Mastercard,debit,Axis,0
100,card,0,Visa,prepaid,Yes Bank,0
100,card,0,Mastercard,prepaid,Union Bank,0
100,upi,0,NA,NA,NA,0
100,emi,0,Visa,debit,IndusInd,0
100,upi,0,NA,NA,NA,0
100,netbanking,0,NA,NA,NA,0
100,card,0,Visa,credit,Kotak Mahindra,0
100,upi,0,NA,NA,NA,0
100,upi,0,NA,NA,NA,0
100,pay later,0,NA,NA,NA,0
100,upi,0,NA,NA,NA,0
100,upi,0,NA,NA,NA,0
100,netbanking,0,NA,NA,NA,0
100,wallet,0,NA,NA,NA,0
100,upi,0,NA,NA,NA,0
100,upi,0,NA,NA,NA,0
100,upi,0,NA,NA,NA,0
100,card,0,Mastercard,credit,IndusInd,1
100,pay later,0,NA,NA,NA,0
100,wallet,0,NA,NA,NA,1
100,upi,0,NA,NA,NA,0
100,card,0,American Express,credit,ICICI,0
100,card,0,RuPay,credit,IDFC First,0
100,card,0,Visa,credit,Bank of Baroda,0
100,netbanking,0,NA,NA,NA,0
100,card,0,RuPay,credit,HDFC,0
100,pay later,0,NA,NA,NA,0
100,emi,0,RuPay,debit,Kotak Mahindra,0
100,card,0,Visa,debit,ICICI,1
100,card,0,Mastercard,credit,Axis,0
100,card,0,Visa,debit,SBI,0
100,wallet,0,NA,NA,NA,0
100,card,0,Mastercard,credit,Kotak Mahindra,0
100,upi,0,NA,NA,NA,0
100,card,0,RuPay,debit,Axis,0
100,card,0,Mastercard,debit,ICICI,0
100,wallet,0,NA,NA,NA,1
100,card,0,Visa,credit,HDFC,0
100,card,0,Diners,credit,ICICI,1
100,card,0,Visa,credit,Yes Bank,0
100,upi,0,NA,NA,NA,0
100,card,0,RuPay,debit,Axis,1
100,upi,0,NA,NA,NA,0
100,upi,0,NA,NA,NA,0
100,netbanking,0,NA,NA,NA,0
100,upi,0,NA,NA,NA,0
100,upi,0,NA,NA,NA,0
100,pay later,0,NA,NA,NA,0
100,upi,0,NA,NA,NA,0
100,upi,0,NA,NA,NA,0
100,wallet,0,NA,NA,NA,0
100,upi,0,NA,NA,NA,0
100,card,0,Mastercard,debit,Union Bank,0
100,upi,0,NA,NA,NA,0
100,upi,0,NA,NA,NA,0
100,pay later,0,NA,NA,NA,0
100,netbanking,0,NA,NA,NA,0
100,card,0,Mastercard,debit,Kotak Mahindra,0
100,upi,0,NA,NA,NA,0
100,wallet,0,NA,NA,NA,0
100,netbanking,0,NA,NA,NA,0
100,upi,0,NA,NA,NA,0
100,pay later,0,NA,NA,NA,0
100,card,0,Mastercard,credit,IndusInd,0
100,card,0,Mastercard,credit,HDFC,0
100,card,0,Visa,credit,SBI,0
100,upi,0,NA,NA,NA,0
100,emi,0,Visa,credit,IndusInd,0
100,wallet,0,NA,NA,NA,0
100,upi,0,NA,NA,NA,0
100,pay later,0,NA,NA,NA,0
100,wallet,0,NA,NA,NA,0
100,upi,0,NA,NA,NA,0
100,netbanking,0,NA,NA,NA,0
100,upi,0,NA,NA,NA,0
100,upi,0,NA,NA,NA,0
100,wallet,0,NA,NA,NA,0
100,upi,0,NA,NA,NA,0
100,emi,0,RuPay,credit,Kotak Mahindra,0
100,netbanking,0,NA,NA,NA,0
100,card,0,Mastercard,credit,SBI,0
100,netbanking,0,NA,NA,NA,0
100,card,0,Mastercard,credit,Axis,0
100,wallet,0,NA,NA,NA,0
100,upi,0,NA,NA,NA,0
100,upi,0,NA,NA,NA,0
100,upi,0,NA,NA,NA,0
100,pay later,0,NA,NA,NA,0
100,upi,0,NA,NA,NA,0
100,upi,0,NA,NA,NA,0
100,card,0,Visa,credit,Federal Bank,0
100,upi,0,NA,NA,NA,0
100,upi,0,NA,NA,NA,0
100,card,0,Mastercard,debit,IndusInd,0
100,emi,0,Visa,credit,RBL,0
100,emi,0,RuPay,debit,Axis,0
100,netbanking,0,NA,NA,NA,0
100,card,0,Mastercard,credit,Kotak Mahindra,0
100,emi,0,American Express,debit,HDFC,0
100,wallet,0,NA,NA,NA,0
100,emi,0,Mastercard,debit,SBI,1
100,card,0,Visa,credit,IndusInd,0
100,upi,0,NA,NA,NA,0
100,netbanking,0,NA,NA,NA,0
100,upi,0,NA,NA,NA,0
100,upi,0,NA,NA,NA,0
100,netbanking,0,NA,NA,NA,0
100,card,0,Mastercard,credit,HDFC,0
100,card,0,Mastercard,credit,HDFC,0
100,emi,0,Visa,debit,IDFC First,0
100,upi,0,NA,NA,NA,0
100,card,0,RuPay,credit,ICICI,0
100,pay later,0,NA,NA,NA,0
100,upi,0,NA,NA,NA,0
100,upi,0,NA,NA,NA,0
100,upi,0,NA,NA,NA,0
100,card,0,Mastercard,credit,IndusInd,0
100,upi,0,NA,NA,NA,0
100,upi,0,NA,NA,NA,0
100,upi,0,NA,NA,NA,0
100,pay later,0,NA,NA,NA,1
100,card,0,Diners,debit,Axis,0
100,emi,0,Visa,credit,IndusInd,0
100,wallet,0,NA,NA,NA,0
100,wallet,0,NA,NA,NA,0
100,emi,0,American Express,credit,HDFC,1
100,pay later,0,NA,NA,NA,0
100,upi,0,NA,NA,NA,0
100,wallet,0,NA,NA,NA,0
100,card,0,Mastercard,credit,Yes Bank,0
100,card,0,Diners,debit,Bank of Baroda,0
100,netbanking,0,NA,NA,NA,0
100,upi,0,NA,NA,NA,0
100,upi,0,NA,NA,NA,0
100,pay later,0,NA,NA,NA,1
100,emi,0,Visa,credit,Axis,0
100,card,0,Mastercard,debit,ICICI,1
100,wallet,0,NA,NA,NA,0
100,card,0,Mastercard,credit,Union Bank,0
100,upi,0,NA,NA,NA,0
100,wallet,0,NA,NA,NA,0
100,emi,0,Visa,credit,Bank of Baroda,0
100,card,0,Discover,debit,RBL,0
100,wallet,0,NA,NA,NA,0
100,card,0,Mastercard,credit,SBI,0
100,emi,0,Mastercard,credit,IDFC First,0
100,upi,0,NA,NA,NA,0
100,upi,0,NA,NA,NA,0
100,upi,0,NA,NA,NA,0
100,upi,0,NA,NA,NA,0
100,card,0,Visa,credit,ICICI,0
100,pay later,0,NA,NA,NA,0
100,upi,0,NA,NA,NA,0
100,card,0,RuPay,credit,Axis,0
100,pay later,0,NA,NA,NA,0
100,card,0,Diners,debit,ICICI,0
100,upi,0,NA,NA,NA,0
100,upi,0,NA,NA,NA,0
100,pay later,0,NA,NA,NA,0
100,netbanking,0,NA,NA,NA,0
100,netbanking,0,NA,NA,NA,0
100,pay later,0,NA,NA,NA,0
100,card,0,Diners,debit,ICICI,0
100,card,0,Mastercard,credit,IndusInd,1
100,netbanking,0,NA,NA,NA,0
100,upi,0,NA,NA,NA,0
100,netbanking,0,NA,NA,NA,0
100,wallet,0,NA,NA,NA,0
100,card,0,Visa,credit,Canara Bank,0
100,card,0,RuPay,debit,ICICI,0
100,upi,0,NA,NA,NA,0
100,card,0,Mastercard,credit,IDFC First,0
100,card,0,Visa,prepaid,HDFC,0
100,card,0,Discover,credit,ICICI,0
100,upi,0,NA,NA,NA,0
100,card,0,Diners,prepaid,ICICI,0
100,wallet,0,NA,NA,NA,0
100,upi,0,NA,NA,NA,0
100,card,0,RuPay,debit,Union Bank,0
100,netbanking,0,NA,NA,NA,0
100,netbanking,0,NA,NA,NA,0
100,emi,0,Visa,debit,SBI,0
100,card,0,Mastercard,debit,Federal Bank,0
100,upi,0,NA,NA,NA,0
100,pay later,0,NA,NA,NA,0
100,upi,0,NA,NA,NA,0
100,netbanking,0,NA,NA,NA,0
100,upi,0,NA,NA,NA,0
100,upi,0,NA,NA,NA,0
100,card,0,Mastercard,credit,IndusInd,0
100,card,0,Mastercard,debit,SBI,0
100,card,0,Diners,debit,Canara Bank,0
100,upi,0,NA,NA,NA,0
100,card,0,Mastercard,credit,Axis,0
100,netbanking,0,NA,NA,NA,0
100,card,0,RuPay,credit,SBI,0
100,upi,0,NA,NA,NA,0
100,upi,0,NA,NA,NA,0
100,wallet,0,NA,NA,NA,0
100,card,0,Mastercard,debit,HDFC,1
100,upi,0,NA,NA,NA,0
100,upi,0,NA,NA,NA,0
100,netbanking,0,NA,NA,NA,1
100,upi,0,NA,NA,NA,0
100,card,0,Mastercard,debit,Canara Bank,0
100,emi,0,Visa,debit,SBI,1
100,card,0,Visa,credit,Canara Bank,0
100,upi,0,NA,NA,NA,0
100,card,0,American Express,credit,HDFC,0
100,upi,0,NA,NA,NA,0
100,netbanking,0,NA,NA,NA,0
100,pay later,0,NA,NA,NA,0
100,card,0,Visa,credit,Federal Bank,0
100,upi,0,NA,NA,NA,0
100,upi,0,NA,NA,NA,0
100,emi,0,Mastercard,debit,IndusInd,0
100,upi,0,NA,NA,NA,0
100,wallet,0,NA,NA,NA,0
100,card,0,Visa,credit,IDFC First,0
100,card,0,Mastercard,debit,Axis,0
100,wallet,0,NA,NA,NA,0
100,upi,0,NA,NA,NA,0
100,card,0,Diners,debit,ICICI,0
100,pay later,0,NA,NA,NA,0
100,netbanking,0,NA,NA,NA,0
100,upi,0,NA,NA,NA,0
100,card,0,Mastercard,debit,Yes Bank,0
100,upi,0,NA,NA,NA,0
100,upi,0,NA,NA,NA,0
100,card,0,Mastercard,prepaid,Axis,1
100,card,0,Visa,credit,SBI,0
100,upi,0,NA,NA,NA,0
100,netbanking,0,NA,NA,NA,0
100,upi,0,NA,NA,NA,0
100,upi,0,NA,NA,NA,0
100,card,0,American Express,credit,SBI,0
100,wallet,0,NA,NA,NA,0
100,card,0,Diners,debit,Axis,0
100,upi,0,NA,NA,NA,0
100,netbanking,0,NA,NA,NA,0
100,netbanking,0,NA,NA,NA,0
100,card,0,Visa,debit,SBI,0
100,netbanking,0,NA,NA,NA,0
100,upi,0,NA,NA,NA,0
100,upi,0,NA,NA,NA,0
100,card,0,Visa,credit,ICICI,0
100,card,0,Mastercard,credit,Axis,0
100,pay later,0,NA,NA,NA,0
100,pay later,0,NA,NA,NA,0
100,card,0,RuPay,debit,RBL,0
100,card,0,Visa,debit,Axis,0
100,emi,0,RuPay,credit,SBI,0
100,emi,0,Discover,credit,HDFC,0
100,card,0,Mastercard,credit,Kotak Mahindra,1
100,netbanking,0,NA,NA,NA,0
100,card,0,Mastercard,credit,ICICI,0
100,netbanking,0,NA,NA,NA,0
100,card,0,Mastercard,credit,IDFC First,0
100,netbanking,0,NA,NA,NA,0
100,card,0,Visa,credit,HDFC,0
100,card,0,Mastercard,debit,IDFC First,0
100,emi,0,Visa,debit,SBI,0
100,upi,0,NA,NA,NA,0
100,card,0,Visa,credit,SBI,0
100,upi,0,NA,NA,NA,0
100,wallet,0,NA,NA,NA,0
100,upi,0,NA,NA,NA,0
100,card,0,Visa,credit,Kotak Mahindra,0
100,upi,0,NA,NA,NA,0
100,emi,0,Mastercard,debit,Yes Bank,1
100,card,0,Visa,debit,Kotak Mahindra,0
100,upi,0,NA,NA,NA,0
100,card,0,Visa,credit,SBI,0
100,pay later,0,NA,NA,NA,0
100,card,0,Visa,credit,Indian Bank,1
100,card,0,Mastercard,prepaid,Bank of Baroda,0
100,upi,0,NA,NA,NA,0
100,card,0,Mastercard,credit,Kotak Mahindra,0
100,pay later,0,NA,NA,NA,0
100,upi,0,NA,NA,NA,0
100,card,0,Mastercard,debit,ICICI,1
100,upi,0,NA,NA,NA,0
100,pay later,0,NA,NA,NA,0
100,card,0,Visa,debit,ICICI,0
100,emi,0,Visa,credit,IndusInd,0
100,upi,0,NA,NA,NA,0
100,upi,0,NA,NA,NA,0
100,netbanking,0,NA,NA,NA,0
100,upi,0,NA,NA,NA,0
100,card,0,Mastercard,credit,IDFC First,0
100,emi,0,Mastercard,credit,ICICI,0
100,emi,0,American Express,credit,HDFC,0
100,pay later,0,NA,NA,NA,0
100,netbanking,0,NA,NA,NA,0
100,card,0,Visa,debit,Kotak Mahindra,0
100,upi,0,NA,NA,NA,0
100,pay later,0,NA,NA,NA,0
100,netbanking,0,NA,NA,NA,0
100,card,0,Visa,credit,SBI,0
100,wallet,0,NA,NA,NA,0
100,emi,0,Visa,credit,RBL,0
100,card,0,Mastercard,credit,ICICI,0
100,card,0,RuPay,debit,SBI,1
100,card,0,American Express,credit,RBL,1
100,netbanking,0,NA,NA,NA,0
100,wallet,0,NA,NA,NA,0
100,card,0,RuPay,debit,SBI,0
100,emi,0,Visa,debit,IDFC First,0
100,emi,0,Diners,debit,ICICI,0
100,emi,0,RuPay,credit,RBL,0
100,card,0,Discover,debit,Axis,0
100,pay later,0,NA,NA,NA,0
100,netbanking,0,NA,NA,NA,0
100,wallet,0,NA,NA,NA,0
100,card,0,Diners,credit,Yes Bank,0
100,emi,0,Visa,debit,IDFC First,0
100,upi,0,NA,NA,NA,0
100,netbanking,0,NA,NA,NA,0
100,upi,0,NA,NA,NA,0
100,card,0,Diners,credit,SBI,0
100,upi,0,NA,NA,NA,0
100,upi,0,NA,NA,NA,0
100,card,0,Visa,credit,Axis,0
100,upi,0,NA,NA,NA,0
100,upi,0,NA,NA,NA,0
100,upi,0,NA,NA,NA,0
100,upi,0,NA,NA,NA,0
100,card,0,Mastercard,debit,Axis,0
100,card,0,Mastercard,debit,Union Bank,0
100,card,0,Mastercard,credit,SBI,0
100,upi,0,NA,NA,NA,0
100,wallet,0,NA,NA,NA,0
100,upi,0,NA,NA,NA,0
100,netbanking,0,NA,NA,NA,0
100,upi,0,NA,NA,NA,0
100,upi,0,NA,NA,NA,0
100,pay later,0,NA,NA,NA,0
100,card,0,Visa,debit,Kotak Mahindra,0
100,card,0,Mastercard,debit,SBI,1
100,card,0,Visa,debit,IndusInd,0
100,wallet,0,NA,NA,NA,0
100,wallet,0,NA,NA,NA,0
100,upi,0,NA,NA,NA,0
100,upi,0,NA,NA,NA,0
100,emi,0,Visa,prepaid,IDFC First,0
100,upi,0,NA,NA,NA,0
100,emi,0,RuPay,credit,Kotak Mahindra,0
100,card,0,Mastercard,credit,Axis,0
100,card,0,Mastercard,debit,IDFC First,0
100,card,0,Mastercard,credit,IDFC First,0
100,pay later,0,NA,NA,NA,0
100,wallet,0,NA,NA,NA,0
100,netbanking,0,NA,NA,NA,0
100,upi,0,NA,NA,NA,0
100,emi,0,Mastercard,credit,Federal Bank,0
100,wallet,0,NA,NA,NA,0
100,netbanking,0,NA,NA,NA,0
100,upi,0,NA,NA,NA,0
100,wallet,0,NA,NA,NA,0
100,card,0,RuPay,debit,IndusInd,0
100,upi,0,NA,NA,NA,0
100,netbanking,0,NA,NA,NA,0
100,upi,0,NA,NA,NA,0
100,pay later,0,NA,NA,NA,0
100,pay later,0,NA,NA,NA,0
100,upi,0,NA,NA,NA,0
100,upi,0,NA,NA,NA,0
100,netbanking,0,NA,NA,NA,0
100,upi,0,NA,NA,NA,0
100,upi,0,NA,NA,NA,0
100,pay later,0,NA,NA,NA,0
100,card,0,Visa,credit,Kotak Mahindra,0
100,upi,0,NA,NA,NA,0
100,pay later,0,NA,NA,NA,0
100,wallet,0,NA,NA,NA,0
100,card,0,Mastercard,credit,ICICI,0
100,emi,0,Visa,debit,IndusInd,0
100,netbanking,0,NA,NA,NA,0
100,upi,0,NA,NA,NA,0
100,pay later,0,NA,NA,NA,0
100,upi,0,NA,NA,NA,0
100,card,0,RuPay,credit,IDFC First,1
100,netbanking,0,NA,NA,NA,0
100,emi,0,Discover,credit,Axis,0
100,pay later,0,NA,NA,NA,0
100,pay later,0,NA,NA,NA,0
100,card,0,Visa,credit,ICICI,0
100,upi,0,NA,NA,NA,0
100,card,0,Mastercard,debit,IDFC First,0
100,upi,0,NA,NA,NA,0
100,upi,0,NA,NA,NA,0
100,card,0,Mastercard,debit,IndusInd,0
100,wallet,0,NA,NA,NA,0
100,netbanking,0,NA,NA,NA,0
100,wallet,0,NA,NA,NA,1
100,netbanking,0,NA,NA,NA,0
100,card,0,Visa,credit,SBI,0
100,upi,0,NA,NA,NA,0
100,card,0,Discover,credit,Yes Bank,0
100,upi,0,NA,NA,NA,1
100,wallet,0,NA,NA,NA,0
100,card,0,RuPay,credit,Kotak Mahindra,0
100,card,0,Mastercard,debit,Axis,0
100,upi,0,NA,NA,NA,0
100,card,0,Mastercard,prepaid,Axis,0
100,upi,0,NA,NA,NA,0
100,wallet,0,NA,NA,NA,0
100,wallet,0,NA,NA,NA,0
100,upi,0,NA,NA,NA,1
100,card,0,Visa,credit,Yes Bank,0
100,wallet,0,NA,NA,NA,0
100,upi,0,NA,NA,NA,0
100,upi,0,NA,NA,NA,0
100,upi,0,NA,NA,NA,0
100,pay later,0,NA,NA,NA,0
100,upi,0,NA,NA,NA,0
100,emi,0,Mastercard,credit,SBI,0
100,upi,0,NA,NA,NA,0
100,card,0,Diners,debit,Bank of Baroda,0
100,wallet,0,NA,NA,NA,0
100,upi,0,NA,NA,NA,0
100,card,0,Visa,credit,Punjab National Bank,0
100,emi,0,Visa,credit,RBL,0
100,netbanking,0,NA,NA,NA,0
100,upi,0,NA,NA,NA,0
100,netbanking,0,NA,NA,NA,1
100,card,0,RuPay,credit,Axis,0
100,netbanking,0,NA,NA,NA,0
100,upi,0,NA,NA,NA,0
100,upi,0,NA,NA,NA,0
100,pay later,0,NA,NA,NA,0
100,netbanking,0,NA,NA,NA,0
100,emi,0,Discover,prepaid,IndusInd,0
100,upi,0,NA,NA,NA,0
100,upi,0,NA,NA,NA,0
100,wallet,0,NA,NA,NA,0
100,upi,0,NA,NA,NA,0
100,card,0,Mastercard,credit,ICICI,0
100,card,0,Discover,credit,Bank of Baroda,0
100,upi,0,NA,NA,NA,0
100,card,0,Visa,credit,HDFC,0
100,upi,0,NA,NA,NA,0
100,emi,0,Visa,debit,SBI,0
100,emi,0,Mastercard,credit,IDFC First,1
100,card,0,RuPay,debit,SBI,0
100,card,0,Mastercard,debit,HDFC,0
100,emi,0,Visa,credit,Yes Bank,0
100,wallet,0,NA,NA,NA,0
100,upi,0,NA,NA,NA,0
100,upi,0,NA,NA,NA,0
100,upi,0,NA,NA,NA,0
100,upi,0,NA,NA,NA,0
100,card,0,Visa,credit,RBL,0
100,upi,0,NA,NA,NA,0
100,upi,0,NA,NA,NA,0
100,pay later,0,NA,NA,NA,0
100,card,0,Mastercard,credit,IDFC First,0
100,card,0,Mastercard,credit,RBL,0
100,upi,0,NA,NA,NA,0
100,emi,0,Visa,prepaid,Canara Bank,0
100,card,0,RuPay,credit,HDFC,0
100,card,0,American Express,credit,IndusInd,0
100,upi,0,NA,NA,NA,0
100,pay later,0,NA,NA,NA,0
100,emi,0,RuPay,prepaid,SBI,0
100,upi,0,NA,NA,NA,0
100,netbanking,0,NA,NA,NA,0
100,netbanking,0,NA,NA,NA,0
100,netbanking,0,NA,NA,NA,0
100,emi,0,RuPay,credit,Axis,0
100,card,0,RuPay,debit,HDFC,0
100,wallet,0,NA,NA,NA,0
100,card,0,Visa,debit,IndusInd,0
100,card,0,RuPay,credit,SBI,0
100,card,0,Mastercard,debit,Kotak Mahindra,0
100,upi,0,NA,NA,NA,0
100,emi,0,Mastercard,credit,HDFC,0
100,upi,0,NA,NA,NA,0
100,card,0,American Express,credit,HDFC,1
100,upi,0,NA,NA,NA,0
100,upi,0,NA,NA,NA,0
100,emi,0,Discover,debit,HDFC,0
100,upi,0,NA,NA,NA,0
100,upi,0,NA,NA,NA,0
100,card,0,Mastercard,debit,HDFC,0
100,card,0,Mastercard,debit,Canara Bank,0
100,card,0,RuPay,credit,ICICI,0
100,card,0,Visa,credit,ICICI,0
100,netbanking,0,NA,NA,NA,0
100,wallet,0,NA,NA,NA,0
100,netbanking,0,NA,NA,NA,0
100,upi,0,NA,NA,NA,0
100,card,0,Diners,debit,ICICI,0
100,card,0,Diners,debit,Bank of Baroda,1
100,wallet,0,NA,NA,NA,0
100,card,0,Mastercard,debit,HDFC,0
100,card,0,Visa,credit,Yes Bank,0
100,emi,0,Mastercard,debit,SBI,0
100,upi,0,NA,NA,NA,0
100,upi,0,NA,NA,NA,0
100,emi,0,Visa,credit,Bank of Baroda,0
100,card,0,Mastercard,credit,HDFC,0
100,upi,0,NA,NA,NA,0
100,upi,0,NA,NA,NA,0
100,netbanking,0,NA,NA,NA,0
100,upi,0,NA,NA,NA,0
100,upi,0,NA,NA,NA,0
100,upi,0,NA,NA,NA,0
100,card,0,American Express,credit,Yes Bank,0
100,upi,0,NA,NA,NA,0
100,netbanking,0,NA,NA,NA,1
100,upi,0,NA,NA,NA,0
100,card,0,RuPay,credit,Canara Bank,0
100,netbanking,0,NA,NA,NA,0
100,wallet,0,NA,NA,NA,0
100,upi,0,NA,NA,NA,0
100,pay later,0,NA,NA,NA,1
100,upi,0,NA,NA,NA,0
100,netbanking,0,NA,NA,NA,0
100,card,0,Visa,debit,Federal Bank,0
100,card,0,Mastercard,credit,ICICI,0
100,card,0,Mastercard,debit,SBI,0
100,netbanking,0,NA,NA,NA,0
100,netbanking,0,NA,NA,NA,0
100,upi,0,NA,NA,NA,0
100,emi,0,Visa,debit,HDFC,0
100,card,0,RuPay,debit,ICICI,0
100,card,0,Mastercard,debit,RBL,0
100,wallet,0,NA,NA,NA,0
100,upi,0,NA,NA,NA,0
100,card,0,American Express,debit,Bank of Baroda,1
100,upi,0,NA,NA,NA,0
100,card,0,Mastercard,debit,Axis,1
100,emi,0,Visa,debit,IDFC First,0
100,card,0,Visa,credit,HDFC,0
100,card,0,Visa,debit,Union Bank,0
100,wallet,0,NA,NA,NA,0
100,card,0,Mastercard,debit,Kotak Mahindra,0
100,upi,0,NA,NA,NA,0
100,card,0,RuPay,debit,ICICI,0
100,emi,0,RuPay,credit,SBI,0
100,netbanking,0,NA,NA,NA,0
100,upi,0,NA,NA,NA,0
100,upi,0,NA,NA,NA,0
100,card,0,Mastercard,credit,Axis,0
100,card,0,Mastercard,debit,IDFC First,0
100,netbanking,0,NA,NA,NA,0
100,upi,0,NA,NA,NA,0
100,upi,0,NA,NA,NA,0
100,upi,0,NA,NA,NA,0
100,upi,0,NA,NA,NA,0
100,card,0,Visa,debit,Axis,0
100,card,0,Visa,debit,Union Bank,0
100,upi,0,NA,NA,NA,0
100,card,0,Mastercard,debit,Canara Bank,0
100,card,0,Mastercard,debit,Union Bank,0
100,upi,0,NA,NA,NA,0
100,upi,0,NA,NA,NA,0
100,upi,0,NA,NA,NA,0
100,netbanking,0,NA,NA,NA,0
100,emi,0,Mastercard,credit,Kotak Mahindra,0
100,upi,0,NA,NA,NA,0
100,netbanking,0,NA,NA,NA,0
100,upi,0,NA,NA,NA,0
100,upi,0,NA,NA,NA,0
100,card,0,Mastercard,debit,Axis,0
100,card,0,Mastercard,debit,Axis,0
100,upi,0,NA,NA,NA,0
100,upi,0,NA,NA,NA,0
100,upi,0,NA,NA,NA,0
100,pay later,0,NA,NA,NA,0
100,emi,0,Diners,credit,SBI,0
100,upi,0,NA,NA,NA,0
100,pay later,0,NA,NA,NA,0
100,card,0,Visa,credit,Kotak Mahindra,0
100,upi,0,NA,NA,NA,0
100,pay later,0,NA,NA,NA,0
100,emi,0,Visa,debit,SBI,0
100,card,0,Visa,credit,IndusInd,0
100,wallet,0,NA,NA,NA,0
100,upi,0,NA,NA,NA,0
100,pay later,0,NA,NA,NA,0
100,card,0,Visa,credit,SBI,0
100,card,0,Visa,credit,Yes Bank,0
100,pay later,0,NA,NA,NA,0
100,upi,0,NA,NA,NA,0
100,upi,0,NA,NA,NA,0
100,upi,0,NA,NA,NA,0
100,wallet,0,NA,NA,NA,0
100,card,0,Mastercard,credit,Union Bank,0
100,upi,0,NA,NA,NA,0
100,card,0,Diners,credit,Axis,0
100,upi,0,NA,NA,NA,0
100,emi,0,Visa,credit,Bank of Baroda,0
100,upi,0,NA,NA,NA,0
100,emi,0,RuPay,credit,IndusInd,0
100,emi,0,Diners,debit,Yes Bank,0
100,wallet,0,NA,NA,NA,0
100,pay later,0,NA,NA,NA,0
100,upi,0,NA,NA,NA,0
100,card,0,Discover,credit,IDFC First,0
100,card,0,Mastercard,debit,Yes Bank,1
100,netbanking,0,NA,NA,NA,0
100,upi,0,NA,NA,NA,0
100,emi,0,Mastercard,credit,SBI,0
100,card,0,Mastercard,credit,Kotak Mahindra,0
100,upi,0,NA,NA,NA,0
100,card,0,Diners,credit,IndusInd,0
100,emi,0,Visa,credit,Bank of Baroda,0
100,card,0,Mastercard,credit,ICICI,0
100,upi,0,NA,NA,NA,0
100,upi,0,NA,NA,NA,0
100,card,0,Mastercard,debit,Bank of Baroda,0
100,netbanking,0,NA,NA,NA,0
100,upi,0,NA,NA,NA,1
100,emi,0,RuPay,credit,HDFC,0
100,pay later,0,NA,NA,NA,0
100,card,0,Visa,credit,Axis,0
100,card,0,Mastercard,prepaid,HDFC,0
100,upi,0,NA,NA,NA,0
100,wallet,0,NA,NA,NA,0
100,emi,0,Visa,debit,Axis,0
100,upi,0,NA,NA,NA,0
100,card,0,Visa,credit,HDFC,0
100,emi,0,Visa,credit,Kotak Mahindra,0
100,upi,0,NA,NA,NA,0
100,upi,0,NA,NA,NA,0
100,card,0,American Express,debit,SBI,0
100,card,0,Visa,credit,Axis,0
100,upi,0,NA,NA,NA,0
100,netbanking,0,NA,NA,NA,1
100,upi,0,NA,NA,NA,0
100,upi,0,NA,NA,NA,0
100,card,0,American Express,debit,ICICI,0
100,pay later,0,NA,NA,NA,1
100,card,0,Diners,debit,ICICI,0
100,upi,0,NA,NA,NA,0
100,netbanking,0,NA,NA,NA,0
100,upi,0,NA,NA,NA,0
100,upi,0,NA,NA,NA,0
100,upi,0,NA,NA,NA,0
100,upi,0,NA,NA,NA,0
100,netbanking,0,NA,NA,NA,0
100,upi,0,NA,NA,NA,0
100,upi,0,NA,NA,NA,0
100,emi,0,Visa,credit,Axis,0
100,upi,0,NA,NA,NA,0
100,netbanking,0,NA,NA,NA,0
100,upi,0,NA,NA,NA,0
100,upi,0,NA,NA,NA,0
100,card,0,RuPay,credit,SBI,0
100,card,0,Discover,credit,Canara Bank,0
100,card,0,RuPay,credit,HDFC,0
100,card,0,Discover,credit,Kotak Mahindra,1
100,upi,0,NA,NA,NA,0
100,upi,0,NA,NA,NA,0
100,card,0,Visa,credit,Axis,1
100,card,0,Mastercard,debit,Axis,0
100,netbanking,0,NA,NA,NA,0
100,upi,0,NA,NA,NA,0
100,card,0,Visa,debit,Axis,0
100,card,0,RuPay,credit,ICICI,0
100,card,0,Visa,debit,IDFC First,0
100,netbanking,0,NA,NA,NA,0
100,card,0,Diners,debit,HDFC,0
100,upi,0,NA,NA,NA,0
100,upi,0,NA,NA,NA,0
100,upi,0,NA,NA,NA,0
100,emi,0,Visa,credit,ICICI,0
100,upi,0,NA,NA,NA,0
100,pay later,0,NA,NA,NA,0
100,upi,0,NA,NA,NA,0
100,netbanking,0,NA,NA,NA,0
100,card,0,American Express,credit,ICICI,0
100,netbanking,0,NA,NA,NA,0
100,card,0,RuPay,credit,HDFC,0
100,pay later,0,NA,NA,NA,0
100,netbanking,0,NA,NA,NA,0
100,netbanking,0,NA,NA,NA,0
100,emi,0,Visa,credit,ICICI,1
100,netbanking,0,NA,NA,NA,0
100,card,0,RuPay,debit,Kotak Mahindra,0
100,wallet,0,NA,NA,NA,0
100,upi,0,NA,NA,NA,0
100,pay later,0,NA,NA,NA,0
100,upi,0,NA,NA,NA,0
100,upi,0,NA,NA,NA,0
100,card,0,Visa,credit,Axis,0
100,card,0,RuPay,credit,ICICI,0
100,upi,0,NA,NA,NA,0
100,card,0,RuPay,debit,RBL,0
100,upi,0,NA,NA,NA,0
100,upi,0,NA,NA,NA,0
100,upi,0,NA,NA,NA,0
100,wallet,0,NA,NA,NA,0
100,card,0,Discover,debit,Yes Bank,0
100,card,0,Mastercard,debit,SBI,0
100,card,0,Discover,credit,SBI,0
100,upi,0,NA,NA,NA,0
100,wallet,0,NA,NA,NA,0
100,card,0,American Express,debit,HDFC,0
100,upi,0,NA,NA,NA,0
100,upi,0,NA,NA,NA,1
100,upi,0,NA,NA,NA,0
100,emi,0,Mastercard,credit,IndusInd,0
100,pay later,0,NA,NA,NA,0
100,upi,0,NA,NA,NA,0
100,card,0,Visa,prepaid,ICICI,0
100,upi,0,NA,NA,NA,0
100,netbanking,0,NA,NA,NA,0
100,upi,0,NA,NA,NA,0
100,upi,0,NA,NA,NA,0
100,card,0,Visa,debit,Axis,1
100,upi,0,NA,NA,NA,0
100,upi,0,NA,NA,NA,0
100,upi,0,NA,NA,NA,0
100,upi,0,NA,NA,NA,0
100,netbanking,0,NA,NA,NA,0
100,wallet,0,NA,NA,NA,0
100,upi,0,NA,NA,NA,0
100,upi,0,NA,NA,NA,0
100,upi,0,NA,NA,NA,0
100,upi,0,NA,NA,NA,0
100,upi,0,NA,NA,NA,0
100,upi,0,NA,NA,NA,0
100,upi,0,NA,NA,NA,0
100,upi,0,NA,NA,NA,0
100,netbanking,0,NA,NA,NA,0
100,pay later,0,NA,NA,NA,0
100,card,0,RuPay,credit,IndusInd,0
100,card,0,Diners,credit,HDFC,0
100,upi,0,NA,NA,NA,0
100,upi,0,NA,NA,NA,0
100,upi,0,NA,NA,NA,0
100,netbanking,0,NA,NA,NA,0
100,wallet,0,NA,NA,NA,0
100,upi,0,NA,NA,NA,0
100,upi,0,NA,NA,NA,0
100,upi,0,NA,NA,NA,0
100,netbanking,0,NA,NA,NA,1
100,card,0,Mastercard,credit,Federal Bank,0
100,upi,0,NA,NA,NA,0
100,upi,0,NA,NA,NA,1
100,emi,0,Mastercard,credit,HDFC,0
100,wallet,0,NA,NA,NA,0
100,card,0,Visa,debit,Axis,0
100,upi,0,NA,NA,NA,1
100,upi,0,NA,NA,NA,0
100,upi,0,NA,NA,NA,0
100,netbanking,0,NA,NA,NA,0
100,upi,0,NA,NA,NA,0
100,card,0,RuPay,credit,SBI,1
100,emi,0,Visa,credit,Axis,0
100,upi,0,NA,NA,NA,0
100,wallet,0,NA,NA,NA,0
100,card,0,Visa,debit,Yes Bank,0
100,netbanking,0,NA,NA,NA,0
100,card,0,Visa,credit,HDFC,0
100,upi,0,NA,NA,NA,0
100,card,0,Visa,credit,IDFC First,0
100,netbanking,0,NA,NA,NA,0
100,card,0,Mastercard,debit,Union Bank,0
100,netbanking,0,NA,NA,NA,0
100,emi,0,Mastercard,credit,SBI,0
100,upi,0,NA,NA,NA,0
100,card,0,American Express,credit,IndusInd,0
100,upi,0,NA,NA,NA,0
100,upi,0,NA,NA,NA,0
100,card,0,Mastercard,credit,Indian Bank,0
100,wallet,0,NA,NA,NA,0
100,card,0,Visa,credit,SBI,0
100,card,0,Mastercard,debit,Indian Bank,0
100,card,0,RuPay,debit,Federal Bank,0
100,card,0,Mastercard,credit,Kotak Mahindra,0
100,upi,0,NA,NA,NA,0
100,card,0,Visa,credit,IndusInd,0
100,card,0,Mastercard,credit,ICICI,0
100,card,0,RuPay,debit,IndusInd,0
100,netbanking,0,NA,NA,NA,0
100,upi,0,NA,NA,NA,0
100,card,0,Mastercard,credit,HDFC,0
100,wallet,0,NA,NA,NA,0
100,card,0,Discover,credit,HDFC,0
100,upi,0,NA,NA,NA,0
100,wallet,0,NA,NA,NA,0
100,emi,0,Visa,debit,Axis,0
100,card,0,Mastercard,debit,Axis,0
100,card,0,Mastercard,credit,Axis,0
100,upi,0,NA,NA,NA,0
100,card,0,Diners,credit,ICICI,0
100,card,0,Visa,debit,Axis,0
100,upi,0,NA,NA,NA,0
100,emi,0,Discover,prepaid,Union Bank,0
100,pay later,0,NA,NA,NA,0
100,emi,0,RuPay,debit,ICICI,0
100,upi,0,NA,NA,NA,0
100,emi,0,Visa,credit,SBI,0
100,card,0,Mastercard,credit,ICICI,0
100,upi,0,NA,NA,NA,0
100,upi,0,NA,NA,NA,0
100,upi,0,NA,NA,NA,0
100,emi,0,Mastercard,credit,IDFC First,0
100,upi,0,NA,NA,NA,0
100,emi,0,Mastercard,credit,Indian Bank,0
100,card,0,Visa,debit,Yes Bank,0
100,wallet,0,NA,NA,NA,0
100,card,0,Mastercard,credit,Axis,0
100,upi,0,NA,NA,NA,0
100,card,0,Discover,credit,Kotak Mahindra,0
100,card,0,Visa,debit,Yes Bank,0
100,upi,0,NA,NA,NA,0
100,upi,0,NA,NA,NA,0
100,upi,0,NA,NA,NA,0
100,upi,0,NA,NA,NA,0
100,card,0,Mastercard,debit,IndusInd,0
100,card,0,American Express,debit,HDFC,0
100,upi,0,NA,NA,NA,0
100,card,0,Visa,credit,Axis,0
100,card,0,Mastercard,debit,HDFC,0
100,emi,0,Diners,credit,SBI,0
100,upi,0,NA,NA,NA,0
100,emi,0,Visa,debit,IndusInd,1
100,upi,0,NA,NA,NA,0
100,upi,0,NA,NA,NA,0
100,upi,0,NA,NA,NA,0
100,emi,0,Mastercard,debit,IDFC First,0
100,emi,0,Mastercard,prepaid,HDFC,0
100,card,0,Discover,debit,ICICI,0
100,card,0,Mastercard,credit,Axis,0
100,upi,0,NA,NA,NA,0
100,emi,0,American Express,credit,IDFC First,0
100,card,0,Mastercard,credit,Yes Bank,0
100,upi,0,NA,NA,NA,0
100,card,0,Mastercard,debit,ICICI,0
100,upi,0,NA,NA,NA,0
100,upi,0,NA,NA,NA,0
100,card,0,Mastercard,credit,HDFC,0
100,card,0,RuPay,debit,HDFC,0
100,card,0,Visa,credit,Bank of Baroda,0
100,card,0,Diners,debit,IDFC First,0
100,wallet,0,NA,NA,NA,0
100,upi,0,NA,NA,NA,0
100,card,0,Mastercard,credit,Kotak Mahindra,1
100,upi,0,NA,NA,NA,0
100,emi,0,Mastercard,debit,ICICI,1
100,upi,0,NA,NA,NA,0
100,upi,0,NA,NA,NA,0
100,netbanking,0,NA,NA,NA,0
100,upi,0,NA,NA,NA,0
100,upi,0,NA,NA,NA,0
100,upi,0,NA,NA,NA,1
100,upi,0,NA,NA,NA,0
100,card,0,Discover,credit,RBL,1
100,upi,0,NA,NA,NA,0
100,upi,0,NA,NA,NA,0
100,wallet,0,NA,NA,NA,0
100,upi,0,NA,NA,NA,0
100,card,0,Diners,credit,Kotak Mahindra,1
100,card,0,Diners,credit,Axis,0
100,upi,0,NA,NA,NA,0
100,upi,0,NA,NA,NA,0
100,card,0,Mastercard,debit,Kotak Mahindra,0
100,netbanking,0,NA,NA,NA,0
100,upi,0,NA,NA,NA,0
100,wallet,0,NA,NA,NA,0
100,wallet,0,NA,NA,NA,0
100,upi,0,NA,NA,NA,0
100,upi,0,NA,NA,NA,0
100,netbanking,0,NA,NA,NA,0
100,upi,0,NA,NA,NA,0
100,upi,0,NA,NA,NA,0
100,card,0,Mastercard,credit,Indian Bank,0
100,upi,0,NA,NA,NA,0
100,upi,0,NA,NA,NA,0
100,wallet,0,NA,NA,NA,0
100,netbanking,0,NA,NA,NA,0
100,card,0,Visa,debit,HDFC,0
100,card,0,RuPay,debit,Punjab National Bank,0
100,emi,0,American Express,debit,IndusInd,0
100,card,0,Mastercard,credit,IndusInd,0
100,upi,0,NA,NA,NA,0
100,upi,0,NA,NA,NA,0
100,card,0,American Express,credit,HDFC,0
100,upi,0,NA,NA,NA,0
100,card,0,Visa,debit,SBI,0
100,card,0,Visa,debit,Kotak Mahindra,0
100,upi,0,NA,NA,NA,0
100,upi,0,NA,NA,NA,0
100,upi,0,NA,NA,NA,0
100,emi,0,Visa,debit,SBI,0
100,netbanking,0,NA,NA,NA,0
100,emi,0,Discover,credit,HDFC,0
100,upi,0,NA,NA,NA,0
100,upi,0,NA,NA,NA,0
100,netbanking,0,NA,NA,NA,0
100,card,0,Diners,debit,IndusInd,0
100,pay later,0,NA,NA,NA,1
100,upi,0,NA,NA,NA,0
100,upi,0,NA,NA,NA,0
100,card,0,Mastercard,debit,SBI,0
100,card,0,American Express,debit,IndusInd,0
100,pay later,0,NA,NA,NA,0
100,emi,0,Mastercard,debit,RBL,0
100,wallet,0,NA,NA,NA,0
100,pay later,0,NA,NA,NA,1
100,upi,0,NA,NA,NA,0
100,emi,0,Discover,credit,Yes Bank,0
100,upi,0,NA,NA,NA,0
100,upi,0,NA,NA,NA,0
100,upi,0,NA,NA,NA,0
100,upi,0,NA,NA,NA,0
100,upi,0,NA,NA,NA,1
100,upi,0,NA,NA,NA,0
100,upi,0,NA,NA,NA,0
100,card,0,Visa,credit,ICICI,0
100,card,0,RuPay,credit,HDFC,0
100,card,0,American Express,debit,ICICI,0
100,card,0,Visa,debit,Axis,1
100,wallet,0,NA,NA,NA,0
100,netbanking,0,NA,NA,NA,0
100,wallet,0,NA,NA,NA,0
100,card,0,Diners,credit,Yes Bank,0
100,emi,0,Mastercard,debit,HDFC,0
100,wallet,0,NA,NA,NA,0
100,upi,0,NA,NA,NA,0
100,upi,0,NA,NA,NA,0
100,emi,0,Mastercard,credit,Yes Bank,0
100,card,0,Mastercard,credit,Yes Bank,0
100,card,0,RuPay,debit,ICICI,0
100,card,0,American Express,debit,HDFC,0
100,netbanking,0,NA,NA,NA,0
100,card,0,Discover,debit,SBI,0
100,wallet,0,NA,NA,NA,0
100,upi,0,NA,NA,NA,0
100,wallet,0,NA,NA,NA,0
100,wallet,0,NA,NA,NA,0
100,upi,0,NA,NA,NA,0
100,emi,0,Visa,credit,Federal Bank,0
100,netbanking,0,NA,NA,NA,0
100,card,0,Diners,debit,Canara Bank,0
100,upi,0,NA,NA,NA,0
100,card,0,Mastercard,credit,Federal Bank,0
100,upi,0,NA,NA,NA,0
100,wallet,0,NA,NA,NA,0
100,upi,0,NA,NA,NA,0
100,card,0,RuPay,credit,ICICI,0
100,netbanking,0,NA,NA,NA,0
100,upi,0,NA,NA,NA,0
100,card,0,Discover,credit,Indian Bank,0
100,upi,0,NA,NA,NA,0
100,upi,0,NA,NA,NA,0
100,wallet,0,NA,NA,NA,0
100,wallet,0,NA,NA,NA,0
100,emi,0,RuPay,credit,SBI,0
100,card,0,RuPay,debit,IDFC First,0
100,pay later,0,NA,NA,NA,1
100,card,0,Visa,credit,SBI,0
100,netbanking,0,NA,NA,NA,1
100,card,0,Visa,prepaid,Union Bank,0
100,card,0,RuPay,debit,SBI,0
100,upi,0,NA,NA,NA,0
100,upi,0,NA,NA,NA,0
100,card,0,Visa,debit,Axis,0
100,card,0,Mastercard,debit,Union Bank,0
100,upi,0,NA,NA,NA,0
100,card,0,American Express,debit,HDFC,0
100,wallet,0,NA,NA,NA,0
100,upi,0,NA,NA,NA,0
100,upi,0,NA,NA,NA,0
100,wallet,0,NA,NA,NA,0
100,card,0,Mastercard,credit,ICICI,0
100,upi,0,NA,NA,NA,1
100,upi,0,NA,NA,NA,0
100,upi,0,NA,NA,NA,0
100,card,0,Visa,credit,SBI,0
100,upi,0,NA,NA,NA,0
100,card,0,Mastercard,debit,Canara Bank,0
100,pay later,0,NA,NA,NA,0
100,card,0,Mastercard,credit,Kotak Mahindra,1
100,pay later,0,NA,NA,NA,0
100,upi,0,NA,NA,NA,0
100,card,0,Mastercard,credit,RBL,0
100,card,0,RuPay,credit,SBI,1
100,netbanking,0,NA,NA,NA,0
100,card,0,RuPay,debit,Canara Bank,0
100,upi,0,NA,NA,NA,0
100,netbanking,0,NA,NA,NA,0
100,upi,0,NA,NA,NA,0
100,netbanking,0,NA,NA,NA,0
100,card,0,Mastercard,debit,Yes Bank,0
100,upi,0,NA,NA,NA,0
100,wallet,0,NA,NA,NA,0
100,upi,0,NA,NA,NA,0
100,upi,0,NA,NA,NA,0
100,card,0,Visa,prepaid,ICICI,0
100,card,0,RuPay,debit,Federal Bank,0
100,upi,0,NA,NA,NA,1
100,card,0,Visa,credit,HDFC,0
100,wallet,0,NA,NA,NA,0
100,netbanking,0,NA,NA,NA,0
100,netbanking,0,NA,NA,NA,0
100,card,0,RuPay,credit,IndusInd,0
100,netbanking,0,NA,NA,NA,0
100,card,0,RuPay,credit,Axis,0
100,card,0,RuPay,credit,HDFC,0
100,card,0,American Express,debit,HDFC,0
100,wallet,0,NA,NA,NA,1
100,upi,0,NA,NA,NA,0
100,wallet,0,NA,NA,NA,0
100,upi,0,NA,NA,NA,0
100,card,0,Visa,prepaid,Kotak Mahindra,0
100,emi,0,Visa,credit,Union Bank,0
100,upi,0,NA,NA,NA,0
100,netbanking,0,NA,NA,NA,0
100,upi,0,NA,NA,NA,0
100,card,0,RuPay,credit,SBI,0
100,netbanking,0,NA,NA,NA,0
100,card,0,Discover,credit,RBL,0
100,card,0,RuPay,credit,Kotak Mahindra,0
100,card,0,Visa,prepaid,SBI,0
100,emi,0,Mastercard,credit,ICICI,0
100,card,0,RuPay,debit,HDFC,0
100,netbanking,0,NA,NA,NA,0
100,upi,0,NA,NA,NA,0
100,upi,0,NA,NA,NA,0
100,upi,0,NA,NA,NA,0
100,card,0,Visa,credit,ICICI,0
100,pay later,0,NA,NA,NA,1
100,card,0,Mastercard,debit,Axis,0
100,wallet,0,NA,NA,NA,1
100,wallet,0,NA,NA,NA,0
100,upi,0,NA,NA,NA,0
100,upi,0,NA,NA,NA,0
100,upi,0,NA,NA,NA,0
100,upi,0,NA,NA,NA,0
100,card,0,Visa,credit,SBI,0
100,card,0,Visa,debit,Federal Bank,0
100,card,0,RuPay,credit,SBI,0
100,upi,0,NA,NA,NA,0
100,upi,0,NA,NA,NA,0
100,netbanking,0,NA,NA,NA,0
100,card,0,Mastercard,credit,Union Bank,0
100,upi,0,NA,NA,NA,1
100,card,0,RuPay,credit,IDFC First,0
100,card,0,Visa,credit,IndusInd,0
100,wallet,0,NA,NA,NA,0
100,upi,0,NA,NA,NA,1
100,netbanking,0,NA,NA,NA,0
100,pay later,0,NA,NA,NA,0
100,card,0,Discover,credit,IndusInd,1
100,card,0,Mastercard,debit,Axis,0
100,netbanking,0,NA,NA,NA,0
100,pay later,0,NA,NA,NA,0
100,card,0,American Express,credit,Kotak Mahindra,1
100,upi,0,NA,NA,NA,0
100,card,0,Visa,credit,Kotak Mahindra,0
100,netbanking,0,NA,NA,NA,0
100,wallet,0,NA,NA,NA,0
100,upi,0,NA,NA,NA,0
100,upi,0,NA,NA,NA,0
100,upi,0,NA,NA,NA,0
100,upi,0,NA,NA,NA,0
100,card,0,Discover,credit,IndusInd,0
100,netbanking,0,NA,NA,NA,0
100,upi,0,NA,NA,NA,0
100,card,0,Mastercard,credit,HDFC,0
100,netbanking,0,NA,NA,NA,0
100,upi,0,NA,NA,NA,0
100,netbanking,0,NA,NA,NA,0
100,upi,0,NA,NA,NA,1
100,pay later,0,NA,NA,NA,0
100,upi,0,NA,NA,NA,0
100,upi,0,NA,NA,NA,0
100,upi,0,NA,NA,NA,0
100,upi,0,NA,NA,NA,0
100,card,0,RuPay,credit,Union Bank,0
100,upi,0,NA,NA,NA,0
100,upi,0,NA,NA,NA,1
100,card,0,Visa,debit,IDFC First,0
100,upi,0,NA,NA,NA,0
100,card,0,RuPay,debit,Kotak Mahindra,0
100,wallet,0,NA,NA,NA,0
100,card,0,Visa,debit,HDFC,0
100,pay later,0,NA,NA,NA,0
100,upi,0,NA,NA,NA,0
100,emi,0,Discover,credit,HDFC,0
100,upi,0,NA,NA,NA,0
100,upi,0,NA,NA,NA,0
100,upi,0,NA,NA,NA,0
100,upi,0,NA,NA,NA,0
100,emi,0,Mastercard,credit,Axis,0
100,upi,0,NA,NA,NA,0
100,wallet,0,NA,NA,NA,0
100,netbanking,0,NA,NA,NA,0
100,wallet,0,NA,NA,NA,0
100,card,0,RuPay,debit,Kotak Mahindra,1
100,card,0,RuPay,credit,HDFC,0
100,upi,0,NA,NA,NA,0
100,upi,0,NA,NA,NA,0
100,card,0,Visa,debit,SBI,0
100,netbanking,0,NA,NA,NA,1
100,card,0,Visa,debit,RBL,0
100,upi,0,NA,NA,NA,0
100,card,0,Mastercard,credit,SBI,0
100,netbanking,0,NA,NA,NA,1
100,upi,0,NA,NA,NA,0
100,card,0,RuPay,debit,IndusInd,0
100,upi,0,NA,NA,NA,0
100,upi,0,NA,NA,NA,0
100,netbanking,0,NA,NA,NA,0
100,wallet,0,NA,NA,NA,0
100,wallet,0,NA,NA,NA,0
100,upi,0,NA,NA,NA,0
100,emi,0,Mastercard,debit,Yes Bank,0
100,card,0,Mastercard,debit,HDFC,0
100,upi,0,NA,NA,NA,0
100,pay later,0,NA,NA,NA,0
100,upi,0,NA,NA,NA,0
100,upi,0,NA,NA,NA,0
100,upi,0,NA,NA,NA,0
100,upi,0,NA,NA,NA,0
100,upi,0,NA,NA,NA,0
100,upi,0,NA,NA,NA,0
100,emi,0,RuPay,prepaid,Kotak Mahindra,0
100,netbanking,0,NA,NA,NA,0
100,emi,0,RuPay,debit,ICICI,0
100,card,0,Mastercard,credit,ICICI,0
100,card,0,Mastercard,credit,HDFC,0
100,netbanking,0,NA,NA,NA,0
100,netbanking,0,NA,NA,NA,0
100,upi,0,NA,NA,NA,0
100,upi,0,NA,NA,NA,0
100,emi,0,Diners,credit,Yes Bank,1
100,wallet,0,NA,NA,NA,0
100,card,0,RuPay,debit,ICICI,0
100,upi,0,NA,NA,NA,0
100,upi,0,NA,NA,NA,0
100,card,0,RuPay,credit,Axis,0
100,card,0,Discover,credit,HDFC,0
100,emi,0,Mastercard,debit,Axis,0
100,card,0,Visa,credit,SBI,0
100,card,0,Visa,credit,ICICI,0
100,pay later,0,NA,NA,NA,0
100,card,0,Mastercard,debit,IDFC First,0
100,upi,0,NA,NA,NA,0
100,card,0,Mastercard,credit,Yes Bank,0
100,wallet,0,NA,NA,NA,0
100,card,0,RuPay,debit,SBI,0
100,card,0,Mastercard,debit,Kotak Mahindra,0
100,upi,0,NA,NA,NA,0
100,upi,0,NA,NA,NA,1
100,card,0,Mastercard,credit,Federal Bank,0
100,upi,0,NA,NA,NA,0
100,pay later,0,NA,NA,NA,0
100,card,0,Visa,debit,SBI,0
100,netbanking,0,NA,NA,NA,0
100,card,0,RuPay,debit,IDFC First,0
100,netbanking,0,NA,NA,NA,0
100,upi,0,NA,NA,NA,0
100,upi,0,NA,NA,NA,0
100,pay later,0,NA,NA,NA,0
100,upi,0,NA,NA,NA,0
100,netbanking,0,NA,NA,NA,0
100,upi,0,NA,NA,NA,0
100,netbanking,0,NA,NA,NA,1
100,upi,0,NA,NA,NA,0
100,upi,0,NA,NA,NA,0
100,netbanking,0,NA,NA,NA,0
100,upi,0,NA,NA,NA,0
100,card,0,RuPay,credit,Axis,0
100,upi,0,NA,NA,NA,0
100,upi,0,NA,NA,NA,1
100,pay later,0,NA,NA,NA,0
100,upi,0,NA,NA,NA,0
100,upi,0,NA,NA,NA,0
100,pay later,0,NA,NA,NA,0
100,pay later,0,NA,NA,NA,0
100,card,0,RuPay,credit,Kotak Mahindra,0
100,upi,0,NA,NA,NA,0
100,pay later,0,NA,NA,NA,1
100,netbanking,0,NA,NA,NA,0
100,card,0,Mastercard,debit,ICICI,0
100,card,0,Visa,prepaid,Axis,0
100,upi,0,NA,NA,NA,0
100,wallet,0,NA,NA,NA,0
100,card,0,Mastercard,credit,RBL,0
100,upi,0,NA,NA,NA,0
100,card,0,Diners,prepaid,HDFC,1
100,card,0,Visa,debit,Bank of Baroda,0
100,pay later,0,NA,NA,NA,0
100,card,0,Mastercard,debit,Indian Bank,0
100,card,0,Mastercard,credit,Axis,0
100,pay later,0,NA,NA,NA,0
100,upi,0,NA,NA,NA,0
100,upi,0,NA,NA,NA,0
100,pay later,0,NA,NA,NA,0
100,emi,0,Mastercard,credit,HDFC,0
100,wallet,0,NA,NA,NA,0
100,upi,0,NA,NA,NA,0
100,netbanking,0,NA,NA,NA,0
100,wallet,0,NA,NA,NA,0
100,upi,0,NA,NA,NA,0
100,card,0,Visa,prepaid,Kotak Mahindra,0
100,pay later,0,NA,NA,NA,0
100,card,0,RuPay,credit,HDFC,0
100,card,0,Mastercard,credit,HDFC,0
100,upi,0,NA,NA,NA,0
100,upi,0,NA,NA,NA,0
100,card,0,Visa,credit,Indian Bank,0
100,card,0,Mastercard,debit,SBI,0
100,netbanking,0,NA,NA,NA,0
100,card,0,RuPay,credit,IndusInd,0
100,upi,0,NA,NA,NA,0
100,upi,0,NA,NA,NA,0
100,card,0,Visa,credit,IndusInd,0
100,upi,0,NA,NA,NA,0
100,upi,0,NA,NA,NA,0
100,upi,0,NA,NA,NA,0
100,card,0,Visa,credit,Canara Bank,0
100,upi,0,NA,NA,NA,0
100,card,0,RuPay,credit,HDFC,0
100,upi,0,NA,NA,NA,0
100,upi,0,NA,NA,NA,0
100,emi,0,RuPay,credit,Federal Bank,0
100,card,0,Diners,prepaid,ICICI,0
100,upi,0,NA,NA,NA,0
100,netbanking,0,NA,NA,NA,0
100,netbanking,0,NA,NA,NA,0
100,upi,0,NA,NA,NA,0
100,upi,0,NA,NA,NA,0
100,card,0,Mastercard,debit,HDFC,0
100,upi,0,NA,NA,NA,1
100,netbanking,0,NA,NA,NA,0
100,card,0,Discover,credit,SBI,0
100,card,0,Visa,debit,IndusInd,0
100,emi,0,RuPay,debit,RBL,0
100,card,0,American Express,credit,SBI,0
100,netbanking,0,NA,NA,NA,0
100,card,0,Mastercard,debit,Kotak Mahindra,0
100,emi,0,Visa,credit,HDFC,1
100,wallet,0,NA,NA,NA,0
100,upi,0,NA,NA,NA,0
100,netbanking,0,NA,NA,NA,1
100,pay later,0,NA,NA,NA,0
100,card,0,Visa,debit,ICICI,1
100,netbanking,0,NA,NA,NA,1
100,pay later,0,NA,NA,NA,0
100,netbanking,0,NA,NA,NA,0
100,upi,0,NA,NA,NA,0
100,upi,0,NA,NA,NA,0
100,card,0,Mastercard,debit,Axis,0
100,netbanking,0,NA,NA,NA,1
100,upi,0,NA,NA,NA,0
100,card,0,RuPay,debit,Axis,0
100,card,0,RuPay,debit,Axis,0
100,upi,0,NA,NA,NA,0
100,pay later,0,NA,NA,NA,0
100,netbanking,0,NA,NA,NA,0
100,card,0,RuPay,debit,Axis,0
100,netbanking,0,NA,NA,NA,0
100,netbanking,0,NA,NA,NA,0
100,netbanking,0,NA,NA,NA,0
100,upi,0,NA,NA,NA,0
100,pay later,0,NA,NA,NA,0
100,upi,0,NA,NA,NA,0
100,upi,0,NA,NA,NA,0
100,upi,0,NA,NA,NA,0
100,netbanking,0,NA,NA,NA,0
100,upi,0,NA,NA,NA,0
100,upi,0,NA,NA,NA,0
100,upi,0,NA,NA,NA,0
100,upi,0,NA,NA,NA,0
100,upi,0,NA,NA,NA,0
100,pay later,0,NA,NA,NA,0
100,pay later,0,NA,NA,NA,1
100,upi,0,NA,NA,NA,1
100,card,0,RuPay,credit,Axis,0
100,netbanking,0,NA,NA,NA,0
100,netbanking,0,NA,NA,NA,0
100,pay later,0,NA,NA,NA,1
100,wallet,0,NA,NA,NA,0
100,upi,0,NA,NA,NA,0
100,netbanking,0,NA,NA,NA,1
100,emi,0,Visa,debit,Yes Bank,0
100,card,0,American Express,credit,IndusInd,0
100,emi,0,Visa,credit,IDFC First,0
100,upi,0,NA,NA,NA,0
100,netbanking,0,NA,NA,NA,0
100,upi,0,NA,NA,NA,0
100,card,0,RuPay,prepaid,Kotak Mahindra,0
100,card,0,American Express,credit,Kotak Mahindra,0
100,upi,0,NA,NA,NA,0
100,netbanking,0,NA,NA,NA,0
100,netbanking,0,NA,NA,NA,0
100,upi,0,NA,NA,NA,0
100,wallet,0,NA,NA,NA,0
100,upi,0,NA,NA,NA,0
100,emi,0,Visa,credit,Axis,0
100,card,0,Diners,debit,IndusInd,0
100,pay later,0,NA,NA,NA,0
100,card,0,Mastercard,prepaid,Axis,0
100,wallet,0,NA,NA,NA,0
100,upi,0,NA,NA,NA,0
100,card,0,Visa,credit,ICICI,1
100,upi,0,NA,NA,NA,0
100,upi,0,NA,NA,NA,0
100,upi,0,NA,NA,NA,0
100,netbanking,0,NA,NA,NA,0
100,netbanking,0,NA,NA,NA,1
100,card,0,RuPay,credit,Axis,0
100,upi,0,NA,NA,NA,0
100,card,0,American Express,debit,ICICI,0
100,upi,0,NA,NA,NA,0
100,upi,0,NA,NA,NA,0
100,card,0,Discover,debit,SBI,0
100,wallet,0,NA,NA,NA,0
100,card,0,Diners,debit,Axis,0
100,upi,0,NA,NA,NA,0
100,emi,0,RuPay,debit,Axis,0
100,upi,0,NA,NA,NA,1
100,upi,0,NA,NA,NA,1
100,netbanking,0,NA,NA,NA,0
100,upi,0,NA,NA,NA,0
100,upi,0,NA,NA,NA,0
100,netbanking,0,NA,NA,NA,0
100,emi,0,Mastercard,debit,SBI,0
100,upi,0,NA,NA,NA,0
100,card,0,American Express,credit,IndusInd,0
100,card,0,American Express,debit,Bank of Baroda,0
100,upi,0,NA,NA,NA,0
100,upi,0,NA,NA,NA,0
100,card,0,Mastercard,credit,Indian Bank,0
100,wallet,0,NA,NA,NA,0
100,card,0,American Express,credit,Union Bank,0
100,upi,0,NA,NA,NA,0
100,upi,0,NA,NA,NA,0
100,upi,0,NA,NA,NA,0
100,pay later,0,NA,NA,NA,0
100,upi,0,NA,NA,NA,0
100,upi,0,NA,NA,NA,0
100,netbanking,0,NA,NA,NA,0
100,card,0,Mastercard,credit,Bank of Baroda,1
100,emi,0,Visa,credit,Punjab National Bank,0
100,upi,0,NA,NA,NA,0
100,card,0,Mastercard,credit,Kotak Mahindra,1
100,wallet,0,NA,NA,NA,0
100,upi,0,NA,NA,NA,0
100,card,0,RuPay,debit,Federal Bank,1
100,wallet,0,NA,NA,NA,0
100,upi,0,NA,NA,NA,0
100,upi,0,NA,NA,NA,0
100,upi,0,NA,NA,NA,0
100,netbanking,0,NA,NA,NA,1
100,pay later,0,NA,NA,NA,1
100,card,0,Discover,debit,SBI,0
100,wallet,0,NA,NA,NA,0
100,upi,0,NA,NA,NA,1
100,upi,0,NA,NA,NA,0
100,netbanking,0,NA,NA,NA,0
100,wallet,0,NA,NA,NA,0
100,upi,0,NA,NA,NA,0
100,wallet,0,NA,NA,NA,0
100,upi,0,NA,NA,NA,0
100,upi,0,NA,NA,NA,1
100,emi,0,Visa,credit,ICICI,0
100,pay later,0,NA,NA,NA,0
100,upi,0,NA,NA,NA,0
100,netbanking,0,NA,NA,NA,0
100,card,0,Visa,credit,IndusInd,0
100,netbanking,0,NA,NA,NA,0
100,pay later,0,NA,NA,NA,0
100,netbanking,0,NA,NA,NA,0
100,netbanking,0,NA,NA,NA,0
100,netbanking,0,NA,NA,NA,0
100,upi,0,NA,NA,NA,0
100,netbanking,0,NA,NA,NA,0
100,upi,0,NA,NA,NA,0
100,card,0,American Express,credit,IndusInd,0
100,upi,0,NA,NA,NA,0
100,upi,0,NA,NA,NA,0
100,upi,0,NA,NA,NA,0
100,upi,0,NA,NA,NA,0
100,card,0,Mastercard,credit,RBL,0
100,card,0,Visa,debit,SBI,0
100,upi,0,NA,NA,NA,0
100,card,0,Mastercard,credit,HDFC,0
100,card,0,Visa,debit,HDFC,0
100,upi,0,NA,NA,NA,0
100,upi,0,NA,NA,NA,0
100,netbanking,0,NA,NA,NA,0
100,netbanking,0,NA,NA,NA,0
100,card,0,Visa,credit,SBI,0
100,netbanking,0,NA,NA,NA,0
100,wallet,0,NA,NA,NA,0
100,upi,0,NA,NA,NA,0
100,upi,0,NA,NA,NA,0
100,card,0,Visa,credit,HDFC,0
100,card,0,RuPay,debit,SBI,0
100,card,0,Mastercard,debit,HDFC,0
100,pay later,0,NA,NA,NA,0
100,emi,0,Discover,credit,Federal Bank,0
100,emi,0,Mastercard,credit,Bank of Baroda,0
100,card,0,Mastercard,debit,Axis,0
100,upi,0,NA,NA,NA,0
100,wallet,0,NA,NA,NA,0
100,emi,0,RuPay,credit,HDFC,0
100,upi,0,NA,NA,NA,1
100,upi,0,NA,NA,NA,0
100,upi,0,NA,NA,NA,0
100,card,0,Visa,credit,Yes Bank,0
100,upi,0,NA,NA,NA,0
100,upi,0,NA,NA,NA,0
100,upi,0,NA,NA,NA,0
100,wallet,0,NA,NA,NA,0
100,upi,0,NA,NA,NA,0
100,card,0,Visa,credit,HDFC,0
100,netbanking,0,NA,NA,NA,0
100,emi,0,Visa,debit,SBI,1
100,card,0,Visa,debit,Axis,0
100,wallet,0,NA,NA,NA,0
100,netbanking,0,NA,NA,NA,0
100,upi,0,NA,NA,NA,0
100,upi,0,NA,NA,NA,0
100,upi,0,NA,NA,NA,0
100,card,0,Visa,prepaid,Canara Bank,0
100,wallet,0,NA,NA,NA,0
100,upi,0,NA,NA,NA,0
100,pay later,0,NA,NA,NA,0
100,card,0,RuPay,credit,SBI,0
100,emi,0,Mastercard,debit,Axis,0
100,upi,0,NA,NA,NA,0
100,upi,0,NA,NA,NA,0
100,upi,0,NA,NA,NA,0
100,card,0,RuPay,credit,SBI,0
100,netbanking,0,NA,NA,NA,0
100,netbanking,0,NA,NA,NA,0
100,upi,0,NA,NA,NA,0
100,upi,0,NA,NA,NA,0
100,netbanking,0,NA,NA,NA,0
100,upi,0,NA,NA,NA,0
100,card,0,Visa,credit,Axis,0
100,pay later,0,NA,NA,NA,0
100,card,0,Mastercard,credit,HDFC,1
100,card,0,Mastercard,credit,Union Bank,0
100,wallet,0,NA,NA,NA,0
100,wallet,0,NA,NA,NA,0
100,pay later,0,NA,NA,NA,0
100,card,0,RuPay,credit,SBI,0
100,upi,0,NA,NA,NA,0
100,upi,0,NA,NA,NA,0
100,pay later,0,NA,NA,NA,0
100,card,0,Mastercard,credit,Kotak Mahindra,1
100,upi,0,NA,NA,NA,0
100,upi,0,NA,NA,NA,0
100,upi,0,NA,NA,NA,0
100,netbanking,0,NA,NA,NA,0
100,upi,0,NA,NA,NA,0
100,pay later,0,NA,NA,NA,0
100,upi,0,NA,NA,NA,0
100,card,0,Visa,credit,Kotak Mahindra,0
100,upi,0,NA,NA,NA,0
100,wallet,0,NA,NA,NA,0
100,card,0,Visa,debit,HDFC,0
100,upi,0,NA,NA,NA,0
100,upi,0,NA,NA,NA,1
100,card,0,American Express,credit,Federal Bank,0
100,upi,0,NA,NA,NA,0
100,card,0,Mastercard,credit,HDFC,0
100,card,0,Diners,debit,Yes Bank,0
100,upi,0,NA,NA,NA,0
100,upi,0,NA,NA,NA,1
100,upi,0,NA,NA,NA,0
100,emi,0,Mastercard,debit,RBL,0
100,emi,0,RuPay,debit,Axis,0
100,upi,0,NA,NA,NA,0
100,card,0,RuPay,prepaid,Union Bank,0
100,upi,0,NA,NA,NA,0
100,netbanking,0,NA,NA,NA,0
100,upi,0,NA,NA,NA,0
100,card,0,Visa,credit,HDFC,0
100,upi,0,NA,NA,NA,0
100,card,0,RuPay,credit,Axis,0
100,emi,0,American Express,debit,IDFC First,0
100,emi,0,Mastercard,credit,SBI,0
100,wallet,0,NA,NA,NA,0
100,upi,0,NA,NA,NA,0
100,emi,0,Visa,credit,HDFC,0
100,card,0,Mastercard,credit,ICICI,0
100,card,0,RuPay,credit,IndusInd,0
100,upi,0,NA,NA,NA,0
100,netbanking,0,NA,NA,NA,0
100,upi,0,NA,NA,NA,0
100,emi,0,RuPay,credit,SBI,1
100,upi,0,NA,NA,NA,0
100,netbanking,0,NA,NA,NA,0
100,pay later,0,NA,NA,NA,0
100,upi,0,NA,NA,NA,0
100,upi,0,NA,NA,NA,0
100,netbanking,0,NA,NA,NA,0
100,card,0,RuPay,credit,Kotak Mahindra,0
100,card,0,Mastercard,credit,Axis,0
100,card,0,RuPay,debit,Bank of Baroda,0
100,emi,0,Discover,credit,ICICI,0
100,upi,0,NA,NA,NA,1
100,upi,0,NA,NA,NA,0
100,upi,0,NA,NA,NA,0
100,upi,0,NA,NA,NA,0
100,upi,0,NA,NA,NA,0
100,card,0,Mastercard,debit,HDFC,0
100,emi,0,RuPay,credit,Bank of Baroda,0
100,netbanking,0,NA,NA,NA,0
100,upi,0,NA,NA,NA,0
100,upi,0,NA,NA,NA,0
100,upi,0,NA,NA,NA,1
100,upi,0,NA,NA,NA,0
100,emi,0,Mastercard,debit,IndusInd,0
100,pay later,0,NA,NA,NA,0
100,card,0,Visa,credit,RBL,0
100,upi,0,NA,NA,NA,0
100,upi,0,NA,NA,NA,0
100,upi,0,NA,NA,NA,0
100,upi,0,NA,NA,NA,0
100,card,0,American Express,debit,Canara Bank,0
100,netbanking,0,NA,NA,NA,0
100,upi,0,NA,NA,NA,0
100,upi,0,NA,NA,NA,0
100,wallet,0,NA,NA,NA,0
100,card,0,Visa,credit,ICICI,0
100,wallet,0,NA,NA,NA,0
100,netbanking,0,NA,NA,NA,0
100,card,0,Visa,debit,SBI,0
100,pay later,0,NA,NA,NA,0
100,upi,0,NA,NA,NA,0
100,pay later,0,NA,NA,NA,0
100,card,0,Visa,debit,IndusInd,0
100,card,0,Mastercard,credit,RBL,0
100,netbanking,0,NA,NA,NA,0
100,card,0,Mastercard,debit,Federal Bank,0
100,wallet,0,NA,NA,NA,0
100,wallet,0,NA,NA,NA,1
100,upi,0,NA,NA,NA,0
100,wallet,0,NA,NA,NA,0
100,netbanking,0,NA,NA,NA,0
100,card,0,Visa,debit,HDFC,0
100,netbanking,0,NA,NA,NA,0
100,upi,0,NA,NA,NA,0
100,netbanking,0,NA,NA,NA,0
100,netbanking,0,NA,NA,NA,0
100,upi,0,NA,NA,NA,0
100,upi,0,NA,NA,NA,0
100,card,0,Visa,debit,RBL,0
100,card,0,Mastercard,credit,HDFC,0
100,emi,0,Visa,debit,Yes Bank,0
100,upi,0,NA,NA,NA,0
100,card,0,Visa,debit,IndusInd,0
100,upi,0,NA,NA,NA,0
100,upi,0,NA,NA,NA,1
100,upi,0,NA,NA,NA,0
100,upi,0,NA,NA,NA,0
100,upi,0,NA,NA,NA,0
100,upi,0,NA,NA,NA,0
100,upi,0,NA,NA,NA,0
100,emi,0,Visa,credit,ICICI,0
100,card,0,RuPay,credit,Kotak Mahindra,0
100,card,0,American Express,debit,HDFC,0
100,wallet,0,NA,NA,NA,0
100,emi,0,Mastercard,credit,SBI,0
100,netbanking,0,NA,NA,NA,0
100,upi,0,NA,NA,NA,1
100,upi,0,NA,NA,NA,0
100,card,0,Visa,debit,Yes Bank,0
100,wallet,0,NA,NA,NA,0
100,card,0,Visa,debit,ICICI,0
100,pay later,0,NA,NA,NA,0
100,upi,0,NA,NA,NA,0
100,pay later,0,NA,NA,NA,0
100,upi,0,NA,NA,NA,0
100,card,0,Mastercard,debit,HDFC,0
100,upi,0,NA,NA,NA,0
100,card,0,RuPay,debit,ICICI,0
100,upi,0,NA,NA,NA,1
100,pay later,0,NA,NA,NA,0
100,card,0,Visa,credit,Punjab National Bank,0
100,wallet,0,NA,NA,NA,0
100,upi,0,NA,NA,NA,0
100,upi,0,NA,NA,NA,0
100,card,0,Visa,credit,Punjab National Bank,0
100,card,0,RuPay,credit,ICICI,0
100,upi,0,NA,NA,NA,0
100,wallet,0,NA,NA,NA,0
100,emi,0,Visa,credit,Axis,0
100,card,0,Visa,debit,SBI,0
100,emi,0,Visa,debit,HDFC,0
100,card,0,Mastercard,debit,ICICI,0
100,upi,0,NA,NA,NA,0
100,card,0,Mastercard,debit,Indian Bank,0
100,card,0,Discover,credit,Indian Bank,0
100,pay later,0,NA,NA,NA,0
100,wallet,0,NA,NA,NA,0
100,upi,0,NA,NA,NA,0
100,card,0,Visa,credit,ICICI,0
100,card,0,Mastercard,credit,SBI,0
100,card,0,Mastercard,credit,Axis,0
100,netbanking,0,NA,NA,NA,0
100,upi,0,NA,NA,NA,0
100,upi,0,NA,NA,NA,0
100,upi,0,NA,NA,NA,0
100,netbanking,0,NA,NA,NA,0
100,netbanking,0,NA,NA,NA,0
100,upi,0,NA,NA,NA,0
100,card,0,Mastercard,credit,SBI,0
100,upi,0,NA,NA,NA,0
100,card,0,Visa,credit,ICICI,0
100,card,0,Visa,debit,RBL,0
100,card,0,RuPay,credit,Yes Bank,0
100,upi,0,NA,NA,NA,0
100,emi,0,Mastercard,debit,Axis,0
100,pay later,0,NA,NA,NA,0
100,card,0,RuPay,debit,IndusInd,0
100,card,0,Visa,debit,ICICI,0
100,wallet,0,NA,NA,NA,1
100,upi,0,NA,NA,NA,0
100,wallet,0,NA,NA,NA,0
100,upi,0,NA,NA,NA,0
100,upi,0,NA,NA,NA,0
100,netbanking,0,NA,NA,NA,0
100,upi,0,NA,NA,NA,0
100,upi,0,NA,NA,NA,1
100,card,0,RuPay,credit,IndusInd,0
100,upi,0,NA,NA,NA,0
100,upi,0,NA,NA,NA,0
100,pay later,0,NA,NA,NA,0
100,emi,0,Visa,credit,Kotak Mahindra,0
100,emi,0,RuPay,credit,Yes Bank,0
100,netbanking,0,NA,NA,NA,0
100,card,0,Visa,credit,Yes Bank,0
100,card,0,Mastercard,credit,HDFC,0
100,upi,0,NA,NA,NA,0
100,card,0,Discover,debit,HDFC,0
100,upi,0,NA,NA,NA,0
100,pay later,0,NA,NA,NA,1
100,upi,0,NA,NA,NA,0
100,upi,0,NA,NA,NA,0
100,upi,0,NA,NA,NA,0
100,card,0,Mastercard,credit,Federal Bank,0
100,upi,0,NA,NA,NA,0
100,card,0,Mastercard,credit,Yes Bank,0
100,upi,0,NA,NA,NA,0
100,upi,0,NA,NA,NA,0
100,netbanking,0,NA,NA,NA,0
100,wallet,0,NA,NA,NA,1
100,upi,0,NA,NA,NA,0
100,pay later,0,NA,NA,NA,0
100,upi,0,NA,NA,NA,0
100,upi,0,NA,NA,NA,1
100,card,0,Diners,credit,ICICI,0
100,upi,0,NA,NA,NA,0
100,emi,0,Mastercard,debit,HDFC,0
100,netbanking,0,NA,NA,NA,1
100,pay later,0,NA,NA,NA,1
100,upi,0,NA,NA,NA,0
100,upi,0,NA,NA,NA,0
100,upi,0,NA,NA,NA,0
100,card,0,Visa,credit,Axis,0
100,emi,0,Mastercard,credit,HDFC,0
100,upi,0,NA,NA,NA,0
100,upi,0,NA,NA,NA,0
100,card,0,Mastercard,debit,Yes Bank,0
100,card,0,RuPay,credit,Bank of Baroda,0
100,upi,0,NA,NA,NA,0
100,emi,0,Visa,credit,Kotak Mahindra,0
100,upi,0,NA,NA,NA,0
100,upi,0,NA,NA,NA,0
100,pay later,0,NA,NA,NA,0
100,pay later,0,NA,NA,NA,1
100,wallet,0,NA,NA,NA,0
100,card,0,RuPay,debit,Axis,0
100,pay later,0,NA,NA,NA,0
100,upi,0,NA,NA,NA,0
100,pay later,0,NA,NA,NA,0
100,card,0,Visa,credit,Axis,0
100,upi,0,NA,NA,NA,0
100,upi,0,NA,NA,NA,0
100,emi,0,Mastercard,debit,Axis,0
100,card,0,Visa,debit,Axis,0
100,card,0,Mastercard,credit,Axis,0
100,card,0,Mastercard,credit,Indian Bank,0
100,wallet,0,NA,NA,NA,0
100,upi,0,NA,NA,NA,0
100,card,0,RuPay,credit,HDFC,0
100,card,0,Discover,credit,ICICI,0
100,card,0,Mastercard,credit,Union Bank,0
100,upi,0,NA,NA,NA,0
100,netbanking,0,NA,NA,NA,0
100,card,0,RuPay,debit,ICICI,0
100,card,0,Mastercard,credit,RBL,0
100,card,0,Mastercard,debit,IDFC First,0
100,netbanking,0,NA,NA,NA,0
100,wallet,0,NA,NA,NA,0
100,wallet,0,NA,NA,NA,0
100,card,0,Visa,credit,Canara Bank,0
100,card,0,Mastercard,credit,Axis,0
100,emi,0,Mastercard,debit,ICICI,0
100,card,0,Visa,debit,Kotak Mahindra,0
100,emi,0,Mastercard,debit,ICICI,0
100,upi,0,NA,NA,NA,0
100,netbanking,0,NA,NA,NA,0
100,netbanking,0,NA,NA,NA,1
100,emi,0,RuPay,prepaid,Bank of Baroda,0
100,upi,0,NA,NA,NA,0
100,card,0,RuPay,debit,HDFC,0
100,card,0,Visa,credit,IDFC First,0
100,card,0,Mastercard,debit,IDFC First,0
100,card,0,RuPay,credit,IDFC First,0
100,upi,0,NA,NA,NA,0
100,pay later,0,NA,NA,NA,0
100,upi,0,NA,NA,NA,0
100,upi,0,NA,NA,NA,0
100,card,0,RuPay,credit,IndusInd,0
100,upi,0,NA,NA,NA,0
100,netbanking,0,NA,NA,NA,0
100,upi,0,NA,NA,NA,0
100,upi,0,NA,NA,NA,0
100,card,0,Visa,credit,ICICI,0
100,upi,0,NA,NA,NA,0
100,upi,0,NA,NA,NA,0
100,card,0,RuPay,debit,Federal Bank,1
100,pay later,0,NA,NA,NA,1
100,card,0,Visa,debit,Canara Bank,0
100,netbanking,0,NA,NA,NA,0
100,card,0,RuPay,credit,Canara Bank,1
100,emi,0,American Express,debit,ICICI,0
100,pay later,0,NA,NA,NA,0
100,card,0,Visa,debit,ICICI,0
100,upi,0,NA,NA,NA,0
100,pay later,0,NA,NA,NA,0
100,netbanking,0,NA,NA,NA,0
100,emi,0,Visa,credit,ICICI,0
100,upi,0,NA,NA,NA,0
100,netbanking,0,NA,NA,NA,0
100,netbanking,0,NA,NA,NA,0
100,card,0,Visa,credit,IndusInd,1
100,emi,0,Mastercard,prepaid,SBI,0
100,wallet,0,NA,NA,NA,0
100,emi,0,Mastercard,credit,Axis,0
100,card,0,Mastercard,debit,Punjab National Bank,0
100,netbanking,0,NA,NA,NA,0
100,upi,0,NA,NA,NA,0
100,card,0,Mastercard,credit,HDFC,0
100,card,0,Diners,debit,SBI,0
100,card,0,American Express,debit,Bank of Baroda,0
100,card,0,Diners,debit,Bank of Baroda,0
100,upi,0,NA,NA,NA,1
100,wallet,0,NA,NA,NA,0
100,upi,0,NA,NA,NA,0
100,netbanking,0,NA,NA,NA,0
100,pay later,0,NA,NA,NA,0
100,wallet,0,NA,NA,NA,0
100,card,0,Visa,credit,HDFC,0
100,upi,0,NA,NA,NA,0
100,upi,0,NA,NA,NA,0
100,card,0,Mastercard,credit,SBI,0
100,netbanking,0,NA,NA,NA,0
100,netbanking,0,NA,NA,NA,1
100,card,0,Mastercard,debit,SBI,0
100,netbanking,0,NA,NA,NA,0
100,upi,0,NA,NA,NA,0
100,pay later,0,NA,NA,NA,0
100,upi,0,NA,NA,NA,0
100,upi,0,NA,NA,NA,0
100,card,0,Mastercard,credit,Axis,0
100,card,0,RuPay,credit,RBL,0
100,card,0,Mastercard,debit,SBI,1
100,upi,0,NA,NA,NA,0
100,upi,0,NA,NA,NA,0
100,upi,0,NA,NA,NA,1
100,pay later,0,NA,NA,NA,0
100,upi,0,NA,NA,NA,0
100,card,0,Mastercard,debit,HDFC,1
100,card,0,Mastercard,credit,Yes Bank,0
100,card,0,RuPay,debit,SBI,0
100,card,0,RuPay,credit,SBI,0
100,card,0,American Express,credit,Canara Bank,0
100,wallet,0,NA,NA,NA,0
100,upi,0,NA,NA,NA,0
100,pay later,0,NA,NA,NA,0
100,card,0,Visa,credit,HDFC,0
100,upi,0,NA,NA,NA,0
100,wallet,0,NA,NA,NA,0
100,upi,0,NA,NA,NA,0
100,card,0,Visa,debit,SBI,0
100,pay later,0,NA,NA,NA,0
100,netbanking,0,NA,NA,NA,1
100,card,0,Mastercard,debit,Bank of Baroda,0
100,netbanking,0,NA,NA,NA,0
100,upi,0,NA,NA,NA,0
100,wallet,0,NA,NA,NA,0
100,upi,0,NA,NA,NA,0
100,upi,0,NA,NA,NA,0
100,upi,0,NA,NA,NA,1
100,card,0,RuPay,debit,HDFC,1
100,netbanking,0,NA,NA,NA,1
100,emi,0,Diners,credit,ICICI,0
100,card,0,American Express,debit,Kotak Mahindra,0
100,upi,0,NA,NA,NA,0
100,netbanking,0,NA,NA,NA,0
100,upi,0,NA,NA,NA,0
100,upi,0,NA,NA,NA,0
100,upi,0,NA,NA,NA,1
100,upi,0,NA,NA,NA,0
100,upi,0,NA,NA,NA,0
100,upi,0,NA,NA,NA,0
100,card,0,Visa,debit,SBI,0
100,card,0,Visa,debit,Punjab National Bank,0
100,emi,0,RuPay,credit,SBI,0
100,card,0,RuPay,debit,Indian Bank,0
100,emi,0,RuPay,credit,Federal Bank,1
100,upi,0,NA,NA,NA,0
100,card,0,Visa,credit,Kotak Mahindra,0
100,upi,0,NA,NA,NA,0
100,upi,0,NA,NA,NA,0
100,netbanking,0,NA,NA,NA,0
100,card,0,Mastercard,debit,Union Bank,0
100,upi,0,NA,NA,NA,0
100,upi,0,NA,NA,NA,0
100,upi,0,NA,NA,NA,0
100,netbanking,0,NA,NA,NA,0
100,upi,0,NA,NA,NA,0
100,upi,0,NA,NA,NA,0
100,emi,0,Discover,credit,SBI,0
100,card,0,Visa,debit,ICICI,0
100,upi,0,NA,NA,NA,0
100,emi,0,Mastercard,debit,IndusInd,1
100,wallet,0,NA,NA,NA,0
100,upi,0,NA,NA,NA,0
100,upi,0,NA,NA,NA,0
100,wallet,0,NA,NA,NA,0
100,emi,0,Diners,debit,Bank of Baroda,0
100,card,0,RuPay,debit,Punjab National Bank,0
100,upi,0,NA,NA,NA,0
100,upi,0,NA,NA,NA,0
100,card,0,Diners,debit,SBI,0
100,netbanking,0,NA,NA,NA,0
100,upi,0,NA,NA,NA,0
100,card,0,Mastercard,debit,Union Bank,0
100,netbanking,0,NA,NA,NA,0
100,card,0,Visa,credit,Yes Bank,0
100,pay later,0,NA,NA,NA,0
100,card,0,RuPay,debit,Punjab National Bank,0
100,card,0,Mastercard,debit,HDFC,0
100,card,0,Visa,debit,Indian Bank,0
100,card,0,American Express,credit,RBL,0
100,upi,0,NA,NA,NA,0
100,upi,0,NA,NA,NA,0
100,upi,0,NA,NA,NA,0
100,pay later,0,NA,NA,NA,0
100,emi,0,RuPay,debit,IDFC First,0
100,card,0,Mastercard,debit,Union Bank,0
100,card,0,RuPay,credit,RBL,0
100,upi,0,NA,NA,NA,0
100,card,0,Mastercard,debit,ICICI,0
100,netbanking,0,NA,NA,NA,1
100,card,0,Mastercard,debit,RBL,0
100,card,0,Mastercard,debit,IDFC First,0
100,wallet,0,NA,NA,NA,0
100,card,0,Mastercard,debit,ICICI,0
100,pay later,0,NA,NA,NA,0
100,upi,0,NA,NA,NA,0
100,upi,0,NA,NA,NA,0
100,upi,0,NA,NA,NA,0
100,netbanking,0,NA,NA,NA,0
100,netbanking,0,NA,NA,NA,1
100,upi,0,NA,NA,NA,0
100,card,0,Visa,debit,Federal Bank,0
100,card,0,American Express,debit,Axis,0
100,upi,0,NA,NA,NA,0
100,wallet,0,NA,NA,NA,0
100,upi,0,NA,NA,NA,0
100,card,0,Mastercard,credit,Union Bank,0
100,emi,0,RuPay,credit,IndusInd,0
100,card,0,Visa,credit,HDFC,0
100,card,0,Visa,credit,IDFC First,0
100,netbanking,0,NA,NA,NA,0
100,emi,0,RuPay,credit,ICICI,0
100,netbanking,0,NA,NA,NA,0
100,card,0,Visa,credit,IndusInd,1
100,wallet,0,NA,NA,NA,0
100,upi,0,NA,NA,NA,0
100,upi,0,NA,NA,NA,0
100,upi,0,NA,NA,NA,0
100,netbanking,0,NA,NA,NA,0
100,netbanking,0,NA,NA,NA,0
100,upi,0,NA,NA,NA,0
100,emi,0,Visa,credit,Punjab National Bank,0
100,card,0,Visa,credit,ICICI,0
100,upi,0,NA,NA,NA,0
100,wallet,0,NA,NA,NA,1
100,upi,0,NA,NA,NA,0
100,card,0,Visa,credit,SBI,1
100,card,0,Mastercard,debit,SBI,0
100,pay later,0,NA,NA,NA,0
100,upi,0,NA,NA,NA,0
100,card,0,RuPay,credit,SBI,0
100,card,0,Mastercard,prepaid,HDFC,0
100,emi,0,American Express,credit,RBL,0
100,pay later,0,NA,NA,NA,1
100,netbanking,0,NA,NA,NA,0
100,card,0,RuPay,debit,IndusInd,0
100,card,0,Mastercard,credit,Bank of Baroda,0
100,upi,0,NA,NA,NA,0
100,upi,0,NA,NA,NA,0
100,emi,0,Visa,credit,ICICI,0
100,card,0,Mastercard,debit,RBL,0
100,upi,0,NA,NA,NA,0
100,netbanking,0,NA,NA,NA,0
100,upi,0,NA,NA,NA,0
100,netbanking,0,NA,NA,NA,1
100,card,0,Visa,debit,IDFC First,0
100,pay later,0,NA,NA,NA,0
100,card,0,Visa,credit,Yes Bank,0
100,netbanking,0,NA,NA,NA,0
100,wallet,0,NA,NA,NA,0
100,upi,0,NA,NA,NA,1
100,wallet,0,NA,NA,NA,0
100,upi,0,NA,NA,NA,0
100,netbanking,0,NA,NA,NA,0
100,netbanking,0,NA,NA,NA,1
100,upi,0,NA,NA,NA,0
100,upi,0,NA,NA,NA,0
100,wallet,0,NA,NA,NA,0
100,upi,0,NA,NA,NA,0
100,netbanking,0,NA,NA,NA,0
100,card,0,Mastercard,debit,HDFC,0
100,netbanking,0,NA,NA,NA,0
100,upi,0,NA,NA,NA,0
100,upi,0,NA,NA,NA,0
100,upi,0,NA,NA,NA,1
100,wallet,0,NA,NA,NA,0
100,emi,0,Mastercard,credit,IndusInd,0
100,upi,0,NA,NA,NA,0
100,card,0,Visa,debit,Punjab National Bank,1
100,upi,0,NA,NA,NA,0
100,upi,0,NA,NA,NA,0
100,wallet,0,NA,NA,NA,0
100,wallet,0,NA,NA,NA,0
100,emi,0,RuPay,debit,HDFC,0
100,emi,0,RuPay,debit,ICICI,0
100,card,0,Mastercard,credit,HDFC,0
100,emi,0,Visa,credit,HDFC,1
100,card,0,Visa,credit,ICICI,0
100,wallet,0,NA,NA,NA,0
100,emi,0,Mastercard,debit,ICICI,0
100,card,0,Mastercard,credit,Bank of Baroda,0
100,card,0,RuPay,credit,Yes Bank,0
100,card,0,Mastercard,credit,SBI,0
100,wallet,0,NA,NA,NA,0
100,card,0,Mastercard,credit,SBI,0
100,upi,0,NA,NA,NA,0
100,netbanking,0,NA,NA,NA,0
100,upi,0,NA,NA,NA,0
100,card,0,Visa,debit,Punjab National Bank,0
100,netbanking,0,NA,NA,NA,0
100,emi,0,Visa,credit,SBI,0
100,netbanking,0,NA,NA,NA,0
100,upi,0,NA,NA,NA,0
100,upi,0,NA,NA,NA,0
100,card,0,Visa,credit,HDFC,0
100,netbanking,0,NA,NA,NA,0
100,upi,0,NA,NA,NA,0
100,wallet,0,NA,NA,NA,0
100,upi,0,NA,NA,NA,0
100,card,0,Mastercard,credit,Kotak Mahindra,0
100,pay later,0,NA,NA,NA,0
100,upi,0,NA,NA,NA,0
100,emi,0,Visa,credit,ICICI,0
100,wallet,0,NA,NA,NA,0
100,upi,0,NA,NA,NA,0
100,wallet,0,NA,NA,NA,0
100,card,0,Mastercard,credit,SBI,0
100,wallet,0,NA,NA,NA,0
100,pay later,0,NA,NA,NA,0
100,netbanking,0,NA,NA,NA,0
100,wallet,0,NA,NA,NA,0
100,upi,0,NA,NA,NA,0
100,emi,0,RuPay,credit,Canara Bank,0
100,upi,0,NA,NA,NA,0
100,upi,0,NA,NA,NA,0
100,card,0,Visa,credit,ICICI,0
100,emi,0,RuPay,debit,Axis,0
100,wallet,0,NA,NA,NA,0
100,wallet,0,NA,NA,NA,0
100,netbanking,0,NA,NA,NA,0
100,pay later,0,NA,NA,NA,0
100,upi,0,NA,NA,NA,0
100,wallet,0,NA,NA,NA,0
100,card,0,RuPay,credit,HDFC,0
100,netbanking,0,NA,NA,NA,0
100,card,0,Visa,debit,Bank of Baroda,0
100,card,0,Mastercard,debit,ICICI,0
100,wallet,0,NA,NA,NA,0
100,upi,0,NA,NA,NA,0
100,card,0,Visa,debit,Federal Bank,0
100,card,0,Visa,debit,Yes Bank,0
100,emi,0,Visa,credit,Union Bank,0
100,card,0,Mastercard,credit,HDFC,0
100,upi,0,NA,NA,NA,0
100,card,0,RuPay,debit,Canara Bank,0
100,netbanking,0,NA,NA,NA,0
100,upi,0,NA,NA,NA,0
100,emi,0,Visa,debit,Union Bank,0
100,card,0,Visa,credit,Kotak Mahindra,0
100,upi,0,NA,NA,NA,0
100,emi,0,RuPay,credit,SBI,0
100,upi,0,NA,NA,NA,0
100,netbanking,0,NA,NA,NA,0
100,upi,0,NA,NA,NA,0
100,upi,0,NA,NA,NA,0
100,netbanking,0,NA,NA,NA,0
100,upi,0,NA,NA,NA,0
100,upi,0,NA,NA,NA,0
100,card,0,Mastercard,credit,Indian Bank,0
100,upi,0,NA,NA,NA,0
100,emi,0,Visa,credit,Axis,0
100,emi,0,Visa,credit,RBL,0
100,upi,0,NA,NA,NA,0
100,wallet,0,NA,NA,NA,0
100,wallet,0,NA,NA,NA,0
100,netbanking,0,NA,NA,NA,0
100,card,0,Visa,debit,Axis,0
100,card,0,Visa,credit,ICICI,0
100,upi,0,NA,NA,NA,0
100,card,0,Visa,debit,Axis,0
100,card,0,Mastercard,debit,Federal Bank,0
100,upi,0,NA,NA,NA,0
100,card,0,Mastercard,debit,Federal Bank,0
100,wallet,0,NA,NA,NA,0
100,wallet,0,NA,NA,NA,0
100,upi,0,NA,NA,NA,0
100,card,0,Mastercard,debit,SBI,0
100,upi,0,NA,NA,NA,0
100,card,0,Visa,debit,Canara Bank,0
100,upi,0,NA,NA,NA,0
100,upi,0,NA,NA,NA,0
100,upi,0,NA,NA,NA,0
100,netbanking,0,NA,NA,NA,1
100,upi,0,NA,NA,NA,0
100,card,0,Mastercard,credit,Punjab National Bank,0
100,upi,0,NA,NA,NA,0
100,upi,0,NA,NA,NA,0
100,emi,0,Visa,prepaid,ICICI,0
100,netbanking,0,NA,NA,NA,1
100,upi,0,NA,NA,NA,0
100,upi,0,NA,NA,NA,0
100,card,0,Visa,debit,SBI,0
100,upi,0,NA,NA,NA,0
100,card,0,Mastercard,debit,SBI,0
100,card,0,Visa,debit,Indian Bank,0
100,upi,0,NA,NA,NA,1
100,card,0,Mastercard,credit,HDFC,0
100,emi,0,Visa,credit,SBI,0
100,upi,0,NA,NA,NA,0
100,pay later,0,NA,NA,NA,0
100,card,0,Mastercard,credit,Punjab National Bank,0
100,wallet,0,NA,NA,NA,0
100,card,0,Mastercard,credit,Canara Bank,0
100,card,0,Visa,debit,Bank of Baroda,1
100,netbanking,0,NA,NA,NA,0
100,upi,0,NA,NA,NA,0
100,card,0,Diners,debit,Punjab National Bank,0
100,card,0,Mastercard,credit,Yes Bank,0
100,upi,0,NA,NA,NA,0
100,netbanking,0,NA,NA,NA,0
100,upi,0,NA,NA,NA,0
100,wallet,0,NA,NA,NA,0
100,upi,0,NA,NA,NA,0
100,netbanking,0,NA,NA,NA,0
100,pay later,0,NA,NA,NA,0
100,upi,0,NA,NA,NA,0
100,upi,0,NA,NA,NA,0
100,wallet,0,NA,NA,NA,0
100,netbanking,0,NA,NA,NA,0
100,upi,0,NA,NA,NA,0
100,upi,0,NA,NA,NA,0
100,netbanking,0,NA,NA,NA,0
100,emi,0,Visa,debit,Canara Bank,0
100,upi,0,NA,NA,NA,0
100,card,0,American Express,prepaid,Yes Bank,0
100,upi,0,NA,NA,NA,0
100,card,0,Mastercard,credit,IDFC First,0
100,upi,0,NA,NA,NA,0
100,upi,0,NA,NA,NA,1
100,upi,0,NA,NA,NA,0
100,upi,0,NA,NA,NA,0
100,card,0,American Express,credit,ICICI,0
100,upi,0,NA,NA,NA,0
100,card,0,Visa,debit,Federal Bank,0
100,upi,0,NA,NA,NA,0
100,netbanking,0,NA,NA,NA,0
100,emi,0,Mastercard,credit,Punjab National Bank,0
100,pay later,0,NA,NA,NA,0
100,pay later,0,NA,NA,NA,0
100,card,0,RuPay,debit,SBI,0
100,card,0,Visa,prepaid,Bank of Baroda,0
100,upi,0,NA,NA,NA,0
100,card,0,Visa,debit,IDFC First,0
100,upi,0,NA,NA,NA,0
100,upi,0,NA,NA,NA,0
100,upi,0,NA,NA,NA,0
100,pay later,0,NA,NA,NA,0
100,upi,0,NA,NA,NA,0
100,pay later,0,NA,NA,NA,0
100,emi,0,RuPay,debit,SBI,0
100,upi,0,NA,NA,NA,0
100,netbanking,0,NA,NA,NA,0
100,emi,0,Visa,credit,Axis,0
100,card,0,RuPay,credit,IndusInd,0
100,netbanking,0,NA,NA,NA,0
100,card,0,Visa,credit,IDFC First,0
100,upi,0,NA,NA,NA,0
100,card,0,Discover,credit,Bank of Baroda,0
100,upi,0,NA,NA,NA,0
100,netbanking,0,NA,NA,NA,0
100,wallet,0,NA,NA,NA,0
100,pay later,0,NA,NA,NA,0
100,card,0,Discover,debit,Yes Bank,0
100,card,0,Mastercard,debit,HDFC,1
100,upi,0,NA,NA,NA,0
100,netbanking,0,NA,NA,NA,0
100,upi,0,NA,NA,NA,0
100,upi,0,NA,NA,NA,0
100,upi,0,NA,NA,NA,0
100,card,0,Diners,credit,Federal Bank,0
100,upi,0,NA,NA,NA,0
100,card,0,RuPay,debit,HDFC,0
100,emi,0,Mastercard,credit,RBL,0
100,netbanking,0,NA,NA,NA,0
100,upi,0,NA,NA,NA,0
100,card,0,Visa,credit,IndusInd,0
100,upi,0,NA,NA,NA,0
100,upi,0,NA,NA,NA,0
100,pay later,0,NA,NA,NA,0
100,upi,0,NA,NA,NA,0
100,upi,0,NA,NA,NA,0
100,card,0,Visa,debit,IDFC First,0
100,card,0,Mastercard,debit,Axis,0
100,upi,0,NA,NA,NA,0
100,upi,0,NA,NA,NA,0
100,card,0,Mastercard,credit,Axis,0
100,upi,0,NA,NA,NA,0
100,upi,0,NA,NA,NA,0
100,card,0,Mastercard,debit,Bank of Baroda,0
100,wallet,0,NA,NA,NA,0
100,emi,0,Mastercard,debit,SBI,0
100,upi,0,NA,NA,NA,0
100,card,0,Mastercard,credit,SBI,0
100,pay later,0,NA,NA,NA,0
100,upi,0,NA,NA,NA,0
100,upi,0,NA,NA,NA,0
100,card,0,RuPay,credit,Kotak Mahindra,0
100,upi,0,NA,NA,NA,1
100,card,0,Mastercard,debit,HDFC,0
100,card,0,Discover,credit,ICICI,0
100,card,0,Mastercard,debit,SBI,0
100,upi,0,NA,NA,NA,0
100,pay later,0,NA,NA,NA,0
100,card,0,American Express,credit,ICICI,0
100,card,0,Mastercard,credit,IDFC First,0
100,card,0,RuPay,prepaid,Kotak Mahindra,0
100,card,0,American Express,credit,Axis,0
100,wallet,0,NA,NA,NA,0
100,emi,0,Mastercard,debit,Federal Bank,1
100,upi,0,NA,NA,NA,0
100,wallet,0,NA,NA,NA,0
100,card,0,Mastercard,credit,HDFC,0
100,card,0,Visa,credit,ICICI,0
100,netbanking,0,NA,NA,NA,0
100,upi,0,NA,NA,NA,0
100,wallet,0,NA,NA,NA,0
100,upi,0,NA,NA,NA,0
100,upi,0,NA,NA,NA,0
100,card,0,Visa,debit,SBI,0
100,upi,0,NA,NA,NA,1
100,wallet,0,NA,NA,NA,0
100,card,0,Visa,credit,Kotak Mahindra,0
100,netbanking,0,NA,NA,NA,0
100,upi,0,NA,NA,NA,0
100,netbanking,0,NA,NA,NA,0
100,netbanking,0,NA,NA,NA,0
100,netbanking,0,NA,NA,NA,0
100,netbanking,0,NA,NA,NA,0
100,upi,0,NA,NA,NA,0
100,card,0,Mastercard,credit,ICICI,1
100,netbanking,0,NA,NA,NA,0
100,upi,0,NA,NA,NA,0
100,emi,0,Mastercard,debit,Kotak Mahindra,0
100,wallet,0,NA,NA,NA,1
100,emi,0,Mastercard,credit,ICICI,1
100,emi,0,Diners,prepaid,Union Bank,1
100,upi,0,NA,NA,NA,0
100,upi,0,NA,NA,NA,0
100,card,0,Visa,debit,HDFC,0
100,upi,0,NA,NA,NA,0
100,card,0,Mastercard,credit,IDFC First,0
100,upi,0,NA,NA,NA,0
100,card,0,Mastercard,credit,SBI,1
100,upi,0,NA,NA,NA,0
100,card,0,Visa,prepaid,HDFC,0
100,upi,0,NA,NA,NA,0
100,emi,0,American Express,debit,Punjab National Bank,0
100,card,0,Mastercard,credit,Kotak Mahindra,0
100,upi,0,NA,NA,NA,0
100,card,0,RuPay,debit,Union Bank,0
100,emi,0,American Express,credit,HDFC,0
100,upi,0,NA,NA,NA,0
100,upi,0,NA,NA,NA,0
100,card,0,Mastercard,debit,RBL,0
100,upi,0,NA,NA,NA,0
100,wallet,0,NA,NA,NA,0
100,upi,0,NA,NA,NA,0
100,emi,0,Mastercard,credit,RBL,0
100,upi,0,NA,NA,NA,0
100,card,0,Visa,credit,SBI,0
100,upi,0,NA,NA,NA,0
100,upi,0,NA,NA,NA,0
100,card,0,American Express,credit,HDFC,0
100,upi,0,NA,NA,NA,0
100,card,0,Visa,credit,Axis,0
100,netbanking,0,NA,NA,NA,0
100,emi,0,Visa,credit,SBI,0
100,emi,0,Mastercard,debit,Axis,0
100,netbanking,0,NA,NA,NA,0
100,pay later,0,NA,NA,NA,0
100,upi,0,NA,NA,NA,0
100,upi,0,NA,NA,NA,0
100,card,0,RuPay,debit,IDFC First,0
100,upi,0,NA,NA,NA,0
100,upi,0,NA,NA,NA,0
100,upi,0,NA,NA,NA,0
100,upi,0,NA,NA,NA,0
100,upi,0,NA,NA,NA,1
100,upi,0,NA,NA,NA,0
100,upi,0,NA,NA,NA,0
100,upi,0,NA,NA,NA,0
100,netbanking,0,NA,NA,NA,0
100,card,0,Discover,credit,Union Bank,0
100,wallet,0,NA,NA,NA,0
100,card,0,Visa,debit,SBI,0
100,wallet,0,NA,NA,NA,0
100,wallet,0,NA,NA,NA,0
100,emi,0,RuPay,debit,RBL,0
100,netbanking,0,NA,NA,NA,0
100,upi,0,NA,NA,NA,0
100,upi,0,NA,NA,NA,0
100,emi,0,Visa,credit,RBL,0
100,upi,0,NA,NA,NA,0
100,upi,0,NA,NA,NA,0
100,upi,0,NA,NA,NA,0
100,upi,0,NA,NA,NA,0
100,pay later,0,NA,NA,NA,0
100,card,0,Mastercard,credit,Federal Bank,0
100,card,0,RuPay,credit,Axis,0
100,card,0,Mastercard,debit,ICICI,0
100,card,0,Visa,debit,ICICI,0
100,card,0,RuPay,credit,RBL,0
100,netbanking,0,NA,NA,NA,0
100,card,0,Mastercard,credit,SBI,0
100,card,0,Mastercard,credit,ICICI,0
100,upi,0,NA,NA,NA,0
100,upi,0,NA,NA,NA,0
100,upi,0,NA,NA,NA,0
100,upi,0,NA,NA,NA,0
100,upi,0,NA,NA,NA,0
100,upi,0,NA,NA,NA,0
100,upi,0,NA,NA,NA,1
100,card,0,RuPay,credit,Axis,0
100,card,0,Mastercard,credit,Bank of Baroda,0
100,netbanking,0,NA,NA,NA,0
100,upi,0,NA,NA,NA,0
100,upi,0,NA,NA,NA,0
100,card,0,Visa,credit,HDFC,0
100,netbanking,0,NA,NA,NA,0
100,upi,0,NA,NA,NA,0
100,netbanking,0,NA,NA,NA,0
100,emi,0,Mastercard,debit,IndusInd,1
100,card,0,American Express,debit,Indian Bank,1
100,emi,0,American Express,credit,HDFC,0
100,upi,0,NA,NA,NA,0
100,card,0,Mastercard,debit,ICICI,0
100,upi,0,NA,NA,NA,0
100,upi,0,NA,NA,NA,0
100,netbanking,0,NA,NA,NA,0
100,upi,0,NA,NA,NA,0
100,emi,0,RuPay,credit,HDFC,0
100,card,0,Visa,prepaid,Axis,0
100,netbanking,0,NA,NA,NA,0
100,netbanking,0,NA,NA,NA,0
100,upi,0,NA,NA,NA,0
100,wallet,0,NA,NA,NA,0
100,emi,0,Mastercard,credit,SBI,0
100,card,0,Visa,debit,Punjab National Bank,0
100,wallet,0,NA,NA,NA,0
100,wallet,0,NA,NA,NA,0
100,upi,0,NA,NA,NA,0
100,netbanking,0,NA,NA,NA,0
100,upi,0,NA,NA,NA,0
100,card,0,Mastercard,credit,SBI,0
100,upi,0,NA,NA,NA,0
100,upi,0,NA,NA,NA,0
100,upi,0,NA,NA,NA,0
100,wallet,0,NA,NA,NA,0
100,emi,0,Visa,credit,HDFC,0
100,upi,0,NA,NA,NA,0
100,wallet,0,NA,NA,NA,0
100,card,0,Visa,credit,Axis,0
100,card,0,Visa,debit,IDFC First,0
100,upi,0,NA,NA,NA,0
100,card,0,Mastercard,credit,Bank of Baroda,0
100,card,0,Visa,debit,Canara Bank,0
100,wallet,0,NA,NA,NA,0
100,netbanking,0,NA,NA,NA,0
100,netbanking,0,NA,NA,NA,0
100,card,0,Diners,credit,Kotak Mahindra,0
100,upi,0,NA,NA,NA,0
100,upi,0,NA,NA,NA,0
100,wallet,0,NA,NA,NA,0
100,upi,0,NA,NA,NA,0
100,card,0,Visa,credit,IDFC First,0
100,card,0,Mastercard,prepaid,Yes Bank,0
100,card,0,RuPay,credit,SBI,0
100,card,0,Visa,debit,ICICI,0
100,upi,0,NA,NA,NA,0
100,emi,0,Visa,debit,HDFC,0
100,upi,0,NA,NA,NA,0
100,wallet,0,NA,NA,NA,0
100,upi,0,NA,NA,NA,0
100,netbanking,0,NA,NA,NA,0
100,card,0,American Express,credit,Axis,0
100,emi,0,Diners,debit,Axis,0
100,card,0,Mastercard,credit,ICICI,0
100,card,0,RuPay,debit,SBI,0
100,card,0,Visa,credit,SBI,0
100,card,0,Visa,prepaid,Axis,0
100,card,0,Visa,credit,ICICI,0
100,upi,0,NA,NA,NA,0
100,upi,0,NA,NA,NA,0
100,pay later,0,NA,NA,NA,0
100,card,0,American Express,prepaid,SBI,0
100,wallet,0,NA,NA,NA,0
100,upi,0,NA,NA,NA,1
100,upi,0,NA,NA,NA,0
100,upi,0,NA,NA,NA,0
100,wallet,0,NA,NA,NA,0
100,pay later,0,NA,NA,NA,0
100,upi,0,NA,NA,NA,0
100,wallet,0,NA,NA,NA,0
100,upi,0,NA,NA,NA,0
100,netbanking,0,NA,NA,NA,0
100,netbanking,0,NA,NA,NA,0
100,card,0,RuPay,credit,SBI,0
100,wallet,0,NA,NA,NA,0
100,emi,0,Visa,debit,Kotak Mahindra,0
100,card,0,Mastercard,debit,RBL,0
100,netbanking,0,NA,NA,NA,0
100,upi,0,NA,NA,NA,0
100,wallet,0,NA,NA,NA,0
100,emi,0,Mastercard,credit,Kotak Mahindra,0
100,card,0,Visa,debit,RBL,0
100,upi,0,NA,NA,NA,0
100,upi,0,NA,NA,NA,0
100,upi,0,NA,NA,NA,0
100,upi,0,NA,NA,NA,0
100,card,0,RuPay,credit,Axis,0
100,card,0,Visa,debit,HDFC,0
100,pay later,0,NA,NA,NA,0
100,upi,0,NA,NA,NA,0
100,netbanking,0,NA,NA,NA,0
100,upi,0,NA,NA,NA,0
100,card,0,Visa,credit,Federal Bank,0
100,upi,0,NA,NA,NA,0
100,upi,0,NA,NA,NA,0
100,emi,0,Visa,credit,SBI,0
100,wallet,0,NA,NA,NA,0
100,pay later,0,NA,NA,NA,1
100,wallet,0,NA,NA,NA,0
100,upi,0,NA,NA,NA,0
100,upi,0,NA,NA,NA,0
100,upi,0,NA,NA,NA,0
100,card,0,Mastercard,debit,Union Bank,0
100,netbanking,0,NA,NA,NA,0
100,upi,0,NA,NA,NA,0
100,netbanking,0,NA,NA,NA,1
100,card,0,RuPay,credit,ICICI,0
100,upi,0,NA,NA,NA,0
100,netbanking,0,NA,NA,NA,1
100,upi,0,NA,NA,NA,0
100,netbanking,0,NA,NA,NA,0
100,emi,0,Visa,credit,Bank of Baroda,0
100,upi,0,NA,NA,NA,0
100,emi,0,Mastercard,credit,ICICI,0
100,card,0,Visa,prepaid,Axis,0
100,card,0,Diners,debit,ICICI,0
100,upi,0,NA,NA,NA,0
100,upi,0,NA,NA,NA,0
100,netbanking,0,NA,NA,NA,0
100,emi,0,Visa,debit,HDFC,0
100,upi,0,NA,NA,NA,0
100,wallet,0,NA,NA,NA,0
100,upi,0,NA,NA,NA,0
100,card,0,Visa,debit,Kotak Mahindra,0
100,card,0,Mastercard,debit,HDFC,0
100,emi,0,Visa,credit,IndusInd,0
100,upi,0,NA,NA,NA,0
100,netbanking,0,NA,NA,NA,0
100,card,0,Visa,credit,ICICI,0
100,upi,0,NA,NA,NA,0
100,upi,0,NA,NA,NA,0
100,card,0,Visa,debit,IndusInd,0
100,upi,0,NA,NA,NA,0
100,netbanking,0,NA,NA,NA,0
100,wallet,0,NA,NA,NA,0
100,card,0,Mastercard,credit,Indian Bank,0
100,card,0,American Express,debit,SBI,0
100,card,0,Discover,debit,Yes Bank,0
100,upi,0,NA,NA,NA,0
100,wallet,0,NA,NA,NA,0
100,emi,0,RuPay,debit,Axis,0
100,netbanking,0,NA,NA,NA,0
100,upi,0,NA,NA,NA,0
100,upi,0,NA,NA,NA,0
100,card,0,Diners,debit,Kotak Mahindra,0
100,card,0,Visa,credit,Axis,0
100,card,0,Mastercard,credit,HDFC,1
100,upi,0,NA,NA,NA,0
100,netbanking,0,NA,NA,NA,1
100,upi,0,NA,NA,NA,0
100,upi,0,NA,NA,NA,0
100,upi,0,NA,NA,NA,1
100,upi,0,NA,NA,NA,0
100,emi,0,American Express,credit,SBI,0
100,card,0,Mastercard,credit,IndusInd,0
100,netbanking,0,NA,NA,NA,0
100,upi,0,NA,NA,NA,0
100,wallet,0,NA,NA,NA,0
100,upi,0,NA,NA,NA,0
100,wallet,0,NA,NA,NA,0
100,netbanking,0,NA,NA,NA,0
100,upi,0,NA,NA,NA,0
100,upi,0,NA,NA,NA,0
100,upi,0,NA,NA,NA,0
100,upi,0,NA,NA,NA,1
100,upi,0,NA,NA,NA,0
100,card,0,Visa,prepaid,Axis,0
100,netbanking,0,NA,NA,NA,0
100,card,0,RuPay,credit,HDFC,0
100,pay later,0,NA,NA,NA,0
100,upi,0,NA,NA,NA,0
100,card,0,Mastercard,prepaid,SBI,0
100,upi,0,NA,NA,NA,0
100,netbanking,0,NA,NA,NA,0
100,upi,0,NA,NA,NA,0
100,pay later,0,NA,NA,NA,0
100,upi,0,NA,NA,NA,0
100,card,0,Visa,credit,HDFC,0
100,upi,0,NA,NA,NA,0
100,card,0,Mastercard,debit,SBI,0
100,upi,0,NA,NA,NA,1
100,upi,0,NA,NA,NA,0
100,card,0,Visa,credit,ICICI,0
100,wallet,0,NA,NA,NA,0
100,card,0,Mastercard,debit,Union Bank,0
100,emi,0,Visa,credit,SBI,0
100,upi,0,NA,NA,NA,0
100,upi,0,NA,NA,NA,0
100,upi,0,NA,NA,NA,0
100,upi,0,NA,NA,NA,0
100,emi,0,RuPay,credit,SBI,1
100,wallet,0,NA,NA,NA,0
100,wallet,0,NA,NA,NA,0
100,card,0,Mastercard,debit,Axis,0
100,upi,0,NA,NA,NA,0
100,upi,0,NA,NA,NA,0
100,card,0,Mastercard,debit,HDFC,0
100,emi,0,American Express,debit,ICICI,0
100,upi,0,NA,NA,NA,0
100,upi,0,NA,NA,NA,0
100,card,0,American Express,credit,Axis,0
100,emi,0,RuPay,debit,Punjab National Bank,1
100,upi,0,NA,NA,NA,0
100,card,0,Visa,credit,SBI,1
100,card,0,RuPay,debit,ICICI,0
100,wallet,0,NA,NA,NA,0
100,card,0,RuPay,credit,ICICI,1
100,pay later,0,NA,NA,NA,1
100,emi,0,RuPay,credit,Axis,0
100,upi,0,NA,NA,NA,0
100,upi,0,NA,NA,NA,0
100,upi,0,NA,NA,NA,0
100,upi,0,NA,NA,NA,0
100,card,0,American Express,credit,Axis,0
100,upi,0,NA,NA,NA,0
100,wallet,0,NA,NA,NA,0
100,emi,0,American Express,debit,Yes Bank,0
100,upi,0,NA,NA,NA,0
100,netbanking,0,NA,NA,NA,0
100,upi,0,NA,NA,NA,0
100,netbanking,0,NA,NA,NA,1
100,upi,0,NA,NA,NA,0
100,card,0,Mastercard,credit,ICICI,0
100,upi,0,NA,NA,NA,0
100,upi,0,NA,NA,NA,0
100,card,0,RuPay,debit,Union Bank,0
100,emi,0,Mastercard,credit,Federal Bank,1
100,upi,0,NA,NA,NA,0
100,upi,0,NA,NA,NA,0
100,pay later,0,NA,NA,NA,0
100,card,0,RuPay,debit,Union Bank,0
100,netbanking,0,NA,NA,NA,0
100,netbanking,0,NA,NA,NA,0
100,card,0,Mastercard,credit,Union Bank,0
100,card,0,Visa,debit,ICICI,0
100,wallet,0,NA,NA,NA,0
100,upi,0,NA,NA,NA,0
100,upi,0,NA,NA,NA,0
100,card,0,Mastercard,debit,RBL,0
100,emi,0,RuPay,prepaid,IDFC First,1
100,card,0,RuPay,debit,ICICI,0
100,card,0,American Express,credit,ICICI,0
100,card,0,Mastercard,credit,Kotak Mahindra,0
100,wallet,0,NA,NA,NA,0
100,upi,0,NA,NA,NA,0
100,upi,0,NA,NA,NA,0
100,card,0,Mastercard,debit,SBI,0
100,card,0,Visa,prepaid,ICICI,0
100,card,0,Visa,debit,HDFC,0
100,card,0,Visa,credit,IndusInd,0
100,upi,0,NA,NA,NA,0
100,card,0,Visa,credit,Canara Bank,0
100,upi,0,NA,NA,NA,0
100,upi,0,NA,NA,NA,0
100,upi,0,NA,NA,NA,0
100,upi,0,NA,NA,NA,0
100,card,0,Visa,credit,Kotak Mahindra,1
100,card,0,RuPay,debit,Canara Bank,0
100,card,0,American Express,credit,SBI,1
100,upi,0,NA,NA,NA,0
100,card,0,Visa,debit,Axis,0
100,upi,0,NA,NA,NA,0
100,upi,0,NA,NA,NA,0
100,card,0,Visa,debit,Indian Bank,0
100,emi,0,RuPay,prepaid,Axis,0
100,netbanking,0,NA,NA,NA,0
100,card,0,Visa,credit,Kotak Mahindra,0
100,card,0,Mastercard,credit,ICICI,1
100,upi,0,NA,NA,NA,0
100,card,0,Mastercard,debit,HDFC,0
100,upi,0,NA,NA,NA,0
100,upi,0,NA,NA,NA,0
100,card,0,Mastercard,debit,Federal Bank,0
100,wallet,0,NA,NA,NA,0
100,card,0,Mastercard,credit,ICICI,0
100,upi,0,NA,NA,NA,0
100,wallet,0,NA,NA,NA,0
100,upi,0,NA,NA,NA,0
100,pay later,0,NA,NA,NA,0
100,pay later,0,NA,NA,NA,0
100,upi,0,NA,NA,NA,0
100,card,0,Mastercard,credit,IDFC First,0
100,upi,0,NA,NA,NA,0
100,netbanking,0,NA,NA,NA,0
100,upi,0,NA,NA,NA,0
100,netbanking,0,NA,NA,NA,0
100,wallet,0,NA,NA,NA,0
100,upi,0,NA,NA,NA,0
100,card,0,RuPay,debit,IDFC First,0
100,upi,0,NA,NA,NA,0
100,card,0,Mastercard,debit,IDFC First,0
100,card,0,Visa,credit,HDFC,0
100,upi,0,NA,NA,NA,0
100,card,0,Visa,prepaid,SBI,0
100,card,0,Diners,credit,HDFC,0
100,emi,0,RuPay,debit,IndusInd,0
100,upi,0,NA,NA,NA,0
100,upi,0,NA,NA,NA,1
100,pay later,0,NA,NA,NA,0
100,upi,0,NA,NA,NA,0
100,card,0,Mastercard,credit,HDFC,0
100,upi,0,NA,NA,NA,0
100,upi,0,NA,NA,NA,0
100,wallet,0,NA,NA,NA,0
100,emi,0,Discover,debit,SBI,1
100,upi,0,NA,NA,NA,0
100,card,0,Mastercard,credit,HDFC,0
100,card,0,Visa,debit,Canara Bank,0
100,upi,0,NA,NA,NA,0
100,card,0,Discover,debit,Canara Bank,0
100,netbanking,0,NA,NA,NA,0
100,upi,0,NA,NA,NA,0
100,card,0,Discover,debit,ICICI,0
100,wallet,0,NA,NA,NA,1
100,card,0,RuPay,credit,Yes Bank,0
100,upi,0,NA,NA,NA,0
100,card,0,Mastercard,credit,IDFC First,0
100,upi,0,NA,NA,NA,0
100,card,0,RuPay,debit,Indian Bank,0
100,netbanking,0,NA,NA,NA,0
100,netbanking,0,NA,NA,NA,0
100,upi,0,NA,NA,NA,0
100,wallet,0,NA,NA,NA,0
100,wallet,0,NA,NA,NA,0
100,card,0,Visa,debit,HDFC,0
100,netbanking,0,NA,NA,NA,0
100,emi,0,Diners,credit,ICICI,0
100,card,0,RuPay,debit,IndusInd,0
100,emi,0,Visa,debit,Federal Bank,0
100,wallet,0,NA,NA,NA,0
100,card,0,Mastercard,credit,Axis,0
100,card,0,Visa,debit,HDFC,1
100,netbanking,0,NA,NA,NA,0
100,upi,0,NA,NA,NA,0
100,card,0,Visa,prepaid,SBI,0
100,netbanking,0,NA,NA,NA,0
100,emi,0,Mastercard,debit,Kotak Mahindra,0
100,netbanking,0,NA,NA,NA,1
100,upi,0,NA,NA,NA,0
100,emi,0,RuPay,debit,Axis,1
100,upi,0,NA,NA,NA,0
100,upi,0,NA,NA,NA,0
100,emi,0,Mastercard,debit,SBI,1
100,netbanking,0,NA,NA,NA,0
100,card,0,Mastercard,credit,RBL,0
100,emi,0,RuPay,debit,ICICI,1
100,pay later,0,NA,NA,NA,0
100,pay later,0,NA,NA,NA,0
100,upi,0,NA,NA,NA,0
100,pay later,0,NA,NA,NA,0
100,card,0,Visa,debit,HDFC,0
100,card,0,Mastercard,debit,Federal Bank,0
100,pay later,0,NA,NA,NA,0
100,wallet,0,NA,NA,NA,0
100,netbanking,0,NA,NA,NA,1
100,upi,0,NA,NA,NA,0
100,upi,0,NA,NA,NA,0
100,upi,0,NA,NA,NA,0
100,upi,0,NA,NA,NA,0
100,emi,0,Mastercard,debit,IndusInd,0
100,upi,0,NA,NA,NA,0
100,netbanking,0,NA,NA,NA,0
100,netbanking,0,NA,NA,NA,0
100,netbanking,0,NA,NA,NA,0
100,upi,0,NA,NA,NA,0
100,card,0,RuPay,debit,HDFC,0
100,card,0,American Express,credit,ICICI,0
100,upi,0,NA,NA,NA,1
100,wallet,0,NA,NA,NA,0
100,upi,0,NA,NA,NA,0
100,upi,0,NA,NA,NA,1
100,emi,0,Mastercard,debit,HDFC,0
100,netbanking,0,NA,NA,NA,0
100,pay later,0,NA,NA,NA,0
100,upi,0,NA,NA,NA,0
100,upi,0,NA,NA,NA,0
100,netbanking,0,NA,NA,NA,1
100,upi,0,NA,NA,NA,0
100,netbanking,0,NA,NA,NA,0
100,emi,0,Visa,debit,HDFC,0
100,card,0,RuPay,debit,Federal Bank,0
100,card,0,Visa,debit,SBI,1
100,emi,0,Diners,credit,IndusInd,0
100,netbanking,0,NA,NA,NA,0
100,netbanking,0,NA,NA,NA,0
100,upi,0,NA,NA,NA,0
100,pay later,0,NA,NA,NA,0
100,upi,0,NA,NA,NA,0
100,netbanking,0,NA,NA,NA,0
100,card,0,Discover,credit,IndusInd,0
100,pay later,0,NA,NA,NA,0
100,emi,0,Mastercard,credit,ICICI,0
100,upi,0,NA,NA,NA,0
100,netbanking,0,NA,NA,NA,0
100,emi,0,Mastercard,credit,SBI,0
100,card,0,Visa,credit,IndusInd,0
100,card,0,RuPay,debit,SBI,0
100,emi,0,Visa,credit,Yes Bank,0
100,upi,0,NA,NA,NA,0
100,upi,0,NA,NA,NA,0
100,card,0,Mastercard,debit,ICICI,0
100,card,0,Mastercard,prepaid,SBI,0
100,upi,0,NA,NA,NA,0
100,upi,0,NA,NA,NA,1
100,card,0,Mastercard,debit,Axis,0
100,wallet,0,NA,NA,NA,0
100,netbanking,0,NA,NA,NA,0
100,netbanking,0,NA,NA,NA,0
100,netbanking,0,NA,NA,NA,0
100,card,0,RuPay,credit,Yes Bank,0
100,card,0,Mastercard,debit,Kotak Mahindra,0
100,emi,0,Mastercard,credit,ICICI,0
100,emi,0,Visa,credit,Yes Bank,1
100,upi,0,NA,NA,NA,0
100,wallet,0,NA,NA,NA,0
100,card,0,Discover,debit,Axis,0
100,upi,0,NA,NA,NA,0
100,card,0,Visa,debit,SBI,0
100,upi,0,NA,NA,NA,0
100,emi,0,American Express,debit,Kotak Mahindra,0
100,upi,0,NA,NA,NA,0
100,upi,0,NA,NA,NA,0
100,upi,0,NA,NA,NA,0
100,card,0,Mastercard,debit,SBI,1
100,upi,0,NA,NA,NA,0
100,upi,0,NA,NA,NA,1
100,upi,0,NA,NA,NA,1
100,emi,0,RuPay,credit,HDFC,0
100,wallet,0,NA,NA,NA,1
100,card,0,Mastercard,debit,HDFC,0
100,card,0,RuPay,prepaid,IDFC First,0
100,upi,0,NA,NA,NA,0
100,upi,0,NA,NA,NA,0
100,card,0,Mastercard,debit,Bank of Baroda,0
100,upi,0,NA,NA,NA,0
100,upi,0,NA,NA,NA,0
100,card,0,Visa,debit,Kotak Mahindra,0
100,upi,0,NA,NA,NA,0
100,card,0,Mastercard,debit,Union Bank,1
100,netbanking,0,NA,NA,NA,0
100,netbanking,0,NA,NA,NA,0
100,pay later,0,NA,NA,NA,1
100,upi,0,NA,NA,NA,0
100,pay later,0,NA,NA,NA,0
100,wallet,0,NA,NA,NA,0
100,upi,0,NA,NA,NA,0
100,wallet,0,NA,NA,NA,0
100,upi,0,NA,NA,NA,0
100,upi,0,NA,NA,NA,0
100,card,0,American Express,credit,SBI,0
100,pay later,0,NA,NA,NA,0
100,pay later,0,NA,NA,NA,0
100,pay later,0,NA,NA,NA,0
100,upi,0,NA,NA,NA,0
100,upi,0,NA,NA,NA,0
100,emi,0,Mastercard,credit,SBI,0
100,upi,0,NA,NA,NA,0
100,upi,0,NA,NA,NA,0
100,upi,0,NA,NA,NA,0
100,upi,0,NA,NA,NA,0
100,emi,0,RuPay,credit,IndusInd,0
100,upi,0,NA,NA,NA,0
100,card,0,Visa,debit,HDFC,0
100,netbanking,0,NA,NA,NA,0
100,netbanking,0,NA,NA,NA,0
100,upi,0,NA,NA,NA,0
100,wallet,0,NA,NA,NA,0
100,emi,0,Visa,credit,SBI,0
100,upi,0,NA,NA,NA,0
100,card,0,Mastercard,credit,Indian Bank,0
100,upi,0,NA,NA,NA,0
100,card,0,Mastercard,debit,Union Bank,0
100,wallet,0,NA,NA,NA,0
100,emi,0,RuPay,debit,Kotak Mahindra,0
100,wallet,0,NA,NA,NA,0
100,upi,0,NA,NA,NA,0
100,upi,0,NA,NA,NA,0
100,upi,0,NA,NA,NA,0
100,card,0,Mastercard,credit,Yes Bank,0
100,netbanking,0,NA,NA,NA,0
100,upi,0,NA,NA,NA,0
100,netbanking,0,NA,NA,NA,0
100,card,0,Mastercard,debit,HDFC,0
100,card,0,Visa,debit,Axis,0
100,pay later,0,NA,NA,NA,0
100,wallet,0,NA,NA,NA,0
100,card,0,Visa,debit,ICICI,0
100,upi,0,NA,NA,NA,0
100,upi,0,NA,NA,NA,0
100,card,0,Mastercard,debit,Axis,0
100,netbanking,0,NA,NA,NA,0
100,card,0,American Express,credit,Union Bank,0
100,wallet,0,NA,NA,NA,0
100,upi,0,NA,NA,NA,0
100,wallet,0,NA,NA,NA,0
100,wallet,0,NA,NA,NA,1
100,upi,0,NA,NA,NA,0
100,card,0,Visa,credit,Axis,0
100,pay later,0,NA,NA,NA,0
100,card,0,Mastercard,credit,Kotak Mahindra,0
100,card,0,Diners,credit,Axis,0
100,card,0,Mastercard,credit,Kotak Mahindra,0
100,upi,0,NA,NA,NA,0
100,upi,0,NA,NA,NA,0
100,card,0,Visa,debit,Indian Bank,0
100,upi,0,NA,NA,NA,0
100,card,0,RuPay,debit,Axis,0
100,wallet,0,NA,NA,NA,0
100,wallet,0,NA,NA,NA,0
100,netbanking,0,NA,NA,NA,0
100,card,0,Mastercard,credit,IDFC First,0
100,upi,0,NA,NA,NA,0
100,card,0,Visa,credit,Federal Bank,0
100,emi,0,Visa,debit,HDFC,0
100,pay later,0,NA,NA,NA,0
100,upi,0,NA,NA,NA,0
100,netbanking,0,NA,NA,NA,0
100,card,0,Diners,credit,SBI,0
100,upi,0,NA,NA,NA,1
100,upi,0,NA,NA,NA,1
100,netbanking,0,NA,NA,NA,0
100,upi,0,NA,NA,NA,0
100,emi,0,Mastercard,credit,RBL,0
100,upi,0,NA,NA,NA,0
100,upi,0,NA,NA,NA,0
100,card,0,Mastercard,prepaid,Bank of Baroda,0
100,card,0,Mastercard,debit,Axis,0
100,netbanking,0,NA,NA,NA,0
100,netbanking,0,NA,NA,NA,0
100,card,0,Visa,prepaid,RBL,0
100,card,0,RuPay,prepaid,SBI,0
100,card,0,Visa,credit,Axis,0
100,netbanking,0,NA,NA,NA,0
100,wallet,0,NA,NA,NA,0
100,wallet,0,NA,NA,NA,0
100,card,0,Mastercard,debit,Axis,0
100,card,0,Mastercard,credit,HDFC,0
100,upi,0,NA,NA,NA,0
100,card,0,Mastercard,debit,Axis,0
100,upi,0,NA,NA,NA,0
100,pay later,0,NA,NA,NA,0
100,upi,0,NA,NA,NA,0
100,upi,0,NA,NA,NA,0
100,upi,0,NA,NA,NA,0
100,card,0,Mastercard,credit,Federal Bank,0
100,pay later,0,NA,NA,NA,0
100,card,0,Mastercard,debit,ICICI,0
100,pay later,0,NA,NA,NA,0
100,emi,0,Mastercard,credit,SBI,0
100,upi,0,NA,NA,NA,1
100,upi,0,NA,NA,NA,0
100,upi,0,NA,NA,NA,0
100,emi,0,Mastercard,credit,Axis,0
100,upi,0,NA,NA,NA,0
100,card,0,Visa,credit,Canara Bank,0
100,netbanking,0,NA,NA,NA,0
100,card,0,Mastercard,debit,HDFC,0
100,card,0,Visa,prepaid,Kotak Mahindra,0
100,upi,0,NA,NA,NA,0
100,card,0,RuPay,credit,Kotak Mahindra,0
100,upi,0,NA,NA,NA,0
100,netbanking,0,NA,NA,NA,0
100,upi,0,NA,NA,NA,0
100,upi,0,NA,NA,NA,1
100,card,0,Visa,debit,RBL,0
100,card,0,Mastercard,credit,ICICI,0
100,pay later,0,NA,NA,NA,0
100,card,0,American Express,debit,Canara Bank,0
100,upi,0,NA,NA,NA,0
100,emi,0,Visa,debit,Axis,0
100,netbanking,0,NA,NA,NA,1
100,upi,0,NA,NA,NA,0
100,pay later,0,NA,NA,NA,0
100,netbanking,0,NA,NA,NA,0
100,emi,0,Mastercard,debit,Axis,0
100,card,0,Visa,credit,HDFC,0
100,upi,0,NA,NA,NA,0
100,pay later,0,NA,NA,NA,0
100,card,0,Visa,debit,Yes Bank,0
100,upi,0,NA,NA,NA,0
100,upi,0,NA,NA,NA,0
100,pay later,0,NA,NA,NA,0
100,netbanking,0,NA,NA,NA,0
100,card,0,Mastercard,debit,Yes Bank,0
100,upi,0,NA,NA,NA,0
100,upi,0,NA,NA,NA,0
100,pay later,0,NA,NA,NA,0
100,upi,0,NA,NA,NA,0
100,card,0,Visa,credit,Indian Bank,0
100,card,0,Visa,credit,Kotak Mahindra,0
100,card,0,RuPay,credit,Axis,0
100,upi,0,NA,NA,NA,0
100,upi,0,NA,NA,NA,0
100,upi,0,NA,NA,NA,0
100,card,0,RuPay,credit,SBI,0
100,wallet,0,NA,NA,NA,0
100,netbanking,0,NA,NA,NA,0
100,upi,0,NA,NA,NA,0
100,upi,0,NA,NA,NA,0
100,emi,0,Mastercard,debit,HDFC,0
100,upi,0,NA,NA,NA,0
100,upi,0,NA,NA,NA,0
100,card,0,Mastercard,prepaid,SBI,0
100,pay later,0,NA,NA,NA,0
100,upi,0,NA,NA,NA,0
100,emi,0,Visa,credit,RBL,0
100,card,0,RuPay,credit,Kotak Mahindra,1
100,upi,0,NA,NA,NA,0
100,netbanking,0,NA,NA,NA,1
100,emi,0,RuPay,credit,ICICI,0
100,emi,0,Mastercard,credit,Bank of Baroda,0
100,card,0,Visa,debit,IndusInd,0
100,card,0,RuPay,credit,SBI,0
100,upi,0,NA,NA,NA,0
100,upi,0,NA,NA,NA,0
100,card,0,Visa,debit,Canara Bank,0
100,upi,0,NA,NA,NA,0
100,netbanking,0,NA,NA,NA,0
100,upi,0,NA,NA,NA,0
100,upi,0,NA,NA,NA,0
100,upi,0,NA,NA,NA,0
100,upi,0,NA,NA,NA,0
100,card,0,Visa,debit,Federal Bank,0
100,card,0,Visa,credit,Kotak Mahindra,0
100,card,0,Mastercard,credit,Yes Bank,0
100,pay later,0,NA,NA,NA,0
100,upi,0,NA,NA,NA,0
100,upi,0,NA,NA,NA,0
100,card,0,Mastercard,debit,IDFC First,1
100,upi,0,NA,NA,NA,0
100,emi,0,Mastercard,credit,HDFC,0
100,card,0,Visa,credit,SBI,0
100,netbanking,0,NA,NA,NA,1
100,card,0,Diners,credit,ICICI,0
100,netbanking,0,NA,NA,NA,0
100,pay later,0,NA,NA,NA,0
100,upi,0,NA,NA,NA,0
100,card,0,Visa,debit,RBL,0
100,wallet,0,NA,NA,NA,0
100,upi,0,NA,NA,NA,0
100,card,0,Mastercard,debit,ICICI,0
100,upi,0,NA,NA,NA,0
100,upi,0,NA,NA,NA,0
100,emi,0,Visa,credit,RBL,0
100,card,0,Mastercard,debit,IDFC First,0
100,netbanking,0,NA,NA,NA,0
100,upi,0,NA,NA,NA,0
100,card,0,Discover,debit,Bank of Baroda,0
100,card,0,RuPay,credit,Kotak Mahindra,0
100,card,0,Mastercard,credit,ICICI,0
100,card,0,Mastercard,prepaid,Axis,0
100,card,0,Discover,credit,SBI,0
100,wallet,0,NA,NA,NA,0
100,upi,0,NA,NA,NA,0
100,netbanking,0,NA,NA,NA,0
100,netbanking,0,NA,NA,NA,0
100,wallet,0,NA,NA,NA,0
100,card,0,Visa,credit,IndusInd,0
100,card,0,Visa,credit,SBI,0
100,card,0,Diners,credit,ICICI,0
100,netbanking,0,NA,NA,NA,0
100,card,0,American Express,credit,HDFC,0
100,upi,0,NA,NA,NA,0
100,pay later,0,NA,NA,NA,0
100,netbanking,0,NA,NA,NA,0
100,netbanking,0,NA,NA,NA,0
100,netbanking,0,NA,NA,NA,0
100,card,0,Mastercard,debit,Canara Bank,0
100,card,0,RuPay,credit,Kotak Mahindra,0
100,pay later,0,NA,NA,NA,0
100,pay later,0,NA,NA,NA,0
100,card,0,Visa,debit,RBL,0
100,card,0,Visa,debit,Bank of Baroda,0
100,card,0,RuPay,credit,Axis,0
100,wallet,0,NA,NA,NA,0
100,card,0,Mastercard,prepaid,Bank of Baroda,0
100,upi,0,NA,NA,NA,0
100,upi,0,NA,NA,NA,0
100,netbanking,0,NA,NA,NA,0
100,upi,0,NA,NA,NA,0
100,card,0,Visa,debit,HDFC,0
100,card,0,Visa,credit,HDFC,0
100,netbanking,0,NA,NA,NA,0
100,netbanking,0,NA,NA,NA,0
100,card,0,RuPay,debit,Axis,0
100,upi,0,NA,NA,NA,1
100,card,0,Mastercard,debit,Kotak Mahindra,0
100,card,0,Mastercard,debit,IDFC First,0
100,upi,0,NA,NA,NA,0
100,upi,0,NA,NA,NA,0
100,netbanking,0,NA,NA,NA,1
100,wallet,0,NA,NA,NA,1
100,upi,0,NA,NA,NA,0
100,netbanking,0,NA,NA,NA,0
100,netbanking,0,NA,NA,NA,1
100,netbanking,0,NA,NA,NA,0
100,upi,0,NA,NA,NA,0
100,netbanking,0,NA,NA,NA,0
100,netbanking,0,NA,NA,NA,0
100,netbanking,0,NA,NA,NA,0
100,upi,0,NA,NA,NA,0
100,upi,0,NA,NA,NA,0
100,pay later,0,NA,NA,NA,0
100,netbanking,0,NA,NA,NA,0
100,card,0,American Express,debit,Indian Bank,0
100,card,0,Visa,debit,Bank of Baroda,0
100,upi,0,NA,NA,NA,0
100,upi,0,NA,NA,NA,0
100,netbanking,0,NA,NA,NA,1
100,card,0,Discover,credit,Axis,0
100,upi,0,NA,NA,NA,0
100,card,0,Mastercard,prepaid,IDFC First,0
100,netbanking,0,NA,NA,NA,0
100,emi,0,RuPay,credit,SBI,1
100,card,0,Mastercard,prepaid,Kotak Mahindra,1
100,pay later,0,NA,NA,NA,0
100,wallet,0,NA,NA,NA,0
100,wallet,0,NA,NA,NA,0
100,card,0,Mastercard,credit,SBI,0
100,card,0,Visa,credit,Union Bank,0
100,wallet,0,NA,NA,NA,0
100,upi,0,NA,NA,NA,0
100,upi,0,NA,NA,NA,0
100,wallet,0,NA,NA,NA,0
100,upi,0,NA,NA,NA,0
100,upi,0,NA,NA,NA,0
100,pay later,0,NA,NA,NA,0
100,upi,0,NA,NA,NA,0
100,pay later,0,NA,NA,NA,0
100,upi,0,NA,NA,NA,0
100,upi,0,NA,NA,NA,0
100,card,0,Visa,prepaid,Kotak Mahindra,0
100,upi,0,NA,NA,NA,0
100,netbanking,0,NA,NA,NA,0
100,emi,0,RuPay,debit,Indian Bank,0
100,wallet,0,NA,NA,NA,0
100,netbanking,0,NA,NA,NA,0
100,netbanking,0,NA,NA,NA,0
100,card,0,Discover,prepaid,IndusInd,1
100,upi,0,NA,NA,NA,0
100,upi,0,NA,NA,NA,1
100,card,0,Mastercard,debit,Indian Bank,0
100,card,0,RuPay,credit,HDFC,0
100,upi,0,NA,NA,NA,0
100,emi,0,Mastercard,credit,Axis,0
100,upi,0,NA,NA,NA,0
100,upi,0,NA,NA,NA,0
100,card,0,Visa,debit,Bank of Baroda,0
100,card,0,Mastercard,credit,Canara Bank,0
100,upi,0,NA,NA,NA,0
100,netbanking,0,NA,NA,NA,0
100,netbanking,0,NA,NA,NA,0
100,upi,0,NA,NA,NA,0
100,upi,0,NA,NA,NA,0
100,upi,0,NA,NA,NA,0
100,upi,0,NA,NA,NA,0
100,card,0,RuPay,debit,Punjab National Bank,0
100,emi,0,Mastercard,credit,HDFC,0
100,upi,0,NA,NA,NA,0
100,card,0,Mastercard,debit,ICICI,0
100,upi,0,NA,NA,NA,0
100,pay later,0,NA,NA,NA,0
100,upi,0,NA,NA,NA,0
100,upi,0,NA,NA,NA,1
100,card,0,Mastercard,debit,IndusInd,0
100,card,0,RuPay,credit,Bank of Baroda,0
100,upi,0,NA,NA,NA,0
100,upi,0,NA,NA,NA,0
100,upi,0,NA,NA,NA,0
100,card,0,Diners,prepaid,Axis,0
100,netbanking,0,NA,NA,NA,0
100,card,0,American Express,debit,IndusInd,0
100,card,0,Visa,credit,Axis,0
100,netbanking,0,NA,NA,NA,0
100,upi,0,NA,NA,NA,0
100,card,0,Diners,credit,SBI,0
100,upi,0,NA,NA,NA,0
100,emi,0,Visa,credit,IndusInd,0
100,card,0,Mastercard,credit,IndusInd,0
100,card,0,Mastercard,debit,IDFC First,0
100,card,0,Visa,debit,HDFC,0
100,card,0,Visa,credit,RBL,0
100,netbanking,0,NA,NA,NA,1
100,upi,0,NA,NA,NA,0
100,card,0,RuPay,credit,ICICI,0
100,card,0,Mastercard,credit,Axis,0
100,upi,0,NA,NA,NA,0
100,card,0,Mastercard,debit,HDFC,0
100,card,0,RuPay,debit,Kotak Mahindra,0
100,upi,0,NA,NA,NA,0
100,card,0,Visa,credit,Punjab National Bank,0
100,card,0,Mastercard,debit,Canara Bank,0
100,emi,0,Visa,prepaid,SBI,0
100,upi,0,NA,NA,NA,0
100,card,0,Visa,credit,HDFC,0
100,wallet,0,NA,NA,NA,0
100,card,0,Diners,debit,ICICI,0
100,upi,0,NA,NA,NA,0
100,wallet,0,NA,NA,NA,0
100,netbanking,0,NA,NA,NA,0
100,netbanking,0,NA,NA,NA,0
100,emi,0,Mastercard,debit,Yes Bank,0
100,netbanking,0,NA,NA,NA,0
100,netbanking,0,NA,NA,NA,0
100,card,0,RuPay,credit,IndusInd,0
100,upi,0,NA,NA,NA,0
100,card,0,Visa,credit,HDFC,0
100,wallet,0,NA,NA,NA,0
100,wallet,0,NA,NA,NA,0
100,card,0,Mastercard,credit,HDFC,0
100,upi,0,NA,NA,NA,0
100,upi,0,NA,NA,NA,0
100,wallet,0,NA,NA,NA,0
100,upi,0,NA,NA,NA,0
100,card,0,Mastercard,debit,HDFC,0
100,card,0,Visa,debit,IndusInd,0
100,upi,0,NA,NA,NA,0
100,upi,0,NA,NA,NA,0
100,emi,0,Discover,credit,Canara Bank,0
100,card,0,Visa,prepaid,Union Bank,0
100,upi,0,NA,NA,NA,1
100,card,0,RuPay,credit,ICICI,1
100,upi,0,NA,NA,NA,0
100,upi,0,NA,NA,NA,0
100,card,0,Mastercard,credit,Federal Bank,0
100,upi,0,NA,NA,NA,0
100,upi,0,NA,NA,NA,0
100,pay later,0,NA,NA,NA,0
100,upi,0,NA,NA,NA,0
100,upi,0,NA,NA,NA,0
100,netbanking,0,NA,NA,NA,0
100,card,0,Visa,credit,Indian Bank,0
100,wallet,0,NA,NA,NA,0
100,wallet,0,NA,NA,NA,0
100,upi,0,NA,NA,NA,1
100,wallet,0,NA,NA,NA,0
100,wallet,0,NA,NA,NA,0
100,pay later,0,NA,NA,NA,0
100,emi,0,RuPay,debit,Federal Bank,0
100,card,0,Visa,debit,Kotak Mahindra,0
100,card,0,Visa,debit,Union Bank,0
100,upi,0,NA,NA,NA,0
100,netbanking,0,NA,NA,NA,0
100,upi,0,NA,NA,NA,0
100,wallet,0,NA,NA,NA,0
100,upi,0,NA,NA,NA,0
100,emi,0,Visa,debit,IDFC First,1
100,upi,0,NA,NA,NA,0
100,card,0,Diners,credit,Axis,0
100,upi,0,NA,NA,NA,0
100,upi,0,NA,NA,NA,1
100,upi,0,NA,NA,NA,0
100,pay later,0,NA,NA,NA,0
100,upi,0,NA,NA,NA,0
100,upi,0,NA,NA,NA,0
100,upi,0,NA,NA,NA,0
100,upi,0,NA,NA,NA,0
100,wallet,0,NA,NA,NA,0
100,wallet,0,NA,NA,NA,0
100,upi,0,NA,NA,NA,0
100,netbanking,0,NA,NA,NA,0
100,netbanking,0,NA,NA,NA,0
100,netbanking,0,NA,NA,NA,0
100,upi,0,NA,NA,NA,1
100,netbanking,0,NA,NA,NA,0
100,card,0,RuPay,debit,HDFC,0
100,emi,0,Visa,credit,Punjab National Bank,0
100,card,0,Mastercard,debit,ICICI,0
100,emi,0,Discover,debit,Yes Bank,0
100,upi,0,NA,NA,NA,0
100,upi,0,NA,NA,NA,0
100,upi,0,NA,NA,NA,1
100,upi,0,NA,NA,NA,0
100,card,0,RuPay,debit,Punjab National Bank,0
100,upi,0,NA,NA,NA,0
100,card,0,Visa,debit,Bank of Baroda,0
100,upi,0,NA,NA,NA,0
100,netbanking,0,NA,NA,NA,0
100,emi,0,Diners,credit,Indian Bank,0
100,upi,0,NA,NA,NA,0
100,upi,0,NA,NA,NA,0
100,upi,0,NA,NA,NA,0
100,emi,0,Visa,credit,SBI,1
100,wallet,0,NA,NA,NA,0
100,wallet,0,NA,NA,NA,0
100,wallet,0,NA,NA,NA,0
100,card,0,Mastercard,credit,Axis,0
100,emi,0,Visa,credit,SBI,0
100,upi,0,NA,NA,NA,0
100,card,0,Visa,credit,Axis,0
100,upi,0,NA,NA,NA,0
100,netbanking,0,NA,NA,NA,0
100,upi,0,NA,NA,NA,0
100,upi,0,NA,NA,NA,0
100,emi,0,Visa,credit,Axis,0
100,emi,0,Visa,credit,ICICI,0
100,upi,0,NA,NA,NA,0
100,upi,0,NA,NA,NA,0
100,netbanking,0,NA,NA,NA,0
100,card,0,Mastercard,debit,IndusInd,0
100,card,0,Visa,debit,SBI,0
100,card,0,Mastercard,credit,HDFC,0
100,upi,0,NA,NA,NA,0
100,emi,0,Mastercard,debit,HDFC,0
100,upi,0,NA,NA,NA,0
100,wallet,0,NA,NA,NA,0
100,card,0,Visa,debit,IndusInd,0
100,card,0,Mastercard,credit,Federal Bank,0
100,wallet,0,NA,NA,NA,0
100,card,0,Mastercard,debit,Bank of Baroda,0
100,upi,0,NA,NA,NA,0
100,upi,0,NA,NA,NA,0
100,netbanking,0,NA,NA,NA,1
100,upi,0,NA,NA,NA,0
100,netbanking,0,NA,NA,NA,1
100,card,0,Visa,prepaid,ICICI,0
100,wallet,0,NA,NA,NA,0
100,pay later,0,NA,NA,NA,0
100,card,0,RuPay,debit,IndusInd,0
100,upi,0,NA,NA,NA,0
100,card,0,Visa,credit,Canara Bank,0
100,wallet,0,NA,NA,NA,0
100,upi,0,NA,NA,NA,0
100,card,0,Mastercard,credit,HDFC,0
100,upi,0,NA,NA,NA,1
100,upi,0,NA,NA,NA,1
100,netbanking,0,NA,NA,NA,0
100,netbanking,0,NA,NA,NA,0
100,card,0,RuPay,prepaid,SBI,1
100,upi,0,NA,NA,NA,0
100,card,0,Visa,debit,Kotak Mahindra,1
100,wallet,0,NA,NA,NA,0
100,upi,0,NA,NA,NA,0
100,card,0,Discover,prepaid,SBI,0
100,card,0,Visa,debit,IndusInd,0
100,card,0,Mastercard,credit,ICICI,0
100,card,0,Mastercard,debit,HDFC,0
100,upi,0,NA,NA,NA,0
100,upi,0,NA,NA,NA,1
100,pay later,0,NA,NA,NA,0
100,emi,0,Visa,credit,SBI,0
100,netbanking,0,NA,NA,NA,0
100,upi,0,NA,NA,NA,0
100,netbanking,0,NA,NA,NA,0
100,card,0,Visa,credit,Axis,0
100,upi,0,NA,NA,NA,0
100,upi,0,NA,NA,NA,0
100,card,0,Mastercard,credit,HDFC,0
100,wallet,0,NA,NA,NA,0
100,upi,0,NA,NA,NA,0
100,emi,0,Mastercard,credit,IndusInd,0
100,card,0,Mastercard,debit,Axis,0
100,netbanking,0,NA,NA,NA,0
100,card,0,Visa,credit,Axis,0
100,netbanking,0,NA,NA,NA,0
100,emi,0,Mastercard,prepaid,Federal Bank,0
100,upi,0,NA,NA,NA,0
100,netbanking,0,NA,NA,NA,0
100,upi,0,NA,NA,NA,0
100,card,0,Discover,credit,Canara Bank,0
100,wallet,0,NA,NA,NA,0
100,netbanking,0,NA,NA,NA,0
100,card,0,Visa,credit,ICICI,0
100,upi,0,NA,NA,NA,0
100,emi,0,Visa,credit,SBI,0
100,upi,0,NA,NA,NA,0
100,card,0,Mastercard,prepaid,IndusInd,0
100,pay later,0,NA,NA,NA,0
100,upi,0,NA,NA,NA,0
100,card,0,Mastercard,debit,Kotak Mahindra,0
100,card,0,Visa,debit,Axis,0
100,card,0,Visa,credit,Kotak Mahindra,0
100,emi,0,RuPay,credit,Axis,0
100,netbanking,0,NA,NA,NA,0
100,netbanking,0,NA,NA,NA,0
100,upi,0,NA,NA,NA,0
100,upi,0,NA,NA,NA,0
100,wallet,0,NA,NA,NA,0
100,emi,0,Visa,debit,Axis,0
100,card,0,American Express,credit,HDFC,0
100,card,0,American Express,credit,RBL,0
100,card,0,Visa,credit,SBI,0
100,card,0,RuPay,debit,ICICI,0
100,emi,0,RuPay,debit,SBI,0
100,upi,0,NA,NA,NA,0
100,pay later,0,NA,NA,NA,0
100,upi,0,NA,NA,NA,0
100,card,0,Discover,prepaid,Kotak Mahindra,0
100,card,0,RuPay,credit,SBI,0
100,upi,0,NA,NA,NA,0
100,upi,0,NA,NA,NA,0
100,pay later,0,NA,NA,NA,0
100,pay later,0,NA,NA,NA,0
100,upi,0,NA,NA,NA,0
100,upi,0,NA,NA,NA,0
100,upi,0,NA,NA,NA,0
100,upi,0,NA,NA,NA,0
100,pay later,0,NA,NA,NA,0
100,upi,0,NA,NA,NA,0
100,card,0,Visa,credit,Axis,0
100,netbanking,0,NA,NA,NA,0
100,upi,0,NA,NA,NA,0
100,card,0,American Express,debit,Axis,1
100,card,0,Diners,credit,Yes Bank,0
100,wallet,0,NA,NA,NA,0
100,upi,0,NA,NA,NA,0
100,card,0,Mastercard,credit,SBI,0
100,upi,0,NA,NA,NA,0
100,emi,0,Mastercard,credit,Axis,0
100,netbanking,0,NA,NA,NA,0
100,upi,0,NA,NA,NA,0
100,card,0,American Express,debit,Axis,0
100,card,0,Visa,credit,Federal Bank,0
100,wallet,0,NA,NA,NA,0
100,netbanking,0,NA,NA,NA,1
100,upi,0,NA,NA,NA,0
100,netbanking,0,NA,NA,NA,0
100,pay later,0,NA,NA,NA,1
100,card,0,Mastercard,credit,ICICI,0
100,emi,0,Mastercard,debit,Punjab National Bank,0
100,card,0,RuPay,credit,Axis,0
100,wallet,0,NA,NA,NA,0
100,upi,0,NA,NA,NA,0
100,upi,0,NA,NA,NA,0
100,netbanking,0,NA,NA,NA,0
100,upi,0,NA,NA,NA,0
100,upi,0,NA,NA,NA,0
100,upi,0,NA,NA,NA,1
100,card,0,RuPay,debit,HDFC,0
100,netbanking,0,NA,NA,NA,0
100,card,0,Visa,debit,HDFC,0
100,pay later,0,NA,NA,NA,0
100,netbanking,0,NA,NA,NA,0
100,wallet,0,NA,NA,NA,0
100,pay later,0,NA,NA,NA,0
100,upi,0,NA,NA,NA,0
100,card,0,Diners,debit,IndusInd,0
100,card,0,Visa,credit,IDFC First,0
100,card,0,Visa,debit,Indian Bank,0
100,upi,0,NA,NA,NA,0
100,pay later,0,NA,NA,NA,1
100,upi,0,NA,NA,NA,0
100,card,0,Visa,debit,ICICI,0
100,upi,0,NA,NA,NA,0
100,wallet,0,NA,NA,NA,0
100,upi,0,NA,NA,NA,0
100,pay later,0,NA,NA,NA,0
100,upi,0,NA,NA,NA,0
100,upi,0,NA,NA,NA,0
100,card,0,Visa,debit,Kotak Mahindra,0
100,emi,0,Visa,debit,HDFC,0
100,netbanking,0,NA,NA,NA,0
100,emi,0,RuPay,debit,Kotak Mahindra,1
100,card,0,Mastercard,credit,Axis,0
100,wallet,0,NA,NA,NA,0
100,card,0,Visa,debit,Canara Bank,0
100,card,0,Mastercard,debit,Axis,0
100,card,0,Mastercard,debit,HDFC,0
100,upi,0,NA,NA,NA,0
100,card,0,Mastercard,credit,Canara Bank,0
100,netbanking,0,NA,NA,NA,0
100,upi,0,NA,NA,NA,0
100,netbanking,0,NA,NA,NA,0
100,upi,0,NA,NA,NA,0
100,upi,0,NA,NA,NA,0
100,card,0,Visa,prepaid,IDFC First,0
100,upi,0,NA,NA,NA,0
100,upi,0,NA,NA,NA,0
100,emi,0,RuPay,credit,HDFC,0
100,upi,0,NA,NA,NA,0
100,upi,0,NA,NA,NA,0
100,upi,0,NA,NA,NA,0
100,netbanking,0,NA,NA,NA,0
100,emi,0,Visa,credit,HDFC,1
100,upi,0,NA,NA,NA,0
100,card,0,Visa,debit,Kotak Mahindra,0
100,pay later,0,NA,NA,NA,0
100,pay later,0,NA,NA,NA,0
100,emi,0,Discover,debit,Kotak Mahindra,0
100,card,0,Visa,credit,Axis,0
100,card,0,Mastercard,credit,ICICI,0
100,upi,0,NA,NA,NA,0
100,netbanking,0,NA,NA,NA,0
100,emi,0,Mastercard,debit,Canara Bank,0
100,wallet,0,NA,NA,NA,0
100,card,0,RuPay,credit,Kotak Mahindra,0
100,netbanking,0,NA,NA,NA,0
100,emi,0,Mastercard,credit,IndusInd,0
100,upi,0,NA,NA,NA,0
100,card,0,RuPay,debit,Union Bank,1
100,upi,0,NA,NA,NA,0
100,upi,0,NA,NA,NA,0
100,card,0,RuPay,debit,Kotak Mahindra,0
100,pay later,0,NA,NA,NA,0
100,upi,0,NA,NA,NA,0
100,pay later,0,NA,NA,NA,0
100,pay later,0,NA,NA,NA,0
100,card,0,RuPay,debit,HDFC,0
100,upi,0,NA,NA,NA,0
100,upi,0,NA,NA,NA,0
100,upi,0,NA,NA,NA,0
100,card,0,RuPay,debit,Axis,0
100,card,0,RuPay,debit,Bank of Baroda,0
100,emi,0,Diners,credit,SBI,0
100,upi,0,NA,NA,NA,0
100,pay later,0,NA,NA,NA,0
100,card,0,Visa,debit,Punjab National Bank,0
100,card,0,American Express,debit,HDFC,0
100,upi,0,NA,NA,NA,0
100,netbanking,0,NA,NA,NA,0
100,upi,0,NA,NA,NA,0
100,upi,0,NA,NA,NA,0
100,card,0,Visa,credit,SBI,0
100,card,0,Mastercard,credit,Axis,0
100,upi,0,NA,NA,NA,0
100,card,0,Visa,debit,HDFC,0
100,emi,0,Mastercard,debit,HDFC,0
100,upi,0,NA,NA,NA,0
100,upi,0,NA,NA,NA,0
100,upi,0,NA,NA,NA,0
100,upi,0,NA,NA,NA,0
100,upi,0,NA,NA,NA,0
100,upi,0,NA,NA,NA,0
100,netbanking,0,NA,NA,NA,0
100,emi,0,Visa,credit,Canara Bank,0
100,upi,0,NA,NA,NA,0
100,upi,0,NA,NA,NA,0
100,card,0,RuPay,prepaid,Punjab National Bank,0
100,emi,0,Visa,credit,IDFC First,0
100,emi,0,Visa,debit,SBI,0
100,card,0,Visa,debit,HDFC,0
100,card,0,RuPay,debit,Union Bank,0
100,card,0,Mastercard,debit,Axis,0
100,emi,0,American Express,credit,Bank of Baroda,0
100,upi,0,NA,NA,NA,0
100,upi,0,NA,NA,NA,0
100,netbanking,0,NA,NA,NA,0
100,upi,0,NA,NA,NA,0
100,pay later,0,NA,NA,NA,0
100,wallet,0,NA,NA,NA,0
100,card,0,Mastercard,credit,Kotak Mahindra,0
100,card,0,RuPay,debit,IndusInd,0
100,card,0,Mastercard,debit,IndusInd,0
100,upi,0,NA,NA,NA,1
100,card,0,RuPay,credit,Yes Bank,0
100,card,0,American Express,debit,ICICI,0
100,emi,0,Visa,credit,RBL,0
100,card,0,Diners,credit,SBI,1
100,pay later,0,NA,NA,NA,0
100,card,0,Discover,debit,IDFC First,0
100,upi,0,NA,NA,NA,0
100,netbanking,0,NA,NA,NA,0
100,upi,0,NA,NA,NA,0
100,upi,0,NA,NA,NA,0
100,pay later,0,NA,NA,NA,0
100,netbanking,0,NA,NA,NA,0
100,wallet,0,NA,NA,NA,0
100,upi,0,NA,NA,NA,0
100,upi,0,NA,NA,NA,0
100,upi,0,NA,NA,NA,0
100,upi,0,NA,NA,NA,1
100,netbanking,0,NA,NA,NA,0
100,upi,0,NA,NA,NA,1
100,upi,0,NA,NA,NA,0
100,upi,0,NA,NA,NA,0
100,upi,0,NA,NA,NA,0
100,wallet,0,NA,NA,NA,0
100,wallet,0,NA,NA,NA,0
100,card,0,Visa,credit,ICICI,0
100,upi,0,NA,NA,NA,0
100,upi,0,NA,NA,NA,0
100,upi,0,NA,NA,NA,0
100,card,0,Mastercard,debit,Punjab National Bank,0
100,netbanking,0,NA,NA,NA,0
100,upi,0,NA,NA,NA,0
100,upi,0,NA,NA,NA,0
100,wallet,0,NA,NA,NA,0
100,emi,0,Discover,debit,IndusInd,0
100,card,0,Visa,debit,Axis,0
100,upi,0,NA,NA,NA,0
100,upi,0,NA,NA,NA,0
100,netbanking,0,NA,NA,NA,0
100,card,0,Visa,credit,Kotak Mahindra,0
100,upi,0,NA,NA,NA,0
100,wallet,0,NA,NA,NA,0
100,netbanking,0,NA,NA,NA,0
100,emi,0,RuPay,debit,IDFC First,0
100,upi,0,NA,NA,NA,0
100,upi,0,NA,NA,NA,0
100,card,0,American Express,credit,IndusInd,0
100,upi,0,NA,NA,NA,0
100,wallet,0,NA,NA,NA,0
100,emi,0,RuPay,debit,RBL,0
100,emi,0,Visa,credit,Canara Bank,1
100,card,0,Mastercard,credit,SBI,0
100,emi,0,Discover,debit,ICICI,0
100,upi,0,NA,NA,NA,0
100,upi,0,NA,NA,NA,0
100,upi,0,NA,NA,NA,0
100,upi,0,NA,NA,NA,0
100,card,0,Visa,credit,Punjab National Bank,0
100,netbanking,0,NA,NA,NA,0
100,emi,0,Mastercard,prepaid,RBL,0
100,upi,0,NA,NA,NA,0
100,emi,0,RuPay,credit,Axis,0
100,card,0,Visa,credit,IndusInd,0
100,card,0,Visa,credit,Canara Bank,0
100,pay later,0,NA,NA,NA,0
100,upi,0,NA,NA,NA,0
100,netbanking,0,NA,NA,NA,0
100,upi,0,NA,NA,NA,0
100,netbanking,0,NA,NA,NA,0
100,upi,0,NA,NA,NA,0
100,card,0,RuPay,credit,HDFC,0
100,upi,0,NA,NA,NA,0
100,upi,0,NA,NA,NA,0
100,upi,0,NA,NA,NA,0
100,upi,0,NA,NA,NA,0
100,card,0,RuPay,debit,ICICI,0
100,upi,0,NA,NA,NA,0
100,emi,0,Visa,credit,SBI,0
100,upi,0,NA,NA,NA,0
100,upi,0,NA,NA,NA,0
100,card,0,RuPay,debit,Bank of Baroda,0
100,card,0,RuPay,debit,RBL,0
100,card,0,Mastercard,debit,Indian Bank,0
100,upi,0,NA,NA,NA,0
100,upi,0,NA,NA,NA,0
100,netbanking,0,NA,NA,NA,0
100,wallet,0,NA,NA,NA,0
100,wallet,0,NA,NA,NA,0
100,pay later,0,NA,NA,NA,0
100,upi,0,NA,NA,NA,0
100,upi,0,NA,NA,NA,0
100,upi,0,NA,NA,NA,0
100,upi,0,NA,NA,NA,0
100,wallet,0,NA,NA,NA,0
100,card,0,Visa,credit,SBI,0
100,netbanking,0,NA,NA,NA,0
100,upi,0,NA,NA,NA,0
100,upi,0,NA,NA,NA,0
100,wallet,0,NA,NA,NA,0
100,netbanking,0,NA,NA,NA,0
100,emi,0,Visa,debit,ICICI,1
100,upi,0,NA,NA,NA,0
100,upi,0,NA,NA,NA,0
100,upi,0,NA,NA,NA,0
100,pay later,0,NA,NA,NA,0
100,card,0,Mastercard,credit,Union Bank,0
100,card,0,Mastercard,debit,RBL,0
100,pay later,0,NA,NA,NA,0
100,upi,0,NA,NA,NA,0
100,pay later,0,NA,NA,NA,1
100,wallet,0,NA,NA,NA,0
100,card,0,Mastercard,credit,ICICI,0
100,pay later,0,NA,NA,NA,0
100,netbanking,0,NA,NA,NA,0
100,pay later,0,NA,NA,NA,1
100,upi,0,NA,NA,NA,0
100,upi,0,NA,NA,NA,0
100,upi,0,NA,NA,NA,0
100,emi,0,Mastercard,debit,HDFC,0
100,upi,0,NA,NA,NA,0
100,card,0,Visa,credit,SBI,0
100,upi,0,NA,NA,NA,0
100,emi,0,RuPay,debit,HDFC,0
100,netbanking,0,NA,NA,NA,0
100,emi,0,RuPay,credit,Canara Bank,1
100,card,0,RuPay,prepaid,ICICI,0
100,card,0,Visa,debit,IndusInd,0
100,upi,0,NA,NA,NA,0
100,card,0,Visa,prepaid,IDFC First,1
100,netbanking,0,NA,NA,NA,0
100,card,0,RuPay,credit,IDFC First,0
100,upi,0,NA,NA,NA,0
100,pay later,0,NA,NA,NA,1
100,netbanking,0,NA,NA,NA,0
100,card,0,Mastercard,debit,HDFC,0
100,upi,0,NA,NA,NA,0
100,upi,0,NA,NA,NA,0
100,card,0,Mastercard,credit,IDFC First,0
100,emi,0,American Express,credit,Punjab National Bank,0
100,wallet,0,NA,NA,NA,0
100,upi,0,NA,NA,NA,0
100,upi,0,NA,NA,NA,0
100,emi,0,Mastercard,credit,ICICI,0
100,netbanking,0,NA,NA,NA,0
100,upi,0,NA,NA,NA,0
100,upi,0,NA,NA,NA,0
100,card,0,Mastercard,credit,IndusInd,0
100,upi,0,NA,NA,NA,0
100,card,0,Mastercard,credit,Axis,0
100,card,0,Visa,prepaid,ICICI,0
100,upi,0,NA,NA,NA,0
100,card,0,Visa,debit,ICICI,0
100,emi,0,Visa,credit,Bank of Baroda,0
100,upi,0,NA,NA,NA,0
100,wallet,0,NA,NA,NA,0
100,card,0,Diners,debit,ICICI,0
100,card,0,Visa,credit,Kotak Mahindra,0
100,upi,0,NA,NA,NA,0
100,wallet,0,NA,NA,NA,0
100,card,0,Mastercard,prepaid,Punjab National Bank,0
100,card,0,Mastercard,debit,ICICI,0
100,netbanking,0,NA,NA,NA,0
100,upi,0,NA,NA,NA,0
100,upi,0,NA,NA,NA,0
100,upi,0,NA,NA,NA,0
100,upi,0,NA,NA,NA,0
100,emi,0,RuPay,debit,ICICI,0
100,card,0,Visa,credit,Axis,0
100,card,0,Mastercard,debit,ICICI,0
100,card,0,American Express,debit,RBL,0
100,upi,0,NA,NA,NA,0
100,upi,0,NA,NA,NA,0
100,upi,0,NA,NA,NA,0
100,upi,0,NA,NA,NA,0
100,card,0,Visa,credit,HDFC,0
100,upi,0,NA,NA,NA,1
100,upi,0,NA,NA,NA,0
100,card,0,Mastercard,debit,Canara Bank,0
100,upi,0,NA,NA,NA,0
100,upi,0,NA,NA,NA,0
100,upi,0,NA,NA,NA,0
100,upi,0,NA,NA,NA,0
100,emi,0,Mastercard,prepaid,SBI,0
100,card,0,Visa,prepaid,HDFC,0
100,card,0,RuPay,debit,Canara Bank,0
100,pay later,0,NA,NA,NA,0
100,netbanking,0,NA,NA,NA,0
100,netbanking,0,NA,NA,NA,0
100,wallet,0,NA,NA,NA,0
100,emi,0,Visa,credit,SBI,0
100,pay later,0,NA,NA,NA,0
100,netbanking,0,NA,NA,NA,0
100,card,0,Visa,credit,ICICI,0
100,wallet,0,NA,NA,NA,0
100,pay later,0,NA,NA,NA,0
100,upi,0,NA,NA,NA,0
100,card,0,RuPay,credit,Indian Bank,0
100,pay later,0,NA,NA,NA,0
100,netbanking,0,NA,NA,NA,0
100,card,0,Mastercard,debit,Yes Bank,0
100,upi,0,NA,NA,NA,0
100,upi,0,NA,NA,NA,0
100,card,0,Visa,debit,Union Bank,0
100,netbanking,0,NA,NA,NA,0
100,netbanking,0,NA,NA,NA,0
100,upi,0,NA,NA,NA,0
100,card,0,RuPay,credit,Kotak Mahindra,0
100,emi,0,RuPay,debit,Kotak Mahindra,0
100,netbanking,0,NA,NA,NA,0
100,card,0,Mastercard,credit,Federal Bank,0
100,card,0,Discover,prepaid,Axis,0
100,upi,0,NA,NA,NA,0
100,wallet,0,NA,NA,NA,0
100,emi,0,Mastercard,debit,Federal Bank,0
100,emi,0,RuPay,credit,Canara Bank,0
100,card,0,RuPay,credit,Yes Bank,0
100,emi,0,Mastercard,debit,HDFC,0
100,card,0,RuPay,debit,SBI,0
100,card,0,RuPay,credit,Canara Bank,0
100,card,0,Mastercard,credit,HDFC,0
100,card,0,Mastercard,debit,Kotak Mahindra,0
100,upi,0,NA,NA,NA,0
100,pay later,0,NA,NA,NA,0
100,upi,0,NA,NA,NA,0
100,card,0,Mastercard,credit,HDFC,1
100,emi,0,Visa,debit,ICICI,0
100,upi,0,NA,NA,NA,0
100,upi,0,NA,NA,NA,0
100,upi,0,NA,NA,NA,0
100,pay later,0,NA,NA,NA,0
100,card,0,Mastercard,credit,Bank of Baroda,0
100,netbanking,0,NA,NA,NA,0
100,upi,0,NA,NA,NA,0
100,netbanking,0,NA,NA,NA,0
100,upi,0,NA,NA,NA,0
100,wallet,0,NA,NA,NA,0
100,card,0,RuPay,credit,ICICI,0
100,upi,0,NA,NA,NA,0
100,wallet,0,NA,NA,NA,0
100,upi,0,NA,NA,NA,1
100,card,0,RuPay,credit,RBL,0
100,upi,0,NA,NA,NA,0
100,netbanking,0,NA,NA,NA,0
100,upi,0,NA,NA,NA,0
100,upi,0,NA,NA,NA,0
100,upi,0,NA,NA,NA,0
100,pay later,0,NA,NA,NA,0
100,wallet,0,NA,NA,NA,0
100,card,0,Diners,credit,ICICI,1
100,upi,0,NA,NA,NA,1
100,pay later,0,NA,NA,NA,1
100,upi,0,NA,NA,NA,0
100,card,0,Visa,credit,SBI,0
100,wallet,0,NA,NA,NA,0
100,upi,0,NA,NA,NA,0
100,upi,0,NA,NA,NA,0
100,wallet,0,NA,NA,NA,0
100,emi,0,Mastercard,prepaid,Axis,0
100,card,0,Visa,debit,IndusInd,0
100,wallet,0,NA,NA,NA,0
100,card,0,Mastercard,credit,Kotak Mahindra,0
100,card,0,Mastercard,credit,HDFC,0
100,wallet,0,NA,NA,NA,0
100,wallet,0,NA,NA,NA,0
100,upi,0,NA,NA,NA,0
100,pay later,0,NA,NA,NA,0
100,upi,0,NA,NA,NA,0
100,upi,0,NA,NA,NA,0
100,emi,0,Visa,debit,ICICI,0
100,emi,0,Visa,credit,Kotak Mahindra,0
100,card,0,Visa,debit,Canara Bank,0
100,emi,0,Mastercard,credit,Federal Bank,0
100,wallet,0,NA,NA,NA,0
100,card,0,Visa,debit,IndusInd,0
100,upi,0,NA,NA,NA,0
100,card,0,Mastercard,credit,SBI,1
100,wallet,0,NA,NA,NA,0
100,card,0,Visa,debit,IDFC First,0
100,emi,0,Visa,credit,HDFC,0
100,upi,0,NA,NA,NA,0
100,wallet,0,NA,NA,NA,0
100,netbanking,0,NA,NA,NA,0
100,upi,0,NA,NA,NA,0
100,wallet,0,NA,NA,NA,0
100,upi,0,NA,NA,NA,0
100,upi,0,NA,NA,NA,0
100,netbanking,0,NA,NA,NA,0
100,emi,0,Visa,credit,SBI,0
100,card,0,Mastercard,credit,Union Bank,0
100,upi,0,NA,NA,NA,0
100,upi,0,NA,NA,NA,0
100,emi,0,Mastercard,debit,Axis,0
100,upi,0,NA,NA,NA,0
100,upi,0,NA,NA,NA,0
100,upi,0,NA,NA,NA,0
100,upi,0,NA,NA,NA,1
100,pay later,0,NA,NA,NA,0
100,emi,0,Mastercard,debit,RBL,0
100,upi,0,NA,NA,NA,0
100,netbanking,0,NA,NA,NA,0
100,netbanking,0,NA,NA,NA,0
100,wallet,0,NA,NA,NA,0
100,wallet,0,NA,NA,NA,0
100,card,0,Mastercard,prepaid,Axis,0
100,card,0,Visa,credit,Indian Bank,0
100,wallet,0,NA,NA,NA,0
100,upi,0,NA,NA,NA,0
100,pay later,0,NA,NA,NA,0
100,upi,0,NA,NA,NA,0
100,card,0,American Express,debit,Federal Bank,0
100,card,0,RuPay,credit,Federal Bank,0
100,upi,0,NA,NA,NA,0
100,netbanking,0,NA,NA,NA,0
100,card,0,Mastercard,debit,SBI,0
100,upi,0,NA,NA,NA,0
100,upi,0,NA,NA,NA,0
100,upi,0,NA,NA,NA,0
100,wallet,0,NA,NA,NA,0
100,netbanking,0,NA,NA,NA,1
100,card,0,Mastercard,debit,SBI,0
100,card,0,Mastercard,debit,HDFC,0
100,card,0,Visa,credit,Axis,0
100,wallet,0,NA,NA,NA,0
100,upi,0,NA,NA,NA,1
100,card,0,Mastercard,debit,SBI,0
100,emi,0,Mastercard,credit,ICICI,0
100,upi,0,NA,NA,NA,0
100,wallet,0,NA,NA,NA,0
100,upi,0,NA,NA,NA,0
100,card,0,Visa,debit,SBI,1
100,wallet,0,NA,NA,NA,0
100,card,0,American Express,debit,HDFC,0
100,upi,0,NA,NA,NA,0
100,card,0,Diners,credit,HDFC,0
100,netbanking,0,NA,NA,NA,0
100,upi,0,NA,NA,NA,0
100,card,0,Mastercard,debit,RBL,0
100,netbanking,0,NA,NA,NA,0
100,card,0,Mastercard,debit,IndusInd,0
100,upi,0,NA,NA,NA,0
100,wallet,0,NA,NA,NA,0
100,card,0,American Express,debit,Federal Bank,0
100,card,0,Mastercard,debit,ICICI,0
100,card,0,RuPay,credit,HDFC,0
100,card,0,RuPay,credit,IDFC First,0
100,upi,0,NA,NA,NA,0
100,card,0,Discover,credit,Axis,0
100,upi,0,NA,NA,NA,0
100,upi,0,NA,NA,NA,0
100,card,0,Mastercard,debit,Kotak Mahindra,0
100,wallet,0,NA,NA,NA,0
100,upi,0,NA,NA,NA,0
100,card,0,American Express,credit,Federal Bank,0
100,card,0,Mastercard,debit,Federal Bank,0
100,card,0,Discover,prepaid,ICICI,0
100,card,0,Mastercard,debit,HDFC,0
100,upi,0,NA,NA,NA,0
100,wallet,0,NA,NA,NA,0
100,upi,0,NA,NA,NA,0
100,card,0,Visa,debit,Indian Bank,0
100,netbanking,0,NA,NA,NA,0
100,upi,0,NA,NA,NA,0
100,pay later,0,NA,NA,NA,0
100,netbanking,0,NA,NA,NA,0
100,upi,0,NA,NA,NA,0
100,emi,0,Visa,prepaid,Axis,0
100,card,0,American Express,credit,SBI,1
100,upi,0,NA,NA,NA,0
100,card,0,Mastercard,credit,Axis,0
100,pay later,0,NA,NA,NA,0
100,card,0,Mastercard,debit,SBI,0
100,card,0,Visa,debit,Bank of Baroda,0
100,upi,0,NA,NA,NA,0
100,upi,0,NA,NA,NA,0
100,emi,0,RuPay,credit,Axis,0
100,card,0,American Express,credit,Federal Bank,0
100,pay later,0,NA,NA,NA,1
100,card,0,Mastercard,prepaid,Indian Bank,0
100,upi,0,NA,NA,NA,0
100,netbanking,0,NA,NA,NA,0
100,card,0,Visa,debit,HDFC,0
100,netbanking,0,NA,NA,NA,1
100,upi,0,NA,NA,NA,0
100,card,0,Mastercard,credit,Axis,0
100,netbanking,0,NA,NA,NA,1
100,card,0,Mastercard,debit,SBI,0
100,wallet,0,NA,NA,NA,0
100,pay later,0,NA,NA,NA,0
100,upi,0,NA,NA,NA,0
100,pay later,0,NA,NA,NA,0
100,upi,0,NA,NA,NA,0
100,card,0,RuPay,debit,HDFC,0
100,card,0,Visa,credit,Axis,0
100,card,0,Mastercard,debit,IDFC First,0
100,netbanking,0,NA,NA,NA,0
100,card,0,Visa,credit,SBI,0
100,card,0,Mastercard,credit,IDFC First,0
100,netbanking,0,NA,NA,NA,0
100,emi,0,Visa,debit,HDFC,0
100,wallet,0,NA,NA,NA,0
100,upi,0,NA,NA,NA,0
100,upi,0,NA,NA,NA,0
100,upi,0,NA,NA,NA,0
100,upi,0,NA,NA,NA,0
100,card,0,Visa,credit,HDFC,0
100,netbanking,0,NA,NA,NA,0
100,upi,0,NA,NA,NA,0
100,pay later,0,NA,NA,NA,0
100,emi,0,American Express,credit,RBL,0
100,upi,0,NA,NA,NA,0
100,upi,0,NA,NA,NA,1
100,upi,0,NA,NA,NA,1
100,card,0,RuPay,debit,RBL,0
100,upi,0,NA,NA,NA,1
100,upi,0,NA,NA,NA,0
100,card,0,RuPay,debit,SBI,0
100,wallet,0,NA,NA,NA,0
100,wallet,0,NA,NA,NA,0
100,netbanking,0,NA,NA,NA,0
100,upi,0,NA,NA,NA,0
100,upi,0,NA,NA,NA,0
100,upi,0,NA,NA,NA,0
100,card,0,Mastercard,credit,Axis,0
100,card,0,Mastercard,debit,ICICI,0
100,upi,0,NA,NA,NA,0
100,wallet,0,NA,NA,NA,0
100,upi,0,NA,NA,NA,0
100,netbanking,0,NA,NA,NA,0
100,pay later,0,NA,NA,NA,0
100,netbanking,0,NA,NA,NA,0
100,card,0,Visa,credit,HDFC,0
100,card,0,Diners,debit,Axis,0
100,netbanking,0,NA,NA,NA,0
100,card,0,RuPay,prepaid,SBI,0
100,card,0,Visa,debit,ICICI,0
100,netbanking,0,NA,NA,NA,0
100,pay later,0,NA,NA,NA,0
100,upi,0,NA,NA,NA,0
100,netbanking,0,NA,NA,NA,1
100,card,0,American Express,prepaid,ICICI,0
100,netbanking,0,NA,NA,NA,0
100,netbanking,0,NA,NA,NA,0
100,wallet,0,NA,NA,NA,0
100,upi,0,NA,NA,NA,0
100,card,0,Discover,credit,HDFC,0
100,netbanking,0,NA,NA,NA,1
100,netbanking,0,NA,NA,NA,0
100,upi,0,NA,NA,NA,0
100,netbanking,0,NA,NA,NA,0
100,upi,0,NA,NA,NA,1
100,card,0,Mastercard,debit,ICICI,0
100,card,0,RuPay,debit,IDFC First,1
100,card,0,Mastercard,debit,Axis,0
100,emi,0,Visa,debit,Bank of Baroda,0
100,upi,0,NA,NA,NA,0
100,upi,0,NA,NA,NA,0
100,wallet,0,NA,NA,NA,0
100,card,0,Visa,credit,ICICI,0
100,card,0,Mastercard,debit,IndusInd,0
100,upi,0,NA,NA,NA,0
100,upi,0,NA,NA,NA,0
100,card,0,Visa,credit,Axis,0
100,card,0,Visa,debit,Axis,0
100,pay later,0,NA,NA,NA,0
100,pay later,0,NA,NA,NA,1
100,card,0,Diners,debit,Yes Bank,0
100,upi,0,NA,NA,NA,0
100,upi,0,NA,NA,NA,0
100,upi,0,NA,NA,NA,0
100,card,0,Mastercard,debit,Union Bank,0
100,wallet,0,NA,NA,NA,0
100,upi,0,NA,NA,NA,0
100,upi,0,NA,NA,NA,0
100,card,0,Mastercard,credit,Federal Bank,0
100,upi,0,NA,NA,NA,0
100,upi,0,NA,NA,NA,0
100,upi,0,NA,NA,NA,0
100,card,0,Visa,debit,ICICI,0
100,upi,0,NA,NA,NA,0
100,upi,0,NA,NA,NA,0
100,netbanking,0,NA,NA,NA,0
100,upi,0,NA,NA,NA,0
100,wallet,0,NA,NA,NA,0
100,card,0,Visa,debit,HDFC,0
100,card,0,Mastercard,debit,Axis,0
100,wallet,0,NA,NA,NA,1
100,card,0,Diners,credit,Axis,1
100,upi,0,NA,NA,NA,0
100,netbanking,0,NA,NA,NA,0
100,card,0,Mastercard,credit,RBL,0
100,netbanking,0,NA,NA,NA,0
100,upi,0,NA,NA,NA,0
100,card,0,Visa,credit,SBI,0
100,emi,0,Mastercard,debit,HDFC,0
100,card,0,Mastercard,debit,ICICI,0
100,netbanking,0,NA,NA,NA,0
100,card,0,RuPay,credit,Bank of Baroda,1
100,card,0,American Express,credit,Union Bank,0
100,upi,0,NA,NA,NA,0
100,card,0,Visa,debit,Federal Bank,0
100,upi,0,NA,NA,NA,0
100,emi,0,RuPay,debit,HDFC,0
100,netbanking,0,NA,NA,NA,0
100,card,0,Discover,credit,Yes Bank,0
100,wallet,0,NA,NA,NA,0
100,card,0,RuPay,credit,Axis,0
100,wallet,0,NA,NA,NA,0
100,card,0,RuPay,debit,HDFC,0
100,wallet,0,NA,NA,NA,0
100,netbanking,0,NA,NA,NA,0
100,upi,0,NA,NA,NA,0
100,card,0,RuPay,debit,Bank of Baroda,0
100,upi,0,NA,NA,NA,0
100,emi,0,Mastercard,debit,SBI,0
100,card,0,RuPay,debit,ICICI,0
100,wallet,0,NA,NA,NA,0
100,upi,0,NA,NA,NA,0
100,upi,0,NA,NA,NA,0
100,emi,0,Mastercard,credit,IDFC First,0
100,emi,0,Visa,debit,Kotak Mahindra,1
100,card,0,Visa,debit,IDFC First,0
100,upi,0,NA,NA,NA,0
100,upi,0,NA,NA,NA,0
100,emi,0,RuPay,debit,SBI,0
100,card,0,Visa,credit,SBI,0
100,upi,0,NA,NA,NA,0
100,card,0,RuPay,credit,RBL,0
100,upi,0,NA,NA,NA,0
100,upi,0,NA,NA,NA,0
100,emi,0,American Express,debit,HDFC,0
100,netbanking,0,NA,NA,NA,0
100,netbanking,0,NA,NA,NA,0
100,netbanking,0,NA,NA,NA,0
100,emi,0,Visa,credit,IndusInd,1
100,upi,0,NA,NA,NA,0
100,pay later,0,NA,NA,NA,0
100,emi,0,Visa,debit,Axis,0
100,upi,0,NA,NA,NA,0
100,emi,0,Mastercard,credit,HDFC,0
100,pay later,0,NA,NA,NA,0
100,card,0,Visa,debit,ICICI,0
100,card,0,Visa,credit,SBI,0
100,upi,0,NA,NA,NA,0
100,upi,0,NA,NA,NA,0
100,upi,0,NA,NA,NA,0
100,upi,0,NA,NA,NA,0
100,emi,0,Visa,debit,IndusInd,0
100,card,0,American Express,debit,Axis,0
100,emi,0,Mastercard,credit,IDFC First,1
100,upi,0,NA,NA,NA,0
100,upi,0,NA,NA,NA,0
100,upi,0,NA,NA,NA,0
100,wallet,0,NA,NA,NA,0
100,emi,0,Mastercard,debit,IndusInd,0
100,wallet,0,NA,NA,NA,0
100,upi,0,NA,NA,NA,0
100,upi,0,NA,NA,NA,0
100,card,0,Visa,credit,SBI,0
100,card,0,Mastercard,credit,HDFC,0
100,netbanking,0,NA,NA,NA,0
100,wallet,0,NA,NA,NA,0
100,netbanking,0,NA,NA,NA,1
100,upi,0,NA,NA,NA,0
100,upi,0,NA,NA,NA,0
100,upi,0,NA,NA,NA,0
100,pay later,0,NA,NA,NA,0
100,netbanking,0,NA,NA,NA,0
100,emi,0,Mastercard,debit,Axis,0
100,card,0,Visa,credit,Axis,0
100,upi,0,NA,NA,NA,0
100,upi,0,NA,NA,NA,0
100,emi,0,Mastercard,credit,IndusInd,0
100,pay later,0,NA,NA,NA,0
100,wallet,0,NA,NA,NA,0
100,pay later,0,NA,NA,NA,0
100,card,0,Diners,credit,SBI,0
100,emi,0,Mastercard,debit,SBI,0
100,card,0,Mastercard,debit,IDFC First,0
100,card,0,Visa,credit,Federal Bank,0
100,upi,0,NA,NA,NA,0
100,upi,0,NA,NA,NA,0
100,emi,0,Visa,credit,Federal Bank,0
100,upi,0,NA,NA,NA,0
100,upi,0,NA,NA,NA,0
100,upi,0,NA,NA,NA,0
100,upi,0,NA,NA,NA,0
100,card,0,Visa,debit,Indian Bank,0
100,card,0,Mastercard,debit,IDFC First,0
100,pay later,0,NA,NA,NA,0
100,netbanking,0,NA,NA,NA,0
100,wallet,0,NA,NA,NA,0
100,pay later,0,NA,NA,NA,0
100,card,0,Mastercard,debit,ICICI,0
100,upi,0,NA,NA,NA,0
100,card,0,Mastercard,credit,RBL,0
100,netbanking,0,NA,NA,NA,0
100,upi,0,NA,NA,NA,0
100,upi,0,NA,NA,NA,0
100,emi,0,RuPay,credit,Bank of Baroda,0
100,card,0,RuPay,credit,SBI,0
100,card,0,American Express,debit,Axis,0
100,card,0,Visa,credit,Canara Bank,0
100,card,0,Visa,prepaid,Axis,0
100,emi,0,RuPay,credit,Canara Bank,0
100,netbanking,0,NA,NA,NA,0
100,upi,0,NA,NA,NA,1
100,upi,0,NA,NA,NA,0
100,card,0,Visa,credit,HDFC,0
100,wallet,0,NA,NA,NA,0
100,card,0,American Express,debit,IndusInd,0
100,card,0,RuPay,debit,SBI,0
100,card,0,Visa,debit,Axis,0
100,card,0,Visa,credit,IndusInd,0
100,upi,0,NA,NA,NA,0
100,upi,0,NA,NA,NA,0
100,upi,0,NA,NA,NA,0
100,card,0,American Express,debit,SBI,0
100,netbanking,0,NA,NA,NA,0
100,card,0,Visa,debit,IndusInd,1
100,netbanking,0,NA,NA,NA,0
100,card,0,American Express,debit,RBL,0
100,upi,0,NA,NA,NA,0
100,wallet,0,NA,NA,NA,0
100,pay later,0,NA,NA,NA,0
100,card,0,Mastercard,debit,Axis,0
100,upi,0,NA,NA,NA,0
100,pay later,0,NA,NA,NA,0
100,card,0,American Express,credit,HDFC,0
100,upi,0,NA,NA,NA,0
100,pay later,0,NA,NA,NA,1
100,netbanking,0,NA,NA,NA,0
100,upi,0,NA,NA,NA,1
100,card,0,Mastercard,credit,IDFC First,0
100,upi,0,NA,NA,NA,0
100,emi,0,Mastercard,debit,IDFC First,0
100,card,0,Mastercard,credit,Federal Bank,0
100,upi,0,NA,NA,NA,0
100,wallet,0,NA,NA,NA,0
100,upi,0,NA,NA,NA,0
100,upi,0,NA,NA,NA,0
100,upi,0,NA,NA,NA,0
100,wallet,0,NA,NA,NA,0
100,card,0,RuPay,debit,Axis,0
100,upi,0,NA,NA,NA,0
100,card,0,Discover,credit,HDFC,0
100,upi,0,NA,NA,NA,0
100,pay later,0,NA,NA,NA,0
100,emi,0,Mastercard,debit,HDFC,0
100,upi,0,NA,NA,NA,0
100,card,0,Diners,debit,SBI,0
100,upi,0,NA,NA,NA,0
100,upi,0,NA,NA,NA,0
100,card,0,Discover,credit,Federal Bank,0
100,netbanking,0,NA,NA,NA,0
100,card,0,American Express,credit,IDFC First,0
100,upi,0,NA,NA,NA,0
100,card,0,Visa,credit,SBI,0
100,upi,0,NA,NA,NA,0
100,upi,0,NA,NA,NA,0
100,wallet,0,NA,NA,NA,0
100,card,0,Mastercard,debit,Punjab National Bank,0
100,upi,0,NA,NA,NA,0
100,upi,0,NA,NA,NA,0
100,upi,0,NA,NA,NA,0
100,card,0,Visa,debit,ICICI,0
100,card,0,RuPay,prepaid,HDFC,0
100,upi,0,NA,NA,NA,0
100,card,0,Visa,credit,HDFC,0
100,netbanking,0,NA,NA,NA,0
100,upi,0,NA,NA,NA,0
100,upi,0,NA,NA,NA,0
100,pay later,0,NA,NA,NA,0
100,wallet,0,NA,NA,NA,0
100,netbanking,0,NA,NA,NA,0
100,wallet,0,NA,NA,NA,0
100,upi,0,NA,NA,NA,0
100,netbanking,0,NA,NA,NA,0
100,card,0,RuPay,credit,IndusInd,0
100,card,0,RuPay,debit,HDFC,0
100,card,0,Diners,debit,RBL,0
100,netbanking,0,NA,NA,NA,0
100,upi,0,NA,NA,NA,0
100,card,0,Mastercard,debit,Federal Bank,0
100,upi,0,NA,NA,NA,0
100,netbanking,0,NA,NA,NA,0
100,upi,0,NA,NA,NA,0
100,upi,0,NA,NA,NA,0
100,netbanking,0,NA,NA,NA,1
100,upi,0,NA,NA,NA,0
100,wallet,0,NA,NA,NA,0
100,wallet,0,NA,NA,NA,0
100,upi,0,NA,NA,NA,0
100,upi,0,NA,NA,NA,0
100,card,0,Visa,credit,Bank of Baroda,0
100,upi,0,NA,NA,NA,0
100,upi,0,NA,NA,NA,0
100,card,0,Visa,debit,Union Bank,1
100,card,0,Mastercard,credit,Axis,0
100,card,0,Mastercard,prepaid,Canara Bank,0
100,card,0,Mastercard,debit,IDFC First,0
100,netbanking,0,NA,NA,NA,0
100,upi,0,NA,NA,NA,0
100,card,0,Visa,debit,Kotak Mahindra,0
100,upi,0,NA,NA,NA,1
100,pay later,0,NA,NA,NA,1
100,netbanking,0,NA,NA,NA,0
100,netbanking,0,NA,NA,NA,0
100,wallet,0,NA,NA,NA,0
100,upi,0,NA,NA,NA,0
100,upi,0,NA,NA,NA,0
100,card,0,Visa,credit,SBI,0
100,upi,0,NA,NA,NA,0
100,card,0,American Express,credit,ICICI,0
100,upi,0,NA,NA,NA,0
100,card,0,Visa,credit,SBI,1
100,card,0,Visa,debit,Punjab National Bank,0
100,upi,0,NA,NA,NA,0
100,card,0,Visa,debit,Bank of Baroda,0
100,card,0,Visa,credit,HDFC,0
100,upi,0,NA,NA,NA,0
100,upi,0,NA,NA,NA,0
100,upi,0,NA,NA,NA,0
100,netbanking,0,NA,NA,NA,0
100,card,0,Mastercard,credit,ICICI,0
100,upi,0,NA,NA,NA,0
100,upi,0,NA,NA,NA,0
100,emi,0,Mastercard,debit,Bank of Baroda,1
100,pay later,0,NA,NA,NA,0
100,netbanking,0,NA,NA,NA,0
100,upi,0,NA,NA,NA,0
100,card,0,Mastercard,credit,HDFC,0
100,pay later,0,NA,NA,NA,0
100,card,0,American Express,credit,Canara Bank,0
100,emi,0,Mastercard,debit,HDFC,0
100,upi,0,NA,NA,NA,0
100,card,0,Visa,credit,HDFC,0
100,card,0,Visa,credit,SBI,0
100,wallet,0,NA,NA,NA,0
100,card,0,RuPay,credit,Kotak Mahindra,0
100,upi,0,NA,NA,NA,0
100,card,0,Visa,debit,HDFC,0
100,upi,0,NA,NA,NA,0
100,card,0,Visa,debit,HDFC,1
100,netbanking,0,NA,NA,NA,0
100,emi,0,Discover,debit,Bank of Baroda,0
100,netbanking,0,NA,NA,NA,0
100,upi,0,NA,NA,NA,0
100,emi,0,Mastercard,debit,Yes Bank,0
100,pay later,0,NA,NA,NA,0
100,upi,0,NA,NA,NA,0
100,card,0,Visa,credit,Federal Bank,0
100,upi,0,NA,NA,NA,0
100,card,0,RuPay,debit,IDFC First,0
100,upi,0,NA,NA,NA,0
100,upi,0,NA,NA,NA,0
100,upi,0,NA,NA,NA,0
100,card,0,Visa,debit,SBI,0
100,netbanking,0,NA,NA,NA,1
100,card,0,Visa,credit,ICICI,0
100,upi,0,NA,NA,NA,1
100,emi,0,Discover,debit,Axis,0
100,upi,0,NA,NA,NA,0
100,upi,0,NA,NA,NA,0
100,card,0,Mastercard,debit,ICICI,0
100,card,0,Visa,credit,Indian Bank,0
100,upi,0,NA,NA,NA,0
100,upi,0,NA,NA,NA,0
100,upi,0,NA,NA,NA,0
100,card,0,Mastercard,debit,Axis,0
100,netbanking,0,NA,NA,NA,0
100,netbanking,0,NA,NA,NA,1
100,netbanking,0,NA,NA,NA,0
100,upi,0,NA,NA,NA,0
100,card,0,RuPay,prepaid,Yes Bank,0
100,wallet,0,NA,NA,NA,0
100,wallet,0,NA,NA,NA,0
100,card,0,Visa,credit,IndusInd,0
100,emi,0,Discover,credit,Bank of Baroda,0
100,wallet,0,NA,NA,NA,0
100,card,0,Mastercard,debit,Kotak Mahindra,0
100,upi,0,NA,NA,NA,0
100,upi,0,NA,NA,NA,0
100,card,0,Visa,credit,HDFC,0
100,wallet,0,NA,NA,NA,0
100,card,0,Mastercard,debit,Kotak Mahindra,0
100,card,0,Mastercard,credit,Axis,0
100,card,0,Visa,debit,ICICI,0
100,netbanking,0,NA,NA,NA,0
100,upi,0,NA,NA,NA,0
100,emi,0,Mastercard,debit,ICICI,0
100,netbanking,0,NA,NA,NA,0
100,pay later,0,NA,NA,NA,0
100,upi,0,NA,NA,NA,0
100,upi,0,NA,NA,NA,0
100,card,0,Visa,debit,ICICI,0
100,card,0,RuPay,credit,RBL,0
100,card,0,RuPay,credit,IndusInd,0
100,upi,0,NA,NA,NA,0
100,emi,0,Visa,debit,SBI,0
100,card,0,Visa,credit,Axis,0
100,wallet,0,NA,NA,NA,0
100,netbanking,0,NA,NA,NA,0
100,wallet,0,NA,NA,NA,0
100,card,0,Visa,debit,Punjab National Bank,0
100,card,0,Visa,credit,Axis,0
100,upi,0,NA,NA,NA,0
100,netbanking,0,NA,NA,NA,1
100,upi,0,NA,NA,NA,0
100,emi,0,RuPay,credit,ICICI,0
100,wallet,0,NA,NA,NA,0
100,netbanking,0,NA,NA,NA,0
100,upi,0,NA,NA,NA,0
100,card,0,Mastercard,debit,Punjab National Bank,0
100,pay later,0,NA,NA,NA,0
100,wallet,0,NA,NA,NA,0
100,upi,0,NA,NA,NA,0
100,card,0,Mastercard,credit,HDFC,0
100,upi,0,NA,NA,NA,0
100,card,0,Diners,debit,RBL,0
100,netbanking,0,NA,NA,NA,0
100,upi,0,NA,NA,NA,0
100,card,0,RuPay,debit,Axis,0
100,card,0,Visa,credit,Canara Bank,0
100,upi,0,NA,NA,NA,0
100,card,0,Mastercard,credit,HDFC,0
100,upi,0,NA,NA,NA,0
100,upi,0,NA,NA,NA,0
100,card,0,Visa,credit,ICICI,0
100,netbanking,0,NA,NA,NA,0
100,card,0,Visa,credit,IDFC First,0
100,wallet,0,NA,NA,NA,0
100,upi,0,NA,NA,NA,0
100,card,0,American Express,credit,Bank of Baroda,0
100,card,0,Diners,debit,ICICI,0
100,card,0,RuPay,credit,HDFC,0
100,card,0,Visa,credit,Bank of Baroda,0
100,upi,0,NA,NA,NA,0
100,card,0,Diners,credit,Indian Bank,0
100,netbanking,0,NA,NA,NA,0
100,upi,0,NA,NA,NA,1
100,wallet,0,NA,NA,NA,0
100,card,0,Mastercard,credit,Kotak Mahindra,0
100,upi,0,NA,NA,NA,0
100,upi,0,NA,NA,NA,1
100,wallet,0,NA,NA,NA,0
100,emi,0,Mastercard,credit,Federal Bank,0
100,emi,0,Mastercard,credit,Union Bank,0
100,card,0,Mastercard,credit,SBI,0
100,emi,0,Mastercard,credit,ICICI,0
100,card,0,Visa,debit,HDFC,0
100,card,0,Mastercard,debit,ICICI,0
100,wallet,0,NA,NA,NA,0
100,emi,0,RuPay,debit,Axis,1
100,netbanking,0,NA,NA,NA,0
100,card,0,Mastercard,credit,Axis,1
100,card,0,Diners,credit,HDFC,0
100,emi,0,Visa,credit,SBI,0
100,card,0,Visa,credit,SBI,1
100,wallet,0,NA,NA,NA,0
100,upi,0,NA,NA,NA,0
100,pay later,0,NA,NA,NA,1
100,upi,0,NA,NA,NA,0
100,upi,0,NA,NA,NA,0
100,card,0,Visa,credit,ICICI,0
100,wallet,0,NA,NA,NA,0
100,emi,0,Mastercard,credit,ICICI,0
100,card,0,Mastercard,prepaid,Union Bank,1
100,upi,0,NA,NA,NA,0
100,card,0,Mastercard,credit,HDFC,0
100,netbanking,0,NA,NA,NA,1
100,wallet,0,NA,NA,NA,0
100,card,0,Mastercard,credit,SBI,0
100,upi,0,NA,NA,NA,0
100,upi,0,NA,NA,NA,0
100,upi,0,NA,NA,NA,0
100,upi,0,NA,NA,NA,0
100,upi,0,NA,NA,NA,0
100,card,0,Visa,debit,HDFC,0
100,wallet,0,NA,NA,NA,0
100,upi,0,NA,NA,NA,0
100,upi,0,NA,NA,NA,0
100,card,0,Visa,debit,ICICI,0
100,upi,0,NA,NA,NA,0
100,netbanking,0,NA,NA,NA,0
100,upi,0,NA,NA,NA,0
100,emi,0,Visa,credit,HDFC,1
100,upi,0,NA,NA,NA,0
100,card,0,Mastercard,credit,HDFC,0
100,upi,0,NA,NA,NA,0
100,upi,0,NA,NA,NA,0
100,upi,0,NA,NA,NA,0
100,upi,0,NA,NA,NA,0
100,upi,0,NA,NA,NA,0
100,upi,0,NA,NA,NA,0
100,upi,0,NA,NA,NA,0
100,card,0,Visa,credit,ICICI,0
100,upi,0,NA,NA,NA,1
100,netbanking,0,NA,NA,NA,0
100,wallet,0,NA,NA,NA,0
100,netbanking,0,NA,NA,NA,0
100,card,0,Visa,debit,HDFC,0
100,upi,0,NA,NA,NA,0
100,card,0,Mastercard,debit,HDFC,0
100,card,0,Visa,credit,Axis,1
100,card,0,American Express,debit,Punjab National Bank,0
100,netbanking,0,NA,NA,NA,0
100,netbanking,0,NA,NA,NA,0
100,netbanking,0,NA,NA,NA,0
100,card,0,Mastercard,credit,HDFC,0
100,wallet,0,NA,NA,NA,0
100,netbanking,0,NA,NA,NA,0
100,pay later,0,NA,NA,NA,0
100,card,0,American Express,credit,SBI,0
100,wallet,0,NA,NA,NA,0
100,upi,0,NA,NA,NA,0
100,netbanking,0,NA,NA,NA,0
100,upi,0,NA,NA,NA,0
100,netbanking,0,NA,NA,NA,0
100,upi,0,NA,NA,NA,0
100,netbanking,0,NA,NA,NA,0
100,upi,0,NA,NA,NA,0
100,upi,0,NA,NA,NA,0
100,upi,0,NA,NA,NA,0
100,card,0,Visa,credit,Yes Bank,0
100,netbanking,0,NA,NA,NA,0
100,card,0,RuPay,debit,HDFC,0
100,wallet,0,NA,NA,NA,0
100,card,0,Visa,debit,IDFC First,0
100,upi,0,NA,NA,NA,0
100,card,0,Visa,credit,IndusInd,0
100,upi,0,NA,NA,NA,0
100,upi,0,NA,NA,NA,0
100,wallet,0,NA,NA,NA,0
100,pay later,0,NA,NA,NA,0
100,card,0,Mastercard,credit,IndusInd,0
100,card,0,American Express,debit,Axis,0
100,netbanking,0,NA,NA,NA,0
100,netbanking,0,NA,NA,NA,0
100,netbanking,0,NA,NA,NA,0
100,upi,0,NA,NA,NA,0
100,card,0,RuPay,credit,Bank of Baroda,0
100,upi,0,NA,NA,NA,0
100,emi,0,RuPay,credit,ICICI,0
100,upi,0,NA,NA,NA,0
100,netbanking,0,NA,NA,NA,0
100,netbanking,0,NA,NA,NA,0
100,upi,0,NA,NA,NA,0
100,card,0,RuPay,debit,ICICI,0
100,upi,0,NA,NA,NA,0
100,pay later,0,NA,NA,NA,0
100,emi,0,RuPay,debit,Kotak Mahindra,0
100,wallet,0,NA,NA,NA,0
100,wallet,0,NA,NA,NA,0
100,netbanking,0,NA,NA,NA,0
100,upi,0,NA,NA,NA,0
100,pay later,0,NA,NA,NA,0
100,netbanking,0,NA,NA,NA,0
100,card,0,Mastercard,debit,Union Bank,0
100,card,0,Diners,debit,Punjab National Bank,0
100,upi,0,NA,NA,NA,0
100,upi,0,NA,NA,NA,0
100,card,0,RuPay,debit,HDFC,0
100,emi,0,Visa,credit,SBI,0
100,card,0,Visa,credit,ICICI,0
100,upi,0,NA,NA,NA,0
100,emi,0,Mastercard,debit,HDFC,0
100,card,0,RuPay,credit,IndusInd,0
100,upi,0,NA,NA,NA,0
100,wallet,0,NA,NA,NA,0
100,emi,0,American Express,credit,SBI,0
100,wallet,0,NA,NA,NA,0
100,upi,0,NA,NA,NA,0
100,card,0,Discover,debit,Federal Bank,0
100,card,0,Mastercard,credit,IDFC First,0
100,emi,0,American Express,credit,HDFC,0
100,card,0,Mastercard,credit,IndusInd,0
100,upi,0,NA,NA,NA,0
100,netbanking,0,NA,NA,NA,0
100,upi,0,NA,NA,NA,0
100,upi,0,NA,NA,NA,0
100,upi,0,NA,NA,NA,0
100,upi,0,NA,NA,NA,0
100,upi,0,NA,NA,NA,0
100,netbanking,0,NA,NA,NA,0
100,upi,0,NA,NA,NA,0
100,upi,0,NA,NA,NA,0
100,wallet,0,NA,NA,NA,0
100,card,0,Visa,debit,ICICI,0
100,wallet,0,NA,NA,NA,0
100,upi,0,NA,NA,NA,0
100,upi,0,NA,NA,NA,1
100,card,0,Mastercard,credit,IndusInd,0
100,wallet,0,NA,NA,NA,0
100,upi,0,NA,NA,NA,0
100,card,0,RuPay,credit,Kotak Mahindra,0
100,upi,0,NA,NA,NA,0
100,upi,0,NA,NA,NA,0
100,card,0,Mastercard,credit,Axis,0
100,wallet,0,NA,NA,NA,0
100,wallet,0,NA,NA,NA,0
100,emi,0,Mastercard,credit,Bank of Baroda,0
100,upi,0,NA,NA,NA,0
100,card,0,Visa,credit,HDFC,1
100,netbanking,0,NA,NA,NA,0
100,wallet,0,NA,NA,NA,0
100,card,0,Mastercard,debit,Union Bank,0
100,card,0,Visa,credit,HDFC,0
100,netbanking,0,NA,NA,NA,0
100,wallet,0,NA,NA,NA,0
100,wallet,0,NA,NA,NA,0
100,upi,0,NA,NA,NA,0
100,pay later,0,NA,NA,NA,0
100,upi,0,NA,NA,NA,0
100,upi,0,NA,NA,NA,0
100,upi,0,NA,NA,NA,0
100,upi,0,NA,NA,NA,0
100,upi,0,NA,NA,NA,0
100,upi,0,NA,NA,NA,0
100,upi,0,NA,NA,NA,0
100,wallet,0,NA,NA,NA,0
100,pay later,0,NA,NA,NA,1
100,card,0,Visa,credit,IDFC First,0
100,card,0,Visa,credit,IndusInd,0
100,upi,0,NA,NA,NA,0
100,netbanking,0,NA,NA,NA,0
100,card,0,Discover,credit,HDFC,0
100,card,0,Visa,credit,SBI,0
100,netbanking,0,NA,NA,NA,0
100,netbanking,0,NA,NA,NA,0
100,card,0,Visa,credit,SBI,0
100,netbanking,0,NA,NA,NA,1
100,wallet,0,NA,NA,NA,0
100,pay later,0,NA,NA,NA,1
100,emi,0,Diners,credit,HDFC,0
100,pay later,0,NA,NA,NA,0
100,card,0,Mastercard,credit,SBI,0
100,card,0,Mastercard,debit,Canara Bank,0
100,pay later,0,NA,NA,NA,0
100,upi,0,NA,NA,NA,0
100,netbanking,0,NA,NA,NA,0
100,card,0,Visa,credit,IndusInd,0
100,card,0,Mastercard,debit,HDFC,0
100,card,0,Mastercard,debit,ICICI,1
100,upi,0,NA,NA,NA,0
100,card,0,American Express,debit,Punjab National Bank,0
100,card,0,Mastercard,credit,Federal Bank,0
100,card,0,American Express,credit,Federal Bank,0
100,netbanking,0,NA,NA,NA,0
100,upi,0,NA,NA,NA,0
100,card,0,Visa,credit,Axis,0
100,upi,0,NA,NA,NA,0
100,netbanking,0,NA,NA,NA,0
100,wallet,0,NA,NA,NA,0
100,card,0,Discover,debit,Kotak Mahindra,0
100,emi,0,American Express,debit,HDFC,0
100,upi,0,NA,NA,NA,0
100,pay later,0,NA,NA,NA,0
100,card,0,Visa,credit,HDFC,0
100,card,0,Discover,credit,IDFC First,0
100,card,0,Visa,credit,SBI,0
100,card,0,Discover,debit,ICICI,0
100,upi,0,NA,NA,NA,0
100,upi,0,NA,NA,NA,0
100,upi,0,NA,NA,NA,0
100,card,0,Visa,credit,Canara Bank,0
100,upi,0,NA,NA,NA,0
100,card,0,Visa,credit,HDFC,0
100,upi,0,NA,NA,NA,0
100,pay later,0,NA,NA,NA,1
100,upi,0,NA,NA,NA,1
100,wallet,0,NA,NA,NA,1
100,emi,0,Visa,credit,Axis,0
100,wallet,0,NA,NA,NA,0
100,card,0,American Express,debit,Axis,0
100,emi,0,Diners,credit,IndusInd,0
100,card,0,RuPay,credit,Axis,0
100,card,0,RuPay,credit,IDFC First,0
100,pay later,0,NA,NA,NA,0
100,emi,0,Mastercard,debit,Axis,0
100,card,0,Visa,credit,Federal Bank,0
100,card,0,Visa,credit,ICICI,0
100,upi,0,NA,NA,NA,0
100,upi,0,NA,NA,NA,0
100,card,0,Mastercard,debit,ICICI,0
100,upi,0,NA,NA,NA,1
100,upi,0,NA,NA,NA,0
100,upi,0,NA,NA,NA,0
100,pay later,0,NA,NA,NA,0
100,upi,0,NA,NA,NA,0
100,pay later,0,NA,NA,NA,0
100,card,0,Visa,credit,IDFC First,0
100,netbanking,0,NA,NA,NA,0
100,card,0,Visa,debit,HDFC,0
100,upi,0,NA,NA,NA,0
100,upi,0,NA,NA,NA,0
100,card,0,RuPay,credit,HDFC,0
100,netbanking,0,NA,NA,NA,0
100,card,0,Mastercard,credit,ICICI,0
100,pay later,0,NA,NA,NA,0
100,upi,0,NA,NA,NA,0
100,upi,0,NA,NA,NA,0
100,upi,0,NA,NA,NA,0
100,upi,0,NA,NA,NA,0
100,upi,0,NA,NA,NA,0
100,upi,0,NA,NA,NA,0
100,netbanking,0,NA,NA,NA,0
100,card,0,Mastercard,debit,ICICI,0
100,upi,0,NA,NA,NA,0
100,emi,0,Visa,credit,SBI,0
100,upi,0,NA,NA,NA,0
100,card,0,Visa,credit,SBI,0
100,emi,0,Mastercard,debit,Axis,0
100,upi,0,NA,NA,NA,0
100,upi,0,NA,NA,NA,0
100,upi,0,NA,NA,NA,0
100,upi,0,NA,NA,NA,0
100,upi,0,NA,NA,NA,0
100,card,0,Mastercard,credit,IndusInd,0
100,emi,0,Mastercard,debit,Kotak Mahindra,0
100,upi,0,NA,NA,NA,1
100,card,0,Visa,credit,Yes Bank,0
100,upi,0,NA,NA,NA,0
100,card,0,Mastercard,debit,IndusInd,0
100,netbanking,0,NA,NA,NA,0
100,upi,0,NA,NA,NA,0
100,emi,0,American Express,credit,IndusInd,0
100,netbanking,0,NA,NA,NA,0
100,card,0,Visa,credit,HDFC,0
100,upi,0,NA,NA,NA,0
100,netbanking,0,NA,NA,NA,0
100,upi,0,NA,NA,NA,0
100,wallet,0,NA,NA,NA,0
100,emi,0,RuPay,credit,Federal Bank,0
100,upi,0,NA,NA,NA,0
100,card,0,American Express,debit,Union Bank,0
100,netbanking,0,NA,NA,NA,0
100,card,0,American Express,debit,Axis,0
100,netbanking,0,NA,NA,NA,0
100,upi,0,NA,NA,NA,0
100,upi,0,NA,NA,NA,0
100,emi,0,Visa,credit,ICICI,0
100,netbanking,0,NA,NA,NA,0
100,upi,0,NA,NA,NA,0
100,upi,0,NA,NA,NA,0
100,upi,0,NA,NA,NA,0
100,card,0,Mastercard,credit,Kotak Mahindra,0
100,card,0,RuPay,credit,Canara Bank,0
100,upi,0,NA,NA,NA,0
100,upi,0,NA,NA,NA,0
100,wallet,0,NA,NA,NA,0
100,upi,0,NA,NA,NA,0
100,card,0,Visa,debit,Canara Bank,0
100,netbanking,0,NA,NA,NA,0
100,card,0,Visa,debit,SBI,0
100,pay later,0,NA,NA,NA,0
100,upi,0,NA,NA,NA,0
100,netbanking,0,NA,NA,NA,0
100,card,0,Mastercard,credit,Axis,0
100,card,0,Mastercard,credit,Yes Bank,0
100,upi,0,NA,NA,NA,0
100,netbanking,0,NA,NA,NA,0
100,upi,0,NA,NA,NA,0
100,card,0,American Express,credit,ICICI,0
100,upi,0,NA,NA,NA,0
100,upi,0,NA,NA,NA,0
100,netbanking,0,NA,NA,NA,0
100,card,0,Visa,debit,Federal Bank,0
100,netbanking,0,NA,NA,NA,0
100,pay later,0,NA,NA,NA,0
100,upi,0,NA,NA,NA,0
100,card,0,Visa,credit,Kotak Mahindra,0
100,upi,0,NA,NA,NA,0
100,upi,0,NA,NA,NA,0
100,card,0,American Express,credit,IndusInd,0
100,wallet,0,NA,NA,NA,0
100,emi,0,Mastercard,debit,RBL,1
100,netbanking,0,NA,NA,NA,0
100,netbanking,0,NA,NA,NA,1
100,upi,0,NA,NA,NA,0
100,card,0,American Express,credit,SBI,0
100,upi,0,NA,NA,NA,0
100,emi,0,Visa,credit,IDFC First,0
100,upi,0,NA,NA,NA,1
100,netbanking,0,NA,NA,NA,0
100,emi,0,Visa,credit,SBI,0
100,netbanking,0,NA,NA,NA,0
100,netbanking,0,NA,NA,NA,0
100,netbanking,0,NA,NA,NA,0
100,wallet,0,NA,NA,NA,0
100,emi,0,RuPay,debit,Axis,0
100,upi,0,NA,NA,NA,0
100,pay later,0,NA,NA,NA,0
100,upi,0,NA,NA,NA,0
100,upi,0,NA,NA,NA,0
100,upi,0,NA,NA,NA,0
100,emi,0,American Express,credit,Axis,0
100,upi,0,NA,NA,NA,0
100,emi,0,RuPay,debit,Axis,0
100,upi,0,NA,NA,NA,0
100,wallet,0,NA,NA,NA,1
100,upi,0,NA,NA,NA,0
100,emi,0,Visa,credit,ICICI,0
100,card,0,Visa,debit,ICICI,0
100,netbanking,0,NA,NA,NA,1
100,upi,0,NA,NA,NA,0
100,card,0,Visa,credit,HDFC,0
100,emi,0,Visa,credit,ICICI,0
100,card,0,American Express,credit,IndusInd,0
100,wallet,0,NA,NA,NA,0
100,card,0,Mastercard,credit,Kotak Mahindra,0
100,upi,0,NA,NA,NA,0
100,emi,0,Mastercard,debit,Axis,0
100,emi,0,Diners,debit,SBI,0
100,card,0,RuPay,debit,Kotak Mahindra,0
100,netbanking,0,NA,NA,NA,0
100,upi,0,NA,NA,NA,0
100,upi,0,NA,NA,NA,0
100,upi,0,NA,NA,NA,0
100,upi,0,NA,NA,NA,0
100,upi,0,NA,NA,NA,0
100,card,0,Visa,credit,SBI,0
100,upi,0,NA,NA,NA,0
100,card,0,Visa,debit,ICICI,0
100,upi,0,NA,NA,NA,0
100,emi,0,Visa,credit,Kotak Mahindra,1
100,card,0,Mastercard,debit,SBI,0
100,card,0,RuPay,debit,SBI,0
100,upi,0,NA,NA,NA,0
100,emi,0,RuPay,credit,IDFC First,0
100,pay later,0,NA,NA,NA,0
100,emi,0,Mastercard,prepaid,Punjab National Bank,0
100,card,0,Mastercard,debit,SBI,0
100,upi,0,NA,NA,NA,0
100,netbanking,0,NA,NA,NA,1
100,upi,0,NA,NA,NA,0
100,emi,0,Mastercard,debit,Canara Bank,0
100,pay later,0,NA,NA,NA,1
100,upi,0,NA,NA,NA,0
100,netbanking,0,NA,NA,NA,0
100,wallet,0,NA,NA,NA,0
100,card,0,Mastercard,debit,HDFC,0
100,card,0,Visa,credit,HDFC,0
100,netbanking,0,NA,NA,NA,0
100,card,0,Visa,prepaid,IDFC First,0
100,card,0,American Express,credit,Axis,0
100,emi,0,Visa,prepaid,Federal Bank,0
100,upi,0,NA,NA,NA,0
100,pay later,0,NA,NA,NA,0
100,upi,0,NA,NA,NA,0
100,card,0,Visa,prepaid,HDFC,0
100,emi,0,Visa,credit,RBL,0
100,card,0,Visa,credit,SBI,0
100,emi,0,RuPay,debit,Indian Bank,0
100,upi,0,NA,NA,NA,0
100,upi,0,NA,NA,NA,0
100,card,0,Mastercard,credit,Axis,0
100,netbanking,0,NA,NA,NA,0
100,upi,0,NA,NA,NA,0
100,netbanking,0,NA,NA,NA,0
100,upi,0,NA,NA,NA,0
100,card,0,Visa,debit,SBI,0
100,upi,0,NA,NA,NA,0
100,card,0,American Express,credit,Kotak Mahindra,0
100,upi,0,NA,NA,NA,0
100,upi,0,NA,NA,NA,0
100,emi,0,Visa,debit,SBI,0
100,pay later,0,NA,NA,NA,0
100,netbanking,0,NA,NA,NA,0
100,card,0,Mastercard,credit,Bank of Baroda,0
100,card,0,RuPay,prepaid,Federal Bank,0
100,netbanking,0,NA,NA,NA,0
100,pay later,0,NA,NA,NA,1
100,wallet,0,NA,NA,NA,0
100,wallet,0,NA,NA,NA,0
100,card,0,Visa,prepaid,Canara Bank,0
100,card,0,Visa,debit,SBI,0
100,pay later,0,NA,NA,NA,0
100,card,0,Visa,debit,SBI,0
100,upi,0,NA,NA,NA,0
100,netbanking,0,NA,NA,NA,0
100,netbanking,0,NA,NA,NA,0
100,card,0,RuPay,credit,SBI,0
100,upi,0,NA,NA,NA,0
100,card,0,Mastercard,credit,RBL,1
100,card,0,Mastercard,debit,Federal Bank,0
100,netbanking,0,NA,NA,NA,0
100,upi,0,NA,NA,NA,0
100,netbanking,0,NA,NA,NA,0
100,upi,0,NA,NA,NA,0
100,upi,0,NA,NA,NA,0
100,card,0,Visa,debit,Kotak Mahindra,0
100,upi,0,NA,NA,NA,0
100,upi,0,NA,NA,NA,0
100,upi,0,NA,NA,NA,0
100,emi,0,Visa,credit,Kotak Mahindra,0
100,card,0,RuPay,debit,ICICI,0
100,card,0,Mastercard,debit,HDFC,0
100,card,0,Mastercard,credit,Kotak Mahindra,0
100,emi,0,Discover,debit,SBI,1
100,card,0,Visa,credit,Axis,0
100,upi,0,NA,NA,NA,0
100,netbanking,0,NA,NA,NA,1
100,card,0,Mastercard,debit,ICICI,0
100,upi,0,NA,NA,NA,0
100,card,0,American Express,debit,Canara Bank,0
100,upi,0,NA,NA,NA,0
100,card,0,American Express,credit,Kotak Mahindra,0
100,netbanking,0,NA,NA,NA,0
100,card,0,Discover,debit,HDFC,0
100,card,0,Visa,debit,Union Bank,0
100,upi,0,NA,NA,NA,0
100,upi,0,NA,NA,NA,0
100,upi,0,NA,NA,NA,0
100,netbanking,0,NA,NA,NA,1
100,upi,0,NA,NA,NA,0
100,netbanking,0,NA,NA,NA,0
100,card,0,Visa,credit,Canara Bank,0
100,card,0,Discover,debit,Axis,0
100,netbanking,0,NA,NA,NA,0
100,upi,0,NA,NA,NA,0
100,emi,0,Visa,debit,HDFC,0
100,card,0,Visa,credit,Axis,0
100,card,0,Visa,credit,SBI,0
100,emi,0,Visa,credit,Yes Bank,0
100,emi,0,Mastercard,credit,Union Bank,0
100,netbanking,0,NA,NA,NA,0
100,card,0,Mastercard,debit,ICICI,0
100,pay later,0,NA,NA,NA,1
100,emi,0,American Express,prepaid,SBI,0
100,pay later,0,NA,NA,NA,0
100,card,0,Discover,debit,IndusInd,0
100,netbanking,0,NA,NA,NA,0
100,upi,0,NA,NA,NA,0
100,emi,0,Visa,debit,HDFC,1
100,netbanking,0,NA,NA,NA,1
100,upi,0,NA,NA,NA,0
100,netbanking,0,NA,NA,NA,0
100,netbanking,0,NA,NA,NA,0
100,netbanking,0,NA,NA,NA,0
100,netbanking,0,NA,NA,NA,0
100,wallet,0,NA,NA,NA,1
100,netbanking,0,NA,NA,NA,1
100,card,0,Mastercard,credit,IndusInd,1
100,netbanking,0,NA,NA,NA,0
100,wallet,0,NA,NA,NA,0
100,upi,0,NA,NA,NA,0
100,netbanking,0,NA,NA,NA,0
100,card,0,RuPay,credit,HDFC,0
100,wallet,0,NA,NA,NA,0
100,card,0,Mastercard,credit,SBI,0
100,netbanking,0,NA,NA,NA,0
100,netbanking,0,NA,NA,NA,0
100,card,0,Mastercard,credit,SBI,0
100,card,0,Mastercard,debit,Axis,0
100,emi,0,Mastercard,credit,Yes Bank,0
100,upi,0,NA,NA,NA,0
100,card,0,RuPay,credit,HDFC,0
100,netbanking,0,NA,NA,NA,0
100,netbanking,0,NA,NA,NA,0
100,upi,0,NA,NA,NA,0
100,upi,0,NA,NA,NA,0
100,netbanking,0,NA,NA,NA,0
100,card,0,Visa,credit,IndusInd,0
100,card,0,Visa,credit,ICICI,0
100,upi,0,NA,NA,NA,0
100,netbanking,0,NA,NA,NA,1
100,upi,0,NA,NA,NA,0
100,card,0,Discover,debit,Canara Bank,0
100,card,0,Visa,credit,SBI,0
100,pay later,0,NA,NA,NA,0
100,netbanking,0,NA,NA,NA,0
100,card,0,Discover,prepaid,Bank of Baroda,0
100,wallet,0,NA,NA,NA,0
100,card,0,RuPay,credit,IDFC First,0
100,pay later,0,NA,NA,NA,0
100,card,0,Visa,debit,ICICI,0
100,emi,0,Mastercard,credit,IDFC First,0
100,upi,0,NA,NA,NA,0
100,upi,0,NA,NA,NA,0
100,card,0,Visa,credit,SBI,0
100,upi,0,NA,NA,NA,0
100,pay later,0,NA,NA,NA,0
100,upi,0,NA,NA,NA,1
100,upi,0,NA,NA,NA,0
100,upi,0,NA,NA,NA,0
100,netbanking,0,NA,NA,NA,0
100,card,0,American Express,debit,Canara Bank,0
100,upi,0,NA,NA,NA,0
100,wallet,0,NA,NA,NA,0
100,emi,0,Visa,credit,Axis,0
100,card,0,RuPay,debit,SBI,0
100,wallet,0,NA,NA,NA,0
100,card,0,Discover,prepaid,SBI,0
100,netbanking,0,NA,NA,NA,1
100,upi,0,NA,NA,NA,0
100,upi,0,NA,NA,NA,0
100,emi,0,Visa,credit,Yes Bank,0
100,netbanking,0,NA,NA,NA,0
100,card,0,Discover,debit,Bank of Baroda,0
100,card,0,Visa,debit,HDFC,0
100,card,0,American Express,credit,IndusInd,0
100,upi,0,NA,NA,NA,0
100,card,0,Mastercard,prepaid,SBI,1
100,emi,0,Visa,debit,SBI,0
100,card,0,Mastercard,debit,Kotak Mahindra,0
100,wallet,0,NA,NA,NA,0
100,netbanking,0,NA,NA,NA,0
100,card,0,Visa,credit,SBI,0
100,netbanking,0,NA,NA,NA,1
100,netbanking,0,NA,NA,NA,0
100,card,0,Visa,credit,Union Bank,0
100,wallet,0,NA,NA,NA,0
100,card,0,Mastercard,debit,Indian Bank,0
100,netbanking,0,NA,NA,NA,0
100,wallet,0,NA,NA,NA,0
100,card,0,Visa,debit,Punjab National Bank,0
100,netbanking,0,NA,NA,NA,0
100,upi,0,NA,NA,NA,0
100,card,0,Mastercard,debit,Federal Bank,0
100,upi,0,NA,NA,NA,0
100,card,0,Visa,credit,ICICI,0
100,upi,0,NA,NA,NA,1
100,card,0,RuPay,debit,IndusInd,0
100,upi,0,NA,NA,NA,1
100,emi,0,RuPay,debit,Canara Bank,0
100,upi,0,NA,NA,NA,0
100,pay later,0,NA,NA,NA,0
100,emi,0,RuPay,credit,IDFC First,0
100,pay later,0,NA,NA,NA,0
100,upi,0,NA,NA,NA,0
100,upi,0,NA,NA,NA,0
100,card,0,Visa,credit,ICICI,0
100,card,0,Visa,debit,Bank of Baroda,1
100,card,0,Mastercard,credit,SBI,0
100,wallet,0,NA,NA,NA,0
100,pay later,0,NA,NA,NA,0
100,upi,0,NA,NA,NA,0
100,card,0,Visa,prepaid,Yes Bank,0
100,upi,0,NA,NA,NA,0
100,card,0,RuPay,prepaid,Federal Bank,1
100,upi,0,NA,NA,NA,0
100,card,0,Mastercard,debit,HDFC,0
100,pay later,0,NA,NA,NA,1
100,upi,0,NA,NA,NA,0
100,netbanking,0,NA,NA,NA,0
100,wallet,0,NA,NA,NA,0
100,card,0,Mastercard,debit,Kotak Mahindra,0
100,upi,0,NA,NA,NA,0
100,card,0,American Express,credit,IndusInd,0
100,card,0,Mastercard,debit,HDFC,0
100,emi,0,Visa,credit,SBI,0
100,upi,0,NA,NA,NA,0
100,upi,0,NA,NA,NA,0
100,wallet,0,NA,NA,NA,0
100,card,0,Diners,credit,HDFC,0
100,emi,0,Visa,debit,IndusInd,0
100,card,0,Visa,credit,IndusInd,0
100,upi,0,NA,NA,NA,0
100,wallet,0,NA,NA,NA,0
100,card,0,Mastercard,debit,Yes Bank,1
100,upi,0,NA,NA,NA,0
100,upi,0,NA,NA,NA,0
100,netbanking,0,NA,NA,NA,0
100,upi,0,NA,NA,NA,0
100,wallet,0,NA,NA,NA,0
100,netbanking,0,NA,NA,NA,0
100,upi,0,NA,NA,NA,0
100,wallet,0,NA,NA,NA,0
100,upi,0,NA,NA,NA,0
100,card,0,Visa,debit,ICICI,0
100,netbanking,0,NA,NA,NA,1
100,card,0,Discover,debit,HDFC,0
100,wallet,0,NA,NA,NA,0
100,upi,0,NA,NA,NA,0
100,card,0,Visa,credit,Canara Bank,0
100,upi,0,NA,NA,NA,0
100,upi,0,NA,NA,NA,0
100,emi,0,Mastercard,credit,Canara Bank,0
100,upi,0,NA,NA,NA,0
100,netbanking,0,NA,NA,NA,0
100,upi,0,NA,NA,NA,0
100,upi,0,NA,NA,NA,0
100,card,0,Diners,debit,HDFC,0
100,wallet,0,NA,NA,NA,0
100,netbanking,0,NA,NA,NA,0
100,card,0,RuPay,credit,SBI,1
100,upi,0,NA,NA,NA,0
100,netbanking,0,NA,NA,NA,0
100,card,0,Visa,prepaid,SBI,0
100,upi,0,NA,NA,NA,1
100,upi,0,NA,NA,NA,0
100,netbanking,0,NA,NA,NA,0
100,netbanking,0,NA,NA,NA,0
100,upi,0,NA,NA,NA,0
100,card,0,Visa,credit,RBL,1
100,emi,0,RuPay,credit,RBL,0
100,emi,0,American Express,credit,Yes Bank,1
100,card,0,Visa,credit,IndusInd,0
100,pay later,0,NA,NA,NA,0
100,card,0,Visa,credit,Canara Bank,0
100,card,0,RuPay,debit,SBI,0
100,card,0,Mastercard,credit,Axis,0
100,netbanking,0,NA,NA,NA,0
100,netbanking,0,NA,NA,NA,1
100,netbanking,0,NA,NA,NA,0
100,upi,0,NA,NA,NA,0
100,card,0,Visa,debit,HDFC,0
100,upi,0,NA,NA,NA,0
100,netbanking,0,NA,NA,NA,0
100,upi,0,NA,NA,NA,1
100,netbanking,0,NA,NA,NA,0
100,card,0,American Express,debit,Axis,0
100,upi,0,NA,NA,NA,0
100,upi,0,NA,NA,NA,0
100,emi,0,Mastercard,credit,Kotak Mahindra,0
100,netbanking,0,NA,NA,NA,0
100,card,0,Visa,credit,ICICI,0
100,upi,0,NA,NA,NA,0
100,card,0,Mastercard,credit,ICICI,0
100,card,0,RuPay,debit,ICICI,0
100,card,0,RuPay,debit,SBI,0
100,card,0,Mastercard,debit,Punjab National Bank,0
100,card,0,Visa,prepaid,IDFC First,0
100,card,0,Mastercard,credit,IDFC First,0
100,pay later,0,NA,NA,NA,0
100,upi,0,NA,NA,NA,0
100,wallet,0,NA,NA,NA,0
100,card,0,Mastercard,debit,ICICI,0
100,card,0,Visa,credit,IndusInd,0
100,card,0,Mastercard,credit,SBI,0
100,upi,0,NA,NA,NA,0
100,emi,0,Visa,debit,SBI,0
100,wallet,0,NA,NA,NA,0
100,upi,0,NA,NA,NA,0
100,upi,0,NA,NA,NA,0
100,netbanking,0,NA,NA,NA,0
100,card,0,Diners,debit,HDFC,0
100,emi,0,American Express,credit,HDFC,0
100,upi,0,NA,NA,NA,0
100,card,0,Visa,credit,Bank of Baroda,0
100,netbanking,0,NA,NA,NA,0
100,upi,0,NA,NA,NA,0
100,upi,0,NA,NA,NA,0
100,wallet,0,NA,NA,NA,1
100,emi,0,Visa,debit,SBI,0
100,card,0,RuPay,debit,Axis,0
100,upi,0,NA,NA,NA,0
100,upi,0,NA,NA,NA,0
100,upi,0,NA,NA,NA,0
100,upi,0,NA,NA,NA,0
100,netbanking,0,NA,NA,NA,0
100,card,0,Mastercard,credit,Bank of Baroda,0
100,wallet,0,NA,NA,NA,0
100,netbanking,0,NA,NA,NA,0
100,upi,0,NA,NA,NA,0
100,card,0,Visa,debit,SBI,0
100,wallet,0,NA,NA,NA,0
100,card,0,RuPay,credit,Axis,0
100,card,0,RuPay,credit,SBI,1
100,upi,0,NA,NA,NA,1
100,pay later,0,NA,NA,NA,0
100,card,0,Visa,debit,Punjab National Bank,0
100,netbanking,0,NA,NA,NA,0
100,upi,0,NA,NA,NA,0
100,upi,0,NA,NA,NA,0
100,netbanking,0,NA,NA,NA,1
100,upi,0,NA,NA,NA,0
100,netbanking,0,NA,NA,NA,0
100,netbanking,0,NA,NA,NA,1
100,netbanking,0,NA,NA,NA,0
100,card,0,Mastercard,credit,SBI,0
100,upi,0,NA,NA,NA,0
100,card,0,RuPay,credit,ICICI,0
100,netbanking,0,NA,NA,NA,0
100,upi,0,NA,NA,NA,0
100,pay later,0,NA,NA,NA,0
100,wallet,0,NA,NA,NA,0
100,pay later,0,NA,NA,NA,0
100,card,0,Visa,debit,IndusInd,0
100,card,0,Visa,debit,SBI,0
100,pay later,0,NA,NA,NA,0
100,wallet,0,NA,NA,NA,0
100,card,0,Diners,debit,Axis,0
100,upi,0,NA,NA,NA,1
100,upi,0,NA,NA,NA,0
100,netbanking,0,NA,NA,NA,0
100,card,0,Mastercard,debit,SBI,0
100,card,0,Visa,credit,ICICI,0
100,card,0,American Express,credit,Axis,0
100,card,0,Mastercard,debit,Axis,0
100,card,0,Visa,credit,Indian Bank,0
100,pay later,0,NA,NA,NA,0
100,upi,0,NA,NA,NA,0
100,card,0,Mastercard,credit,HDFC,0
100,card,0,Mastercard,credit,ICICI,0
100,upi,0,NA,NA,NA,0
100,card,0,American Express,debit,Federal Bank,0
100,upi,0,NA,NA,NA,0
100,netbanking,0,NA,NA,NA,0
100,card,0,Visa,credit,ICICI,0
100,upi,0,NA,NA,NA,0
100,card,0,Mastercard,credit,Canara Bank,1
100,wallet,0,NA,NA,NA,0
100,upi,0,NA,NA,NA,0
100,emi,0,RuPay,debit,Union Bank,0
100,card,0,Mastercard,credit,ICICI,0
100,upi,0,NA,NA,NA,0
100,upi,0,NA,NA,NA,0
100,card,0,Diners,debit,ICICI,0
100,upi,0,NA,NA,NA,0
100,wallet,0,NA,NA,NA,0
100,card,0,RuPay,credit,Union Bank,0
100,upi,0,NA,NA,NA,0
100,card,0,Mastercard,debit,SBI,0
100,card,0,Mastercard,debit,IndusInd,0
100,netbanking,0,NA,NA,NA,0
100,upi,0,NA,NA,NA,0
100,netbanking,0,NA,NA,NA,0
100,upi,0,NA,NA,NA,0
100,upi,0,NA,NA,NA,0
100,card,0,Discover,prepaid,Kotak Mahindra,0
100,wallet,0,NA,NA,NA,0
100,card,0,Mastercard,debit,Yes Bank,0
100,upi,0,NA,NA,NA,0
100,card,0,Visa,credit,HDFC,0
100,upi,0,NA,NA,NA,0
100,card,0,Mastercard,debit,Kotak Mahindra,1
100,netbanking,0,NA,NA,NA,0
100,card,0,Mastercard,debit,Canara Bank,0
100,card,0,Diners,credit,IDFC First,0
100,card,0,Discover,credit,Axis,0
100,netbanking,0,NA,NA,NA,0
100,netbanking,0,NA,NA,NA,0
100,upi,0,NA,NA,NA,0
100,upi,0,NA,NA,NA,0
100,upi,0,NA,NA,NA,0
100,wallet,0,NA,NA,NA,0
100,upi,0,NA,NA,NA,0
100,card,0,Discover,debit,Bank of Baroda,0
100,pay later,0,NA,NA,NA,0
100,card,0,Visa,debit,SBI,1
100,netbanking,0,NA,NA,NA,0
100,upi,0,NA,NA,NA,0
100,upi,0,NA,NA,NA,0
100,upi,0,NA,NA,NA,0
100,card,0,RuPay,debit,Axis,0
100,card,0,Mastercard,credit,ICICI,0
100,card,0,Mastercard,prepaid,Indian Bank,0
100,emi,0,RuPay,credit,ICICI,1
100,upi,0,NA,NA,NA,0
100,upi,0,NA,NA,NA,0
100,emi,0,Visa,debit,HDFC,0
100,emi,0,Mastercard,credit,IDFC First,0
100,card,0,RuPay,prepaid,ICICI,0
100,pay later,0,NA,NA,NA,1
100,wallet,0,NA,NA,NA,0
100,wallet,0,NA,NA,NA,0
100,upi,0,NA,NA,NA,0
100,card,0,Visa,debit,Axis,0
100,upi,0,NA,NA,NA,0
100,pay later,0,NA,NA,NA,0
100,netbanking,0,NA,NA,NA,0
100,upi,0,NA,NA,NA,0
100,wallet,0,NA,NA,NA,0
100,upi,0,NA,NA,NA,0
100,upi,0,NA,NA,NA,0
100,card,0,Mastercard,credit,IndusInd,0
100,upi,0,NA,NA,NA,0
100,upi,0,NA,NA,NA,0
100,upi,0,NA,NA,NA,0
100,upi,0,NA,NA,NA,0
100,upi,0,NA,NA,NA,0
100,card,0,Visa,debit,Bank of Baroda,0
100,emi,0,Visa,credit,Axis,0
100,card,0,RuPay,credit,Punjab National Bank,1
100,card,0,Mastercard,credit,Indian Bank,0
100,card,0,Visa,debit,Indian Bank,0
100,upi,0,NA,NA,NA,0
100,wallet,0,NA,NA,NA,0
100,upi,0,NA,NA,NA,0
100,upi,0,NA,NA,NA,0
100,emi,0,Visa,debit,SBI,0
100,card,0,Mastercard,debit,Axis,0
100,emi,0,Mastercard,credit,Yes Bank,0
100,upi,0,NA,NA,NA,0
100,card,0,Visa,credit,HDFC,0
100,emi,0,Visa,prepaid,ICICI,0
100,card,0,Visa,debit,IDFC First,0
100,upi,0,NA,NA,NA,1
100,upi,0,NA,NA,NA,0
100,upi,0,NA,NA,NA,0
100,upi,0,NA,NA,NA,0
100,card,0,Mastercard,credit,Bank of Baroda,0
100,upi,0,NA,NA,NA,0
100,card,0,Mastercard,credit,Axis,0
100,pay later,0,NA,NA,NA,0
100,wallet,0,NA,NA,NA,0
100,card,0,Mastercard,debit,Axis,0
100,card,0,Visa,debit,ICICI,0
100,emi,0,Visa,prepaid,Bank of Baroda,0
100,upi,0,NA,NA,NA,0
100,emi,0,Visa,debit,SBI,0
100,wallet,0,NA,NA,NA,0
100,card,0,RuPay,debit,Union Bank,0
100,netbanking,0,NA,NA,NA,1
100,card,0,Discover,debit,Bank of Baroda,1
100,netbanking,0,NA,NA,NA,1
100,pay later,0,NA,NA,NA,0
100,netbanking,0,NA,NA,NA,0
100,upi,0,NA,NA,NA,0
100,emi,0,Mastercard,debit,Axis,0
100,emi,0,Visa,debit,IndusInd,0
100,wallet,0,NA,NA,NA,0
100,pay later,0,NA,NA,NA,0
100,card,0,Visa,credit,Indian Bank,0
100,upi,0,NA,NA,NA,0
100,netbanking,0,NA,NA,NA,0
100,card,0,Visa,debit,ICICI,0
100,card,0,Mastercard,credit,SBI,1
100,upi,0,NA,NA,NA,0
100,card,0,Diners,credit,Axis,0
100,netbanking,0,NA,NA,NA,0
100,upi,0,NA,NA,NA,0
100,card,0,Visa,debit,Axis,0
100,netbanking,0,NA,NA,NA,1
100,emi,0,Visa,credit,SBI,0
100,wallet,0,NA,NA,NA,0
100,upi,0,NA,NA,NA,0
100,pay later,0,NA,NA,NA,1
100,upi,0,NA,NA,NA,0
100,card,0,Mastercard,credit,ICICI,0
100,netbanking,0,NA,NA,NA,0
100,wallet,0,NA,NA,NA,1
100,netbanking,0,NA,NA,NA,0
100,wallet,0,NA,NA,NA,0
100,upi,0,NA,NA,NA,0
100,upi,0,NA,NA,NA,0
100,emi,0,RuPay,credit,Bank of Baroda,0
100,card,0,Visa,debit,IDFC First,0
100,card,0,Mastercard,credit,HDFC,0
100,upi,0,NA,NA,NA,0
100,card,0,Visa,debit,SBI,0
100,upi,0,NA,NA,NA,0
100,upi,0,NA,NA,NA,1
100,upi,0,NA,NA,NA,0
100,pay later,0,NA,NA,NA,1
100,pay later,0,NA,NA,NA,0
100,upi,0,NA,NA,NA,0
100,upi,0,NA,NA,NA,0
100,upi,0,NA,NA,NA,0
100,upi,0,NA,NA,NA,0
100,card,0,Mastercard,credit,HDFC,0
100,netbanking,0,NA,NA,NA,1
100,upi,0,NA,NA,NA,0
100,upi,0,NA,NA,NA,0
100,card,0,Visa,credit,Bank of Baroda,0
100,card,0,Mastercard,debit,Federal Bank,0
100,upi,0,NA,NA,NA,0
100,card,0,American Express,debit,Axis,0
100,upi,0,NA,NA,NA,0
100,card,0,RuPay,credit,Kotak Mahindra,0
100,card,0,Diners,credit,Yes Bank,0
100,wallet,0,NA,NA,NA,0
100,netbanking,0,NA,NA,NA,0
100,pay later,0,NA,NA,NA,0
100,netbanking,0,NA,NA,NA,0
100,wallet,0,NA,NA,NA,0
100,card,0,Mastercard,credit,SBI,0
100,netbanking,0,NA,NA,NA,0
100,emi,0,Diners,credit,SBI,0
100,emi,0,RuPay,credit,HDFC,0
100,card,0,RuPay,credit,Kotak Mahindra,0
100,card,0,RuPay,credit,Axis,0
100,card,0,American Express,debit,Kotak Mahindra,0
100,upi,0,NA,NA,NA,0
100,upi,0,NA,NA,NA,0
100,upi,0,NA,NA,NA,0
100,emi,0,Mastercard,debit,Yes Bank,0
100,wallet,0,NA,NA,NA,0
100,netbanking,0,NA,NA,NA,0
100,wallet,0,NA,NA,NA,0
100,upi,0,NA,NA,NA,0
100,card,0,Mastercard,credit,Bank of Baroda,0
100,upi,0,NA,NA,NA,1
100,wallet,0,NA,NA,NA,0
100,upi,0,NA,NA,NA,0
100,netbanking,0,NA,NA,NA,0
100,emi,0,American Express,debit,Axis,0
100,upi,0,NA,NA,NA,0
100,emi,0,Mastercard,debit,ICICI,0
100,upi,0,NA,NA,NA,0
100,upi,0,NA,NA,NA,0
100,wallet,0,NA,NA,NA,0
100,upi,0,NA,NA,NA,1
100,upi,0,NA,NA,NA,0
100,card,0,Mastercard,debit,Canara Bank,0
100,upi,0,NA,NA,NA,0
100,upi,0,NA,NA,NA,1
100,upi,0,NA,NA,NA,0
100,upi,0,NA,NA,NA,1
100,upi,0,NA,NA,NA,0
100,upi,0,NA,NA,NA,0
100,pay later,0,NA,NA,NA,0
100,upi,0,NA,NA,NA,0
100,upi,0,NA,NA,NA,0
100,netbanking,0,NA,NA,NA,0
100,card,0,Diners,credit,IndusInd,0
100,card,0,Mastercard,credit,HDFC,0
100,netbanking,0,NA,NA,NA,0
100,card,0,Mastercard,credit,ICICI,0
100,upi,0,NA,NA,NA,0
100,card,0,Visa,debit,IDFC First,0
100,wallet,0,NA,NA,NA,0
100,upi,0,NA,NA,NA,0
100,pay later,0,NA,NA,NA,0
100,upi,0,NA,NA,NA,0
100,upi,0,NA,NA,NA,0
100,card,0,Mastercard,debit,Axis,0
100,upi,0,NA,NA,NA,0
100,upi,0,NA,NA,NA,0
100,upi,0,NA,NA,NA,0
100,upi,0,NA,NA,NA,0
100,wallet,0,NA,NA,NA,0
100,card,0,RuPay,debit,ICICI,0
100,wallet,0,NA,NA,NA,0
100,wallet,0,NA,NA,NA,0
100,upi,0,NA,NA,NA,0
100,emi,0,Mastercard,debit,Bank of Baroda,0
100,netbanking,0,NA,NA,NA,0
100,emi,0,RuPay,credit,Kotak Mahindra,0
100,netbanking,0,NA,NA,NA,0
100,upi,0,NA,NA,NA,0
100,upi,0,NA,NA,NA,0
100,upi,0,NA,NA,NA,1
100,card,0,RuPay,credit,HDFC,0
100,card,0,Mastercard,credit,ICICI,0
100,card,0,Visa,debit,ICICI,0
100,card,0,Visa,debit,IndusInd,0
100,card,0,RuPay,credit,SBI,0
100,card,0,American Express,credit,HDFC,0
100,emi,0,RuPay,credit,ICICI,0
100,upi,0,NA,NA,NA,0
100,wallet,0,NA,NA,NA,1
100,upi,0,NA,NA,NA,0
100,upi,0,NA,NA,NA,1
100,card,0,Mastercard,credit,SBI,0
100,pay later,0,NA,NA,NA,0
100,card,0,Mastercard,debit,Axis,0
100,upi,0,NA,NA,NA,0
100,card,0,RuPay,debit,Kotak Mahindra,1
100,upi,0,NA,NA,NA,0
100,card,0,Visa,debit,HDFC,0
100,card,0,Visa,credit,Canara Bank,0
100,emi,0,RuPay,credit,Union Bank,0
100,pay later,0,NA,NA,NA,0
100,upi,0,NA,NA,NA,0
100,card,0,Mastercard,credit,Axis,0
100,netbanking,0,NA,NA,NA,0
100,card,0,Visa,debit,SBI,0
100,card,0,Mastercard,debit,Canara Bank,0
100,card,0,RuPay,debit,IndusInd,0
100,wallet,0,NA,NA,NA,0
100,upi,0,NA,NA,NA,0
100,upi,0,NA,NA,NA,0
100,upi,0,NA,NA,NA,0
100,upi,0,NA,NA,NA,0
100,wallet,0,NA,NA,NA,0
100,pay later,0,NA,NA,NA,0
100,card,0,RuPay,credit,IDFC First,0
100,upi,0,NA,NA,NA,0
100,upi,0,NA,NA,NA,0
100,upi,0,NA,NA,NA,0
100,emi,0,Visa,credit,Axis,0
100,card,0,Visa,debit,Axis,0
100,upi,0,NA,NA,NA,0
100,netbanking,0,NA,NA,NA,0
100,netbanking,0,NA,NA,NA,0
100,netbanking,0,NA,NA,NA,0
100,emi,0,RuPay,debit,IDFC First,0
100,wallet,0,NA,NA,NA,0
100,upi,0,NA,NA,NA,1
100,upi,0,NA,NA,NA,0
100,upi,0,NA,NA,NA,0
100,upi,0,NA,NA,NA,0
100,upi,0,NA,NA,NA,1
100,upi,0,NA,NA,NA,0
100,wallet,0,NA,NA,NA,0
100,card,0,RuPay,credit,Kotak Mahindra,0
100,netbanking,0,NA,NA,NA,1
100,pay later,0,NA,NA,NA,0
100,upi,0,NA,NA,NA,0
100,card,0,Diners,credit,IDFC First,0
100,card,0,RuPay,debit,IndusInd,0
100,upi,0,NA,NA,NA,0
100,card,0,Mastercard,credit,ICICI,0
100,emi,0,American Express,debit,ICICI,0
100,netbanking,0,NA,NA,NA,0
100,card,0,Visa,credit,Canara Bank,0
100,card,0,Visa,debit,Kotak Mahindra,0
100,card,0,Mastercard,prepaid,HDFC,0
100,card,0,American Express,debit,SBI,0
100,card,0,RuPay,credit,Punjab National Bank,0
100,upi,0,NA,NA,NA,0
100,wallet,0,NA,NA,NA,0
100,emi,0,Mastercard,debit,Yes Bank,0
100,upi,0,NA,NA,NA,0
100,card,0,Mastercard,credit,ICICI,0
100,upi,0,NA,NA,NA,1
100,upi,0,NA,NA,NA,0
100,card,0,Visa,credit,IndusInd,0
100,card,0,Visa,credit,Kotak Mahindra,0
100,upi,0,NA,NA,NA,1
100,card,0,Diners,credit,HDFC,1
100,card,0,Mastercard,credit,SBI,0
100,netbanking,0,NA,NA,NA,0
100,wallet,0,NA,NA,NA,0
100,card,0,Visa,debit,SBI,0
100,wallet,0,NA,NA,NA,0
100,upi,0,NA,NA,NA,0
100,upi,0,NA,NA,NA,0
100,upi,0,NA,NA,NA,0
100,pay later,0,NA,NA,NA,1
100,card,0,Visa,debit,SBI,0
100,upi,0,NA,NA,NA,1
100,upi,0,NA,NA,NA,0
100,netbanking,0,NA,NA,NA,0
100,card,0,Visa,credit,Kotak Mahindra,0
100,wallet,0,NA,NA,NA,0
100,pay later,0,NA,NA,NA,0
100,upi,0,NA,NA,NA,0
100,emi,0,RuPay,credit,IDFC First,0
100,emi,0,Mastercard,debit,ICICI,0
100,upi,0,NA,NA,NA,0
100,upi,0,NA,NA,NA,0
100,card,0,Visa,credit,IDFC First,0
100,upi,0,NA,NA,NA,0
100,upi,0,NA,NA,NA,0
100,pay later,0,NA,NA,NA,0
100,pay later,0,NA,NA,NA,0
100,card,0,Visa,debit,Axis,0
100,card,0,RuPay,credit,ICICI,0
100,netbanking,0,NA,NA,NA,0
100,card,0,RuPay,debit,HDFC,0
100,card,0,Mastercard,debit,ICICI,0
100,pay later,0,NA,NA,NA,0
100,card,0,Visa,credit,IDFC First,0
100,card,0,Visa,debit,SBI,0
100,emi,0,Mastercard,debit,ICICI,1
100,upi,0,NA,NA,NA,0
100,upi,0,NA,NA,NA,0
100,card,0,Visa,debit,Indian Bank,0
100,emi,0,Visa,debit,Bank of Baroda,1
100,card,0,Mastercard,credit,Axis,0
100,netbanking,0,NA,NA,NA,0
100,pay later,0,NA,NA,NA,0
100,card,0,RuPay,credit,Axis,0
100,upi,0,NA,NA,NA,0
100,netbanking,0,NA,NA,NA,0
100,wallet,0,NA,NA,NA,0
100,upi,0,NA,NA,NA,0
100,upi,0,NA,NA,NA,0
100,pay later,0,NA,NA,NA,0
100,emi,0,Diners,debit,Canara Bank,0
100,emi,0,Visa,debit,Yes Bank,0
100,netbanking,0,NA,NA,NA,0
100,upi,0,NA,NA,NA,0
100,emi,0,RuPay,credit,IndusInd,0
100,upi,0,NA,NA,NA,0
100,card,0,Visa,credit,HDFC,0
100,emi,0,American Express,credit,Kotak Mahindra,0
100,wallet,0,NA,NA,NA,0
100,card,0,Visa,debit,Federal Bank,0
100,card,0,Visa,credit,Bank of Baroda,0
100,upi,0,NA,NA,NA,0
100,upi,0,NA,NA,NA,0
100,pay later,0,NA,NA,NA,0
100,upi,0,NA,NA,NA,0
100,emi,0,Visa,debit,ICICI,0
100,netbanking,0,NA,NA,NA,0
100,upi,0,NA,NA,NA,0
100,upi,0,NA,NA,NA,0
100,upi,0,NA,NA,NA,0
100,wallet,0,NA,NA,NA,0
100,card,0,Diners,debit,Kotak Mahindra,0
100,upi,0,NA,NA,NA,0
100,upi,0,NA,NA,NA,0
100,card,0,Mastercard,credit,Axis,0
100,card,0,Mastercard,prepaid,IndusInd,0
100,upi,0,NA,NA,NA,1
100,upi,0,NA,NA,NA,0
100,wallet,0,NA,NA,NA,0
100,upi,0,NA,NA,NA,0
100,upi,0,NA,NA,NA,0
100,wallet,0,NA,NA,NA,0
100,card,0,Visa,debit,HDFC,0
100,wallet,0,NA,NA,NA,0
100,emi,0,Visa,credit,Axis,0
100,upi,0,NA,NA,NA,0
100,netbanking,0,NA,NA,NA,0
100,netbanking,0,NA,NA,NA,0
100,upi,0,NA,NA,NA,0
100,netbanking,0,NA,NA,NA,0
100,netbanking,0,NA,NA,NA,0
100,upi,0,NA,NA,NA,0
100,card,0,Mastercard,debit,SBI,0
100,emi,0,American Express,debit,SBI,0
100,wallet,0,NA,NA,NA,0
100,upi,0,NA,NA,NA,0
100,card,0,American Express,debit,Axis,0
100,upi,0,NA,NA,NA,0
100,netbanking,0,NA,NA,NA,0
100,card,0,Mastercard,debit,ICICI,0
100,card,0,Discover,debit,SBI,0
100,card,0,Visa,credit,Canara Bank,0
100,wallet,0,NA,NA,NA,0
100,upi,0,NA,NA,NA,0
100,upi,0,NA,NA,NA,0
100,netbanking,0,NA,NA,NA,0
100,upi,0,NA,NA,NA,0
100,card,0,Mastercard,debit,ICICI,0
100,netbanking,0,NA,NA,NA,0
100,card,0,RuPay,credit,HDFC,0
100,upi,0,NA,NA,NA,0
100,upi,0,NA,NA,NA,0
100,pay later,0,NA,NA,NA,0
100,card,0,Mastercard,debit,HDFC,0
100,netbanking,0,NA,NA,NA,0
100,upi,0,NA,NA,NA,0
100,pay later,0,NA,NA,NA,0
100,upi,0,NA,NA,NA,0
100,emi,0,RuPay,debit,HDFC,1
100,upi,0,NA,NA,NA,0
100,upi,0,NA,NA,NA,0
100,netbanking,0,NA,NA,NA,0
100,upi,0,NA,NA,NA,0
100,upi,0,NA,NA,NA,0
100,upi,0,NA,NA,NA,0
100,wallet,0,NA,NA,NA,0
100,emi,0,Visa,debit,Federal Bank,1
100,upi,0,NA,NA,NA,0
100,upi,0,NA,NA,NA,0
100,netbanking,0,NA,NA,NA,1
100,upi,0,NA,NA,NA,0
100,upi,0,NA,NA,NA,0
100,card,0,Mastercard,debit,IDFC First,0
100,upi,0,NA,NA,NA,0
100,upi,0,NA,NA,NA,0
100,upi,0,NA,NA,NA,0
100,netbanking,0,NA,NA,NA,0
100,wallet,0,NA,NA,NA,0
100,card,0,RuPay,debit,SBI,0
100,upi,0,NA,NA,NA,0
100,card,0,Visa,credit,RBL,0
100,emi,0,Diners,credit,ICICI,0
100,upi,0,NA,NA,NA,1
100,card,0,Visa,credit,Axis,0
100,netbanking,0,NA,NA,NA,0
100,card,0,Visa,credit,RBL,0
100,emi,0,American Express,credit,RBL,0
100,card,0,Visa,credit,Yes Bank,0
100,card,0,Mastercard,debit,Canara Bank,0
100,upi,0,NA,NA,NA,0
100,upi,0,NA,NA,NA,0
100,card,0,Mastercard,debit,ICICI,0
100,netbanking,0,NA,NA,NA,0
100,upi,0,NA,NA,NA,1
100,upi,0,NA,NA,NA,0
100,emi,0,RuPay,credit,Axis,0
100,upi,0,NA,NA,NA,0
100,upi,0,NA,NA,NA,0
100,emi,0,Mastercard,debit,HDFC,0
100,card,0,Visa,credit,ICICI,0
100,upi,0,NA,NA,NA,0
100,upi,0,NA,NA,NA,0
100,upi,0,NA,NA,NA,1
100,card,0,Visa,credit,Kotak Mahindra,0
100,card,0,Visa,debit,ICICI,0
100,upi,0,NA,NA,NA,0
100,upi,0,NA,NA,NA,1
100,card,0,Visa,debit,SBI,0
100,emi,0,Mastercard,credit,ICICI,0
100,emi,0,Mastercard,debit,Yes Bank,0
100,pay later,0,NA,NA,NA,0
100,pay later,0,NA,NA,NA,0
100,upi,0,NA,NA,NA,0
100,wallet,0,NA,NA,NA,0
100,upi,0,NA,NA,NA,0
100,pay later,0,NA,NA,NA,0
100,netbanking,0,NA,NA,NA,0
100,wallet,0,NA,NA,NA,0
100,card,0,Mastercard,debit,Kotak Mahindra,0
100,upi,0,NA,NA,NA,0
100,card,0,Visa,credit,Axis,0
100,upi,0,NA,NA,NA,0
100,netbanking,0,NA,NA,NA,0
100,upi,0,NA,NA,NA,0
100,emi,0,American Express,credit,Punjab National Bank,0
100,card,0,Mastercard,debit,Yes Bank,0
100,card,0,Mastercard,credit,Bank of Baroda,0
100,upi,0,NA,NA,NA,0
100,upi,0,NA,NA,NA,0
100,upi,0,NA,NA,NA,0
100,pay later,0,NA,NA,NA,0
100,netbanking,0,NA,NA,NA,0
100,wallet,0,NA,NA,NA,1
100,card,0,Visa,credit,ICICI,0
100,card,0,RuPay,debit,HDFC,0
100,emi,0,Mastercard,debit,Bank of Baroda,0
100,card,0,Mastercard,credit,Indian Bank,0
100,card,0,Visa,credit,ICICI,0
100,card,0,Visa,credit,Axis,0
100,netbanking,0,NA,NA,NA,1
100,card,0,Mastercard,credit,Yes Bank,0
100,card,0,Mastercard,debit,HDFC,0
100,card,0,Visa,credit,HDFC,0
100,card,0,Visa,prepaid,ICICI,0
100,upi,0,NA,NA,NA,0
100,card,0,Mastercard,credit,HDFC,0
100,upi,0,NA,NA,NA,0
100,pay later,0,NA,NA,NA,0
100,upi,0,NA,NA,NA,0
100,wallet,0,NA,NA,NA,0
100,card,0,Visa,credit,Kotak Mahindra,0
100,upi,0,NA,NA,NA,0
100,upi,0,NA,NA,NA,0
100,card,0,Visa,credit,RBL,0
100,upi,0,NA,NA,NA,0
100,netbanking,0,NA,NA,NA,0
100,upi,0,NA,NA,NA,0
100,pay later,0,NA,NA,NA,0
100,emi,0,Mastercard,debit,IDFC First,0
100,pay later,0,NA,NA,NA,0
100,upi,0,NA,NA,NA,0
100,card,0,Visa,debit,Federal Bank,0
100,card,0,Diners,credit,Axis,0
100,pay later,0,NA,NA,NA,0
100,emi,0,Diners,credit,Bank of Baroda,0
100,upi,0,NA,NA,NA,0
100,wallet,0,NA,NA,NA,0
100,card,0,Visa,credit,IDFC First,0
100,upi,0,NA,NA,NA,0
100,pay later,0,NA,NA,NA,0
100,card,0,Diners,debit,HDFC,1
100,netbanking,0,NA,NA,NA,1
100,wallet,0,NA,NA,NA,0
100,card,0,Mastercard,debit,Axis,0
100,upi,0,NA,NA,NA,0
100,card,0,Mastercard,debit,SBI,0
100,emi,0,Visa,credit,RBL,0
100,netbanking,0,NA,NA,NA,0
100,card,0,Mastercard,debit,Axis,0
100,card,0,Visa,prepaid,RBL,0
100,card,0,RuPay,debit,SBI,0
100,wallet,0,NA,NA,NA,0
100,wallet,0,NA,NA,NA,0
100,netbanking,0,NA,NA,NA,1
100,netbanking,0,NA,NA,NA,0
100,upi,0,NA,NA,NA,0
100,card,0,Mastercard,debit,SBI,0
100,upi,0,NA,NA,NA,0
100,upi,0,NA,NA,NA,0
100,card,0,Diners,debit,Punjab National Bank,0
100,card,0,Visa,credit,SBI,0
100,wallet,0,NA,NA,NA,0
100,upi,0,NA,NA,NA,0
100,upi,0,NA,NA,NA,0
100,upi,0,NA,NA,NA,0
100,card,0,Visa,debit,SBI,0
100,upi,0,NA,NA,NA,0
100,pay later,0,NA,NA,NA,0
100,upi,0,NA,NA,NA,0
100,emi,0,Mastercard,debit,Punjab National Bank,0
100,pay later,0,NA,NA,NA,0
100,netbanking,0,NA,NA,NA,0
100,upi,0,NA,NA,NA,0
100,card,0,RuPay,credit,Union Bank,0
100,upi,0,NA,NA,NA,0
100,card,0,Mastercard,debit,Yes Bank,0
100,upi,0,NA,NA,NA,0
100,upi,0,NA,NA,NA,0
100,wallet,0,NA,NA,NA,0
100,card,0,Mastercard,debit,IndusInd,0
100,card,0,Mastercard,debit,IndusInd,0
100,wallet,0,NA,NA,NA,0
100,upi,0,NA,NA,NA,0
100,upi,0,NA,NA,NA,0
100,wallet,0,NA,NA,NA,1
100,wallet,0,NA,NA,NA,0
100,netbanking,0,NA,NA,NA,0
100,emi,0,Mastercard,debit,SBI,1
100,card,0,Mastercard,credit,ICICI,0
100,card,0,Mastercard,credit,Axis,0
100,wallet,0,NA,NA,NA,0
100,upi,0,NA,NA,NA,0
100,upi,0,NA,NA,NA,0
100,card,0,Visa,credit,HDFC,0
100,card,0,Mastercard,debit,ICICI,0
100,wallet,0,NA,NA,NA,0
100,card,0,RuPay,debit,Canara Bank,0
100,upi,0,NA,NA,NA,0
100,upi,0,NA,NA,NA,0
100,upi,0,NA,NA,NA,0
100,card,0,Visa,credit,Axis,0
100,upi,0,NA,NA,NA,0
100,upi,0,NA,NA,NA,0
100,emi,0,RuPay,debit,IndusInd,0
100,upi,0,NA,NA,NA,0
100,upi,0,NA,NA,NA,1
100,upi,0,NA,NA,NA,0
100,card,0,Visa,credit,ICICI,1
100,pay later,0,NA,NA,NA,0
100,upi,0,NA,NA,NA,0
100,card,0,Discover,debit,Punjab National Bank,0
100,emi,0,RuPay,debit,SBI,0
100,card,0,Mastercard,debit,ICICI,0
100,emi,0,RuPay,credit,HDFC,0
100,pay later,0,NA,NA,NA,0
100,wallet,0,NA,NA,NA,0
100,emi,0,RuPay,credit,ICICI,0
100,card,0,Visa,credit,Axis,1
100,emi,0,Visa,credit,ICICI,0
100,card,0,Visa,credit,Axis,1
100,card,0,Visa,credit,Axis,0
100,upi,0,NA,NA,NA,0
100,card,0,Mastercard,debit,SBI,0
100,upi,0,NA,NA,NA,0
100,wallet,0,NA,NA,NA,0
100,card,0,Mastercard,credit,Bank of Baroda,0
100,wallet,0,NA,NA,NA,0
100,upi,0,NA,NA,NA,0
100,pay later,0,NA,NA,NA,0
100,netbanking,0,NA,NA,NA,0
100,upi,0,NA,NA,NA,0
100,card,0,American Express,debit,SBI,0
100,upi,0,NA,NA,NA,0
100,card,0,RuPay,debit,SBI,0
100,card,0,Mastercard,credit,Axis,1
100,emi,0,Visa,debit,Axis,0
100,netbanking,0,NA,NA,NA,0
100,card,0,Visa,credit,Bank of Baroda,0
100,upi,0,NA,NA,NA,0
100,upi,0,NA,NA,NA,0
100,upi,0,NA,NA,NA,1
100,wallet,0,NA,NA,NA,0
100,wallet,0,NA,NA,NA,0
100,wallet,0,NA,NA,NA,1
100,netbanking,0,NA,NA,NA,0
100,wallet,0,NA,NA,NA,0
100,pay later,0,NA,NA,NA,0
100,upi,0,NA,NA,NA,0
100,upi,0,NA,NA,NA,0
100,pay later,0,NA,NA,NA,0
100,upi,0,NA,NA,NA,0
100,card,0,Visa,credit,Canara Bank,0
100,card,0,American Express,credit,RBL,0
100,netbanking,0,NA,NA,NA,0
100,upi,0,NA,NA,NA,0
100,upi,0,NA,NA,NA,0
100,card,0,Diners,debit,IDFC First,0
100,netbanking,0,NA,NA,NA,0
100,card,0,Mastercard,debit,RBL,1
100,netbanking,0,NA,NA,NA,0
100,card,0,Discover,credit,SBI,0
100,emi,0,Mastercard,debit,Axis,0
100,upi,0,NA,NA,NA,0
100,netbanking,0,NA,NA,NA,0
100,card,0,Mastercard,credit,Bank of Baroda,0
100,card,0,Visa,debit,Kotak Mahindra,0
100,card,0,RuPay,credit,SBI,0
100,card,0,RuPay,credit,SBI,0
100,card,0,Visa,debit,Indian Bank,1
100,netbanking,0,NA,NA,NA,0
100,emi,0,Visa,debit,IDFC First,0
100,upi,0,NA,NA,NA,0
100,upi,0,NA,NA,NA,0
100,upi,0,NA,NA,NA,0
100,pay later,0,NA,NA,NA,0
100,wallet,0,NA,NA,NA,0
100,card,0,Mastercard,debit,Axis,0
100,upi,0,NA,NA,NA,0
100,netbanking,0,NA,NA,NA,0
100,card,0,Visa,credit,Bank of Baroda,0
100,card,0,Visa,credit,Yes Bank,0
100,upi,0,NA,NA,NA,0
100,wallet,0,NA,NA,NA,0
100,upi,0,NA,NA,NA,0
100,upi,0,NA,NA,NA,0
100,card,0,American Express,debit,ICICI,0
100,card,0,Discover,credit,HDFC,0
100,card,0,Mastercard,debit,HDFC,0
100,upi,0,NA,NA,NA,0
100,card,0,Visa,credit,Axis,0
100,upi,0,NA,NA,NA,0
100,wallet,0,NA,NA,NA,0
100,card,0,Discover,credit,SBI,0
100,upi,0,NA,NA,NA,0
100,card,0,Visa,debit,SBI,0
100,card,0,Mastercard,credit,IDFC First,0
100,netbanking,0,NA,NA,NA,0
100,upi,0,NA,NA,NA,1
100,card,0,Mastercard,debit,Union Bank,0
100,card,0,Diners,credit,ICICI,0
100,upi,0,NA,NA,NA,0
100,card,0,RuPay,debit,IndusInd,1
100,upi,0,NA,NA,NA,0
100,card,0,RuPay,debit,HDFC,0
100,card,0,Mastercard,debit,SBI,0
100,emi,0,Visa,debit,IDFC First,0
100,upi,0,NA,NA,NA,0
100,card,0,RuPay,credit,ICICI,1
100,card,0,Visa,debit,Indian Bank,0
100,netbanking,0,NA,NA,NA,0
100,netbanking,0,NA,NA,NA,0
100,card,0,Visa,debit,ICICI,0
100,netbanking,0,NA,NA,NA,1
100,emi,0,American Express,credit,Axis,0
100,wallet,0,NA,NA,NA,0
100,netbanking,0,NA,NA,NA,0
100,card,0,Mastercard,debit,SBI,0
100,upi,0,NA,NA,NA,1
100,netbanking,0,NA,NA,NA,0
100,card,0,American Express,credit,Kotak Mahindra,0
100,upi,0,NA,NA,NA,0
100,upi,0,NA,NA,NA,0
100,card,0,Diners,debit,Axis,0
100,netbanking,0,NA,NA,NA,0
100,card,0,American Express,prepaid,Kotak Mahindra,0
100,upi,0,NA,NA,NA,0
100,upi,0,NA,NA,NA,0
100,netbanking,0,NA,NA,NA,0
100,netbanking,0,NA,NA,NA,1
100,card,0,Diners,credit,Indian Bank,0
100,netbanking,0,NA,NA,NA,0
100,card,0,RuPay,credit,ICICI,0
100,upi,0,NA,NA,NA,0
100,wallet,0,NA,NA,NA,0
100,netbanking,0,NA,NA,NA,1
100,emi,0,Diners,credit,RBL,0
100,upi,0,NA,NA,NA,0
100,emi,0,Mastercard,credit,Federal Bank,0
100,upi,0,NA,NA,NA,0
100,upi,0,NA,NA,NA,0
100,netbanking,0,NA,NA,NA,0
100,upi,0,NA,NA,NA,0
100,upi,0,NA,NA,NA,0
100,upi,0,NA,NA,NA,0
100,pay later,0,NA,NA,NA,0
100,netbanking,0,NA,NA,NA,0
100,card,0,American Express,credit,HDFC,0
100,pay later,0,NA,NA,NA,0
100,card,0,Visa,debit,SBI,0
100,card,0,Mastercard,credit,HDFC,0
100,card,0,Mastercard,credit,HDFC,0
100,card,0,Visa,credit,SBI,0
100,upi,0,NA,NA,NA,0
100,emi,0,Mastercard,debit,SBI,0
100,upi,0,NA,NA,NA,0
100,upi,0,NA,NA,NA,0
100,pay later,0,NA,NA,NA,0
100,netbanking,0,NA,NA,NA,0
100,pay later,0,NA,NA,NA,0
100,card,0,Mastercard,credit,SBI,0
100,netbanking,0,NA,NA,NA,0
100,upi,0,NA,NA,NA,0
100,wallet,0,NA,NA,NA,0
100,emi,0,Discover,debit,Yes Bank,0
100,pay later,0,NA,NA,NA,0
100,card,0,Mastercard,debit,IndusInd,1
100,netbanking,0,NA,NA,NA,0
100,wallet,0,NA,NA,NA,0
100,emi,0,Visa,credit,Axis,0
100,netbanking,0,NA,NA,NA,0
100,upi,0,NA,NA,NA,0
100,card,0,Discover,credit,HDFC,0
100,netbanking,0,NA,NA,NA,0
100,pay later,0,NA,NA,NA,0
100,upi,0,NA,NA,NA,0
100,card,0,Visa,credit,Canara Bank,0
100,emi,0,Visa,debit,HDFC,0
100,wallet,0,NA,NA,NA,0
100,netbanking,0,NA,NA,NA,0
100,card,0,Mastercard,debit,SBI,0
100,upi,0,NA,NA,NA,1
100,card,0,Diners,prepaid,HDFC,0
100,card,0,Mastercard,debit,ICICI,1
100,upi,0,NA,NA,NA,0
100,card,0,RuPay,credit,HDFC,1
100,emi,0,Discover,credit,Bank of Baroda,0
100,upi,0,NA,NA,NA,0
100,netbanking,0,NA,NA,NA,0
100,netbanking,0,NA,NA,NA,0
100,netbanking,0,NA,NA,NA,0
100,card,0,Visa,debit,ICICI,0
100,card,0,Diners,credit,Kotak Mahindra,0
100,upi,0,NA,NA,NA,0
100,card,0,Mastercard,credit,SBI,0
100,card,0,RuPay,prepaid,ICICI,0
100,upi,0,NA,NA,NA,1
100,upi,0,NA,NA,NA,0
100,emi,0,Diners,credit,Axis,0
100,upi,0,NA,NA,NA,0
100,upi,0,NA,NA,NA,0
100,upi,0,NA,NA,NA,0
100,upi,0,NA,NA,NA,0
100,upi,0,NA,NA,NA,0
100,upi,0,NA,NA,NA,0
100,card,0,Mastercard,debit,HDFC,0
100,upi,0,NA,NA,NA,1
100,card,0,Mastercard,debit,ICICI,0
100,upi,0,NA,NA,NA,0
100,upi,0,NA,NA,NA,0
100,netbanking,0,NA,NA,NA,0
100,upi,0,NA,NA,NA,0
100,card,0,Mastercard,credit,Yes Bank,0
100,card,0,Mastercard,debit,Punjab National Bank,0
100,emi,0,Visa,credit,SBI,0
100,wallet,0,NA,NA,NA,0
100,card,0,Mastercard,credit,IDFC First,0
100,card,0,Visa,credit,Axis,0
100,card,0,RuPay,credit,Axis,1
100,pay later,0,NA,NA,NA,1
100,pay later,0,NA,NA,NA,0
100,netbanking,0,NA,NA,NA,0
100,card,0,Mastercard,credit,HDFC,0
100,upi,0,NA,NA,NA,0
100,upi,0,NA,NA,NA,1
100,pay later,0,NA,NA,NA,0
100,upi,0,NA,NA,NA,0
100,card,0,Mastercard,credit,ICICI,0
100,upi,0,NA,NA,NA,0
100,emi,0,Discover,credit,Canara Bank,0
100,card,0,Visa,credit,Axis,0
100,card,0,Mastercard,credit,Union Bank,0
100,upi,0,NA,NA,NA,0
100,card,0,Mastercard,debit,Canara Bank,0
100,card,0,Visa,prepaid,HDFC,0
100,netbanking,0,NA,NA,NA,0
100,card,0,Mastercard,debit,ICICI,0
100,netbanking,0,NA,NA,NA,0
100,card,0,Mastercard,credit,SBI,0
100,card,0,Visa,credit,Axis,0
100,upi,0,NA,NA,NA,0
100,wallet,0,NA,NA,NA,0
100,emi,0,Mastercard,debit,ICICI,0
100,card,0,Mastercard,credit,Axis,0
100,netbanking,0,NA,NA,NA,0
100,upi,0,NA,NA,NA,0
100,emi,0,Visa,credit,HDFC,0
100,netbanking,0,NA,NA,NA,0
100,emi,0,Visa,debit,ICICI,0
100,upi,0,NA,NA,NA,0
100,emi,0,Visa,debit,Axis,1
100,pay later,0,NA,NA,NA,0
100,netbanking,0,NA,NA,NA,0
100,upi,0,NA,NA,NA,0
100,netbanking,0,NA,NA,NA,0
100,card,0,Mastercard,credit,ICICI,0
100,emi,0,RuPay,credit,Union Bank,0
100,card,0,Visa,debit,RBL,0
100,upi,0,NA,NA,NA,1
100,upi,0,NA,NA,NA,0
100,wallet,0,NA,NA,NA,0
100,upi,0,NA,NA,NA,0
100,wallet,0,NA,NA,NA,0
100,upi,0,NA,NA,NA,0
100,upi,0,NA,NA,NA,0
100,emi,0,Visa,credit,SBI,0
100,card,0,RuPay,credit,SBI,0
100,upi,0,NA,NA,NA,0
100,upi,0,NA,NA,NA,0
100,wallet,0,NA,NA,NA,0
100,card,0,Visa,debit,SBI,0
100,netbanking,0,NA,NA,NA,0
100,upi,0,NA,NA,NA,0
100,card,0,Visa,credit,Kotak Mahindra,0
100,emi,0,Visa,debit,RBL,0
100,pay later,0,NA,NA,NA,0
100,card,0,Diners,credit,HDFC,0
100,upi,0,NA,NA,NA,0
100,card,0,Mastercard,debit,Canara Bank,0
100,upi,0,NA,NA,NA,0
100,card,0,Visa,debit,SBI,0
100,card,0,Diners,credit,ICICI,0
100,upi,0,NA,NA,NA,0
100,emi,0,Mastercard,credit,ICICI,0
100,netbanking,0,NA,NA,NA,0
100,pay later,0,NA,NA,NA,0
100,card,0,Visa,debit,ICICI,0
100,upi,0,NA,NA,NA,0
100,upi,0,NA,NA,NA,0
100,upi,0,NA,NA,NA,0
100,upi,0,NA,NA,NA,0
100,upi,0,NA,NA,NA,0
100,card,0,Visa,credit,SBI,0
100,upi,0,NA,NA,NA,0
100,upi,0,NA,NA,NA,1
100,emi,0,Mastercard,prepaid,Kotak Mahindra,0
100,emi,0,Visa,credit,RBL,0
100,wallet,0,NA,NA,NA,0
100,card,0,American Express,credit,Axis,0
100,netbanking,0,NA,NA,NA,0
100,emi,0,Mastercard,credit,IDFC First,0
100,card,0,RuPay,debit,Canara Bank,1
100,card,0,Mastercard,debit,ICICI,0
100,card,0,RuPay,prepaid,Axis,0
100,netbanking,0,NA,NA,NA,0
100,card,0,Mastercard,debit,HDFC,0
100,upi,0,NA,NA,NA,0
100,card,0,Mastercard,debit,Kotak Mahindra,0
100,upi,0,NA,NA,NA,0
100,upi,0,NA,NA,NA,0
100,card,0,Mastercard,credit,HDFC,1
100,card,0,Mastercard,debit,ICICI,0
100,card,0,Mastercard,debit,Yes Bank,0
100,card,0,RuPay,credit,Kotak Mahindra,0
100,upi,0,NA,NA,NA,0
100,card,0,RuPay,credit,ICICI,0
100,pay later,0,NA,NA,NA,0
100,card,0,RuPay,credit,HDFC,0
100,upi,0,NA,NA,NA,0
100,emi,0,Mastercard,credit,SBI,0
100,emi,0,RuPay,prepaid,Bank of Baroda,0
100,card,0,Mastercard,credit,ICICI,0
100,upi,0,NA,NA,NA,0
100,upi,0,NA,NA,NA,0
100,netbanking,0,NA,NA,NA,1
100,card,0,Visa,debit,SBI,0
100,card,0,Mastercard,debit,SBI,0
100,upi,0,NA,NA,NA,0
100,upi,0,NA,NA,NA,0
100,upi,0,NA,NA,NA,0
100,upi,0,NA,NA,NA,0
100,netbanking,0,NA,NA,NA,0
100,upi,0,NA,NA,NA,0
100,upi,0,NA,NA,NA,0
100,emi,0,Visa,debit,Indian Bank,0
100,wallet,0,NA,NA,NA,0
100,upi,0,NA,NA,NA,0
100,card,0,Mastercard,debit,Indian Bank,1
100,upi,0,NA,NA,NA,0
100,upi,0,NA,NA,NA,0
100,upi,0,NA,NA,NA,0
100,upi,0,NA,NA,NA,0
100,upi,0,NA,NA,NA,0
100,card,0,Mastercard,debit,Kotak Mahindra,0
100,card,0,Visa,credit,RBL,0
100,card,0,American Express,debit,IDFC First,0
100,card,0,Visa,debit,Axis,0
100,card,0,Visa,debit,ICICI,0
100,upi,0,NA,NA,NA,0
100,card,0,Visa,debit,Axis,0
100,card,0,Mastercard,credit,IndusInd,0
100,card,0,Visa,debit,HDFC,1
100,wallet,0,NA,NA,NA,0
100,upi,0,NA,NA,NA,0
100,upi,0,NA,NA,NA,0
100,upi,0,NA,NA,NA,0
100,netbanking,0,NA,NA,NA,0
100,emi,0,American Express,debit,RBL,0
100,pay later,0,NA,NA,NA,0
100,card,0,RuPay,debit,HDFC,0
100,upi,0,NA,NA,NA,0
100,card,0,RuPay,credit,Canara Bank,0
100,upi,0,NA,NA,NA,0
100,pay later,0,NA,NA,NA,0
100,card,0,American Express,credit,SBI,0
100,card,0,Visa,credit,IDFC First,0
100,card,0,Visa,credit,SBI,0
100,pay later,0,NA,NA,NA,0
100,emi,0,Mastercard,credit,Federal Bank,1
100,pay later,0,NA,NA,NA,0
100,upi,0,NA,NA,NA,0
100,upi,0,NA,NA,NA,0
100,upi,0,NA,NA,NA,0
100,card,0,Visa,debit,Kotak Mahindra,0
100,upi,0,NA,NA,NA,0
100,netbanking,0,NA,NA,NA,0
100,card,0,Mastercard,credit,RBL,0
100,netbanking,0,NA,NA,NA,0
100,upi,0,NA,NA,NA,0
100,upi,0,NA,NA,NA,0
100,upi,0,NA,NA,NA,0
100,card,0,Visa,credit,HDFC,0
100,upi,0,NA,NA,NA,0
100,upi,0,NA,NA,NA,0
100,upi,0,NA,NA,NA,0
100,card,0,Visa,credit,Union Bank,0
100,wallet,0,NA,NA,NA,0
100,pay later,0,NA,NA,NA,0
100,pay later,0,NA,NA,NA,1
100,card,0,Mastercard,credit,HDFC,0
100,wallet,0,NA,NA,NA,0
100,netbanking,0,NA,NA,NA,0
100,card,0,Mastercard,credit,Punjab National Bank,0
100,upi,0,NA,NA,NA,0
100,card,0,RuPay,debit,ICICI,0
100,emi,0,Visa,credit,Kotak Mahindra,0
100,netbanking,0,NA,NA,NA,0
100,card,0,Discover,credit,Kotak Mahindra,0
100,upi,0,NA,NA,NA,0
100,upi,0,NA,NA,NA,0
100,pay later,0,NA,NA,NA,0
100,upi,0,NA,NA,NA,0
100,card,0,RuPay,debit,Axis,0
100,emi,0,RuPay,debit,ICICI,0
100,pay later,0,NA,NA,NA,0
100,card,0,Visa,prepaid,Yes Bank,0
100,emi,0,Mastercard,credit,IDFC First,1
100,netbanking,0,NA,NA,NA,0
100,upi,0,NA,NA,NA,0
100,upi,0,NA,NA,NA,0
100,upi,0,NA,NA,NA,0
100,card,0,Mastercard,credit,Indian Bank,0
100,upi,0,NA,NA,NA,0
100,upi,0,NA,NA,NA,0
100,netbanking,0,NA,NA,NA,0
100,card,0,Mastercard,prepaid,IDFC First,0
100,upi,0,NA,NA,NA,0
100,upi,0,NA,NA,NA,0
100,netbanking,0,NA,NA,NA,0
100,upi,0,NA,NA,NA,1
100,pay later,0,NA,NA,NA,0
100,netbanking,0,NA,NA,NA,0
100,card,0,Visa,credit,ICICI,0
100,upi,0,NA,NA,NA,0
100,upi,0,NA,NA,NA,1
100,card,0,Diners,credit,Yes Bank,0
100,card,0,Visa,credit,SBI,0
100,netbanking,0,NA,NA,NA,0
100,card,0,RuPay,credit,RBL,0
100,upi,0,NA,NA,NA,0
100,card,0,Visa,credit,SBI,0
100,netbanking,0,NA,NA,NA,0
100,card,0,Visa,debit,HDFC,0
100,upi,0,NA,NA,NA,0
100,netbanking,0,NA,NA,NA,0
100,card,0,RuPay,debit,Bank of Baroda,0
100,pay later,0,NA,NA,NA,0
100,upi,0,NA,NA,NA,0
100,card,0,Visa,credit,HDFC,0
100,upi,0,NA,NA,NA,0
100,upi,0,NA,NA,NA,0
100,upi,0,NA,NA,NA,0
100,card,0,RuPay,credit,Kotak Mahindra,0
100,emi,0,Mastercard,debit,SBI,1
100,upi,0,NA,NA,NA,0
100,upi,0,NA,NA,NA,0
100,card,0,Mastercard,debit,ICICI,0
100,upi,0,NA,NA,NA,0
100,upi,0,NA,NA,NA,0
100,upi,0,NA,NA,NA,0
100,netbanking,0,NA,NA,NA,0
100,card,0,Visa,debit,SBI,0
100,card,0,RuPay,debit,Yes Bank,0
100,upi,0,NA,NA,NA,0
100,card,0,Mastercard,debit,SBI,0
100,upi,0,NA,NA,NA,0
100,pay later,0,NA,NA,NA,0
100,card,0,RuPay,credit,ICICI,0
100,upi,0,NA,NA,NA,0
100,upi,0,NA,NA,NA,0
100,upi,0,NA,NA,NA,0
100,card,0,Visa,credit,Axis,0
100,netbanking,0,NA,NA,NA,0
100,upi,0,NA,NA,NA,0
100,upi,0,NA,NA,NA,0
100,netbanking,0,NA,NA,NA,0
100,upi,0,NA,NA,NA,0
100,card,0,Mastercard,debit,Kotak Mahindra,0
100,upi,0,NA,NA,NA,0
100,netbanking,0,NA,NA,NA,0
100,upi,0,NA,NA,NA,0
100,upi,0,NA,NA,NA,0
100,card,0,Mastercard,prepaid,ICICI,0
100,upi,0,NA,NA,NA,0
100,card,0,American Express,credit,SBI,0
100,netbanking,0,NA,NA,NA,0
100,upi,0,NA,NA,NA,0
100,wallet,0,NA,NA,NA,0
100,card,0,Visa,debit,HDFC,0
100,upi,0,NA,NA,NA,0
100,netbanking,0,NA,NA,NA,0
100,card,0,Visa,debit,Bank of Baroda,1
100,pay later,0,NA,NA,NA,0
100,wallet,0,NA,NA,NA,0
100,pay later,0,NA,NA,NA,1
100,pay later,0,NA,NA,NA,0
100,card,0,RuPay,credit,SBI,0
100,upi,0,NA,NA,NA,0
100,card,0,Mastercard,prepaid,HDFC,0
100,upi,0,NA,NA,NA,0
100,netbanking,0,NA,NA,NA,0
100,card,0,Visa,debit,IDFC First,0
100,upi,0,NA,NA,NA,0
100,upi,0,NA,NA,NA,0
100,netbanking,0,NA,NA,NA,0
100,card,0,RuPay,debit,ICICI,0
100,upi,0,NA,NA,NA,0
100,card,0,RuPay,credit,ICICI,0
100,card,0,Mastercard,debit,Punjab National Bank,0
100,upi,0,NA,NA,NA,0
100,upi,0,NA,NA,NA,0
100,emi,0,RuPay,credit,HDFC,0
100,card,0,Visa,prepaid,Federal Bank,0
100,wallet,0,NA,NA,NA,0
100,card,0,Discover,credit,ICICI,0
100,card,0,RuPay,credit,IndusInd,0
100,card,0,Mastercard,credit,HDFC,0
100,emi,0,Visa,credit,Axis,0
100,upi,0,NA,NA,NA,0
100,card,0,Mastercard,debit,SBI,1
100,pay later,0,NA,NA,NA,0
100,pay later,0,NA,NA,NA,0
100,upi,0,NA,NA,NA,0
100,card,0,Discover,debit,Canara Bank,0
100,card,0,Mastercard,credit,Kotak Mahindra,0
100,upi,0,NA,NA,NA,0
100,upi,0,NA,NA,NA,0
100,wallet,0,NA,NA,NA,0
100,card,0,American Express,credit,HDFC,1
100,card,0,Discover,credit,Yes Bank,0
100,upi,0,NA,NA,NA,0
100,card,0,Mastercard,debit,HDFC,0
100,upi,0,NA,NA,NA,0
100,card,0,Mastercard,debit,Indian Bank,1
100,netbanking,0,NA,NA,NA,0
100,upi,0,NA,NA,NA,0
100,netbanking,0,NA,NA,NA,0
100,upi,0,NA,NA,NA,0
100,card,0,Visa,debit,IDFC First,0
100,card,0,RuPay,credit,IndusInd,0
100,pay later,0,NA,NA,NA,0
100,emi,0,Visa,debit,HDFC,1
100,pay later,0,NA,NA,NA,0
100,upi,0,NA,NA,NA,0
100,card,0,Visa,prepaid,SBI,0
100,card,0,Mastercard,credit,Axis,0
100,card,0,Visa,debit,IDFC First,0
100,card,0,Visa,credit,IndusInd,0
100,netbanking,0,NA,NA,NA,0
100,card,0,RuPay,prepaid,SBI,1
100,card,0,American Express,debit,RBL,0
100,card,0,RuPay,credit,Axis,0
100,emi,0,Mastercard,credit,Yes Bank,0
100,upi,0,NA,NA,NA,0
100,upi,0,NA,NA,NA,0
100,card,0,Mastercard,debit,RBL,0
100,upi,0,NA,NA,NA,0
100,card,0,RuPay,debit,Kotak Mahindra,0
100,wallet,0,NA,NA,NA,1
100,emi,0,Visa,credit,HDFC,0
100,emi,0,RuPay,credit,IndusInd,1
100,netbanking,0,NA,NA,NA,0
100,card,0,Mastercard,credit,Yes Bank,1
100,emi,0,Visa,debit,SBI,0
100,card,0,Visa,credit,ICICI,0
100,card,0,RuPay,credit,ICICI,0
100,card,0,Mastercard,debit,Axis,0
100,upi,0,NA,NA,NA,1
100,upi,0,NA,NA,NA,0
100,netbanking,0,NA,NA,NA,0
100,card,0,Mastercard,credit,HDFC,0
100,emi,0,Discover,credit,Kotak Mahindra,0
100,upi,0,NA,NA,NA,0
100,card,0,RuPay,debit,Yes Bank,0
100,upi,0,NA,NA,NA,0
100,upi,0,NA,NA,NA,0
100,upi,0,NA,NA,NA,0
100,wallet,0,NA,NA,NA,0
100,card,0,Visa,debit,HDFC,0
100,upi,0,NA,NA,NA,0
100,card,0,Visa,credit,Canara Bank,0
100,netbanking,0,NA,NA,NA,0
100,upi,0,NA,NA,NA,0
100,pay later,0,NA,NA,NA,0
100,upi,0,NA,NA,NA,0
100,netbanking,0,NA,NA,NA,0
100,netbanking,0,NA,NA,NA,0
100,card,0,RuPay,credit,Axis,0
100,upi,0,NA,NA,NA,0
100,upi,0,NA,NA,NA,0
100,wallet,0,NA,NA,NA,0
100,wallet,0,NA,NA,NA,0
100,upi,0,NA,NA,NA,0
100,emi,0,Diners,credit,SBI,0
100,wallet,0,NA,NA,NA,1
100,card,0,Visa,credit,Axis,0
100,wallet,0,NA,NA,NA,0
100,upi,0,NA,NA,NA,0
100,card,0,RuPay,debit,IndusInd,0
100,upi,0,NA,NA,NA,0
100,upi,0,NA,NA,NA,0
100,netbanking,0,NA,NA,NA,0
100,card,0,Visa,credit,HDFC,0
100,upi,0,NA,NA,NA,0
100,upi,0,NA,NA,NA,0
100,upi,0,NA,NA,NA,0
100,emi,0,Discover,debit,Axis,1
100,upi,0,NA,NA,NA,0
100,upi,0,NA,NA,NA,0
100,netbanking,0,NA,NA,NA,1
100,card,0,RuPay,debit,RBL,1
100,upi,0,NA,NA,NA,0
100,pay later,0,NA,NA,NA,0
100,card,0,Mastercard,credit,SBI,0
100,card,0,Discover,prepaid,HDFC,0
100,card,0,RuPay,debit,HDFC,0
100,card,0,Mastercard,credit,RBL,0
100,netbanking,0,NA,NA,NA,0
100,emi,0,Visa,debit,HDFC,0
100,card,0,RuPay,credit,ICICI,0
100,upi,0,NA,NA,NA,0
100,wallet,0,NA,NA,NA,0
100,card,0,Diners,debit,Canara Bank,0
100,wallet,0,NA,NA,NA,0
100,netbanking,0,NA,NA,NA,0
100,wallet,0,NA,NA,NA,0
100,netbanking,0,NA,NA,NA,0
100,netbanking,0,NA,NA,NA,0
100,netbanking,0,NA,NA,NA,0
100,card,0,Mastercard,debit,IDFC First,0
100,upi,0,NA,NA,NA,0
100,card,0,RuPay,credit,Axis,0
100,upi,0,NA,NA,NA,0
100,netbanking,0,NA,NA,NA,0
100,card,0,RuPay,credit,IndusInd,0
100,emi,0,Mastercard,credit,Axis,1
100,netbanking,0,NA,NA,NA,0
100,card,0,Mastercard,prepaid,IndusInd,0
100,upi,0,NA,NA,NA,0
100,emi,0,American Express,credit,ICICI,0
100,card,0,American Express,debit,SBI,0
100,card,0,RuPay,prepaid,HDFC,0
100,netbanking,0,NA,NA,NA,0
100,wallet,0,NA,NA,NA,0
100,upi,0,NA,NA,NA,0
100,upi,0,NA,NA,NA,0
100,card,0,Visa,credit,Federal Bank,0
100,upi,0,NA,NA,NA,0
100,emi,0,Discover,credit,HDFC,0
100,card,0,RuPay,debit,SBI,0
100,card,0,Visa,debit,Kotak Mahindra,0
100,card,0,Visa,credit,Canara Bank,0
100,wallet,0,NA,NA,NA,0
100,wallet,0,NA,NA,NA,0
100,upi,0,NA,NA,NA,0
100,pay later,0,NA,NA,NA,0
100,card,0,Discover,debit,ICICI,0
100,card,0,Mastercard,debit,Axis,0
100,netbanking,0,NA,NA,NA,0
100,netbanking,0,NA,NA,NA,0
100,card,0,RuPay,debit,Yes Bank,0
100,emi,0,Visa,credit,HDFC,0
100,card,0,American Express,credit,Axis,0
100,emi,0,Mastercard,debit,HDFC,0
100,card,0,Visa,credit,Punjab National Bank,0
100,upi,0,NA,NA,NA,0
100,card,0,Visa,credit,Bank of Baroda,0
100,wallet,0,NA,NA,NA,0
100,card,0,Mastercard,credit,IndusInd,1
100,upi,0,NA,NA,NA,1
100,upi,0,NA,NA,NA,1
100,card,0,American Express,debit,IDFC First,0
100,card,0,Visa,credit,Bank of Baroda,0
100,wallet,0,NA,NA,NA,0
100,upi,0,NA,NA,NA,0
100,card,0,American Express,credit,Axis,1
100,wallet,0,NA,NA,NA,0
100,wallet,0,NA,NA,NA,0
100,upi,0,NA,NA,NA,0
100,upi,0,NA,NA,NA,0
100,netbanking,0,NA,NA,NA,0
100,netbanking,0,NA,NA,NA,0
100,card,0,RuPay,debit,SBI,0
100,card,0,Mastercard,credit,Axis,0
100,card,0,RuPay,credit,SBI,0
100,upi,0,NA,NA,NA,0
100,card,0,RuPay,debit,RBL,0
100,upi,0,NA,NA,NA,0
100,card,0,Visa,credit,Axis,0
100,card,0,Visa,credit,ICICI,0
100,upi,0,NA,NA,NA,0
100,upi,0,NA,NA,NA,0
100,card,0,Mastercard,credit,Axis,0
100,card,0,Diners,credit,Axis,0
100,upi,0,NA,NA,NA,0
100,upi,0,NA,NA,NA,0
100,card,0,RuPay,debit,IndusInd,0
100,upi,0,NA,NA,NA,0
100,netbanking,0,NA,NA,NA,0
100,card,0,RuPay,prepaid,HDFC,1
100,wallet,0,NA,NA,NA,0
100,upi,0,NA,NA,NA,0
100,card,0,Visa,debit,SBI,0
100,card,0,Discover,credit,ICICI,0
100,upi,0,NA,NA,NA,0
100,card,0,Diners,debit,Kotak Mahindra,0
100,upi,0,NA,NA,NA,0
100,card,0,Mastercard,debit,Axis,0
100,emi,0,Visa,debit,ICICI,0
100,card,0,Mastercard,debit,SBI,0
100,card,0,American Express,credit,SBI,0
100,card,0,RuPay,credit,Indian Bank,0
100,upi,0,NA,NA,NA,0
100,upi,0,NA,NA,NA,1
100,upi,0,NA,NA,NA,0
100,emi,0,Visa,debit,Federal Bank,0
100,upi,0,NA,NA,NA,0
100,pay later,0,NA,NA,NA,0
100,upi,0,NA,NA,NA,0
100,upi,0,NA,NA,NA,0
100,card,0,Mastercard,credit,IDFC First,0
100,upi,0,NA,NA,NA,0
100,upi,0,NA,NA,NA,0
100,pay later,0,NA,NA,NA,0
100,card,0,Mastercard,debit,Axis,0
100,pay later,0,NA,NA,NA,0
100,wallet,0,NA,NA,NA,1
100,card,0,RuPay,debit,SBI,0
100,card,0,Discover,credit,HDFC,0
100,netbanking,0,NA,NA,NA,0
100,card,0,RuPay,credit,Union Bank,0
100,upi,0,NA,NA,NA,0
100,card,0,Mastercard,credit,RBL,0
100,card,0,Visa,credit,IndusInd,1
100,emi,0,Mastercard,credit,RBL,0
100,card,0,Discover,credit,SBI,0
100,wallet,0,NA,NA,NA,0
100,card,0,Visa,debit,HDFC,0
100,card,0,Mastercard,debit,IndusInd,0
100,card,0,Visa,credit,HDFC,0
100,upi,0,NA,NA,NA,0
100,upi,0,NA,NA,NA,0
100,upi,0,NA,NA,NA,0
100,pay later,0,NA,NA,NA,1
100,upi,0,NA,NA,NA,0
100,wallet,0,NA,NA,NA,0
100,card,0,Discover,credit,HDFC,0
100,netbanking,0,NA,NA,NA,0
100,upi,0,NA,NA,NA,0
100,card,0,Diners,credit,SBI,0
100,card,0,Mastercard,prepaid,Bank of Baroda,0
100,upi,0,NA,NA,NA,0
100,upi,0,NA,NA,NA,1
100,pay later,0,NA,NA,NA,0
100,card,0,Visa,credit,HDFC,0
100,wallet,0,NA,NA,NA,0
100,upi,0,NA,NA,NA,0
100,upi,0,NA,NA,NA,0
100,upi,0,NA,NA,NA,0
100,upi,0,NA,NA,NA,0
100,upi,0,NA,NA,NA,0
100,card,0,Discover,debit,Indian Bank,0
100,upi,0,NA,NA,NA,0
100,upi,0,NA,NA,NA,0
100,pay later,0,NA,NA,NA,0
100,wallet,0,NA,NA,NA,0
100,upi,0,NA,NA,NA,0
100,emi,0,Visa,prepaid,IndusInd,0
100,netbanking,0,NA,NA,NA,0
100,upi,0,NA,NA,NA,0
100,upi,0,NA,NA,NA,0
100,wallet,0,NA,NA,NA,0
100,emi,0,Discover,debit,RBL,0
100,card,0,Visa,debit,Axis,0
100,emi,0,Visa,debit,HDFC,0
100,card,0,Mastercard,debit,Federal Bank,0
100,emi,0,Mastercard,debit,Axis,0
100,card,0,Visa,credit,HDFC,0
100,upi,0,NA,NA,NA,0
100,wallet,0,NA,NA,NA,0
100,upi,0,NA,NA,NA,0
100,upi,0,NA,NA,NA,0
100,upi,0,NA,NA,NA,0
100,card,0,RuPay,debit,HDFC,0
100,card,0,Mastercard,debit,Kotak Mahindra,0
100,card,0,Diners,credit,ICICI,0
100,card,0,Mastercard,debit,SBI,0
100,wallet,0,NA,NA,NA,1
100,emi,0,Mastercard,credit,IndusInd,0
100,upi,0,NA,NA,NA,0
100,card,0,Diners,prepaid,Axis,1
100,upi,0,NA,NA,NA,0
100,card,0,Mastercard,debit,IndusInd,0
100,upi,0,NA,NA,NA,0
100,upi,0,NA,NA,NA,1
100,pay later,0,NA,NA,NA,0
100,upi,0,NA,NA,NA,0
100,netbanking,0,NA,NA,NA,0
100,upi,0,NA,NA,NA,0
100,netbanking,0,NA,NA,NA,0
100,upi,0,NA,NA,NA,0
100,upi,0,NA,NA,NA,0
100,upi,0,NA,NA,NA,0
100,card,0,RuPay,credit,SBI,0
100,upi,0,NA,NA,NA,0
100,wallet,0,NA,NA,NA,0
100,emi,0,American Express,credit,Bank of Baroda,0
100,wallet,0,NA,NA,NA,0
100,upi,0,NA,NA,NA,0
100,netbanking,0,NA,NA,NA,0
100,pay later,0,NA,NA,NA,0
100,netbanking,0,NA,NA,NA,0
100,card,0,RuPay,debit,Federal Bank,0
100,emi,0,Visa,debit,Axis,0
100,upi,0,NA,NA,NA,0
100,upi,0,NA,NA,NA,0
100,upi,0,NA,NA,NA,0
100,card,0,Mastercard,debit,HDFC,0
100,upi,0,NA,NA,NA,0
100,card,0,Visa,debit,Bank of Baroda,0
100,card,0,American Express,credit,SBI,0
100,pay later,0,NA,NA,NA,0
100,netbanking,0,NA,NA,NA,0
100,card,0,Mastercard,credit,HDFC,0
100,card,0,Mastercard,credit,Axis,0
100,pay later,0,NA,NA,NA,0
100,upi,0,NA,NA,NA,0
100,card,0,RuPay,debit,Axis,0
100,emi,0,Mastercard,credit,SBI,0
100,netbanking,0,NA,NA,NA,0
100,emi,0,American Express,prepaid,ICICI,0
100,netbanking,0,NA,NA,NA,1
100,card,0,Visa,credit,Axis,0
100,card,0,Visa,credit,SBI,0
100,pay later,0,NA,NA,NA,0
100,card,0,Visa,debit,IndusInd,0
100,wallet,0,NA,NA,NA,0
100,card,0,RuPay,debit,Axis,0
100,wallet,0,NA,NA,NA,0
100,wallet,0,NA,NA,NA,0
100,upi,0,NA,NA,NA,0
100,upi,0,NA,NA,NA,0
100,emi,0,Visa,debit,Axis,0
100,wallet,0,NA,NA,NA,0
100,card,0,Discover,credit,Axis,0
100,netbanking,0,NA,NA,NA,0
100,card,0,American Express,debit,Kotak Mahindra,1
100,upi,0,NA,NA,NA,0
100,card,0,American Express,debit,ICICI,0
100,wallet,0,NA,NA,NA,0
100,card,0,Visa,prepaid,Yes Bank,0
100,card,0,RuPay,credit,HDFC,0
100,card,0,Visa,debit,HDFC,0
100,upi,0,NA,NA,NA,0
100,card,0,Visa,debit,SBI,0
100,card,0,Mastercard,credit,HDFC,0
100,upi,0,NA,NA,NA,0
100,card,0,Visa,debit,SBI,0
100,netbanking,0,NA,NA,NA,0
100,card,0,Diners,debit,HDFC,0
100,card,0,Visa,credit,Kotak Mahindra,0
100,wallet,0,NA,NA,NA,0
100,upi,0,NA,NA,NA,0
100,pay later,0,NA,NA,NA,0
100,card,0,Visa,credit,ICICI,0
100,upi,0,NA,NA,NA,1
100,card,0,Visa,credit,ICICI,0
100,netbanking,0,NA,NA,NA,0
100,upi,0,NA,NA,NA,0
100,card,0,Mastercard,credit,Bank of Baroda,0
100,emi,0,Mastercard,debit,Bank of Baroda,0
100,wallet,0,NA,NA,NA,0
100,card,0,Diners,debit,Bank of Baroda,0
100,upi,0,NA,NA,NA,0
100,emi,0,American Express,credit,Federal Bank,1
100,pay later,0,NA,NA,NA,0
100,upi,0,NA,NA,NA,0
100,upi,0,NA,NA,NA,1
100,upi,0,NA,NA,NA,0
100,card,0,Mastercard,debit,HDFC,0
100,upi,0,NA,NA,NA,0
100,card,0,Mastercard,debit,Axis,0
100,netbanking,0,NA,NA,NA,0
100,upi,0,NA,NA,NA,0
100,upi,0,NA,NA,NA,0
100,card,0,Mastercard,credit,ICICI,0
100,upi,0,NA,NA,NA,0
100,card,0,Discover,credit,SBI,0
100,card,0,Mastercard,debit,ICICI,0
100,upi,0,NA,NA,NA,1
100,upi,0,NA,NA,NA,0
100,wallet,0,NA,NA,NA,0
100,netbanking,0,NA,NA,NA,0
100,emi,0,Mastercard,credit,ICICI,0
100,upi,0,NA,NA,NA,1
100,card,0,Visa,debit,RBL,0
100,card,0,RuPay,debit,SBI,0
100,emi,0,Visa,credit,RBL,1
100,wallet,0,NA,NA,NA,0
100,upi,0,NA,NA,NA,0
100,upi,0,NA,NA,NA,0
100,emi,0,Visa,credit,Axis,0
100,upi,0,NA,NA,NA,0
100,upi,0,NA,NA,NA,0
100,pay later,0,NA,NA,NA,1
100,upi,0,NA,NA,NA,0
100,card,0,American Express,credit,Kotak Mahindra,0
100,card,0,Mastercard,debit,IDFC First,0
100,card,0,Mastercard,credit,SBI,0
100,netbanking,0,NA,NA,NA,0
100,card,0,RuPay,prepaid,IDFC First,0
100,upi,0,NA,NA,NA,0
100,upi,0,NA,NA,NA,0
100,card,0,Mastercard,credit,Axis,0
100,upi,0,NA,NA,NA,0
100,netbanking,0,NA,NA,NA,0
100,upi,0,NA,NA,NA,0
100,card,0,Visa,debit,Kotak Mahindra,0
100,upi,0,NA,NA,NA,0
100,card,0,Mastercard,debit,Kotak Mahindra,0
100,netbanking,0,NA,NA,NA,0
100,card,0,RuPay,credit,RBL,1
100,card,0,American Express,debit,HDFC,0
100,upi,0,NA,NA,NA,0
100,upi,0,NA,NA,NA,0
100,card,0,RuPay,debit,SBI,0
100,upi,0,NA,NA,NA,0
100,emi,0,Mastercard,credit,IndusInd,0
100,card,0,Visa,debit,Kotak Mahindra,0
100,upi,0,NA,NA,NA,0
100,emi,0,Mastercard,credit,Federal Bank,0
100,card,0,Discover,credit,SBI,0
100,card,0,Visa,credit,Kotak Mahindra,1
100,upi,0,NA,NA,NA,0
100,wallet,0,NA,NA,NA,0
100,card,0,RuPay,credit,Kotak Mahindra,0
100,upi,0,NA,NA,NA,0
100,card,0,Visa,debit,SBI,0
100,card,0,Mastercard,prepaid,Union Bank,0
100,upi,0,NA,NA,NA,0
100,netbanking,0,NA,NA,NA,0
100,card,0,Discover,credit,RBL,0
100,pay later,0,NA,NA,NA,0
100,card,0,RuPay,credit,Yes Bank,0
100,wallet,0,NA,NA,NA,0
100,upi,0,NA,NA,NA,0
100,upi,0,NA,NA,NA,0
100,netbanking,0,NA,NA,NA,0
100,card,0,Mastercard,credit,HDFC,0
100,card,0,Visa,debit,Kotak Mahindra,0
100,upi,0,NA,NA,NA,0
100,upi,0,NA,NA,NA,0
100,pay later,0,NA,NA,NA,0
100,wallet,0,NA,NA,NA,0
100,card,0,Mastercard,credit,SBI,0
100,card,0,Visa,credit,HDFC,0
100,upi,0,NA,NA,NA,0
100,upi,0,NA,NA,NA,0
100,card,0,Visa,debit,HDFC,0
100,netbanking,0,NA,NA,NA,0
100,upi,0,NA,NA,NA,0
100,netbanking,0,NA,NA,NA,0
100,card,0,Mastercard,credit,Federal Bank,0
100,wallet,0,NA,NA,NA,0
100,card,0,RuPay,credit,HDFC,0
100,wallet,0,NA,NA,NA,0
100,card,0,Mastercard,debit,Canara Bank,0
100,upi,0,NA,NA,NA,0
100,card,0,Visa,prepaid,Kotak Mahindra,0
100,pay later,0,NA,NA,NA,0
100,card,0,Visa,debit,SBI,0
100,netbanking,0,NA,NA,NA,0
100,card,0,Visa,debit,IDFC First,0
100,netbanking,0,NA,NA,NA,0
100,card,0,Visa,credit,IndusInd,0
100,card,0,Mastercard,debit,Kotak Mahindra,0
100,netbanking,0,NA,NA,NA,0
100,upi,0,NA,NA,NA,0
100,card,0,Mastercard,debit,ICICI,0
100,pay later,0,NA,NA,NA,0
100,upi,0,NA,NA,NA,0
100,netbanking,0,NA,NA,NA,0
100,upi,0,NA,NA,NA,0
100,upi,0,NA,NA,NA,0
100,card,0,Visa,debit,ICICI,0
100,card,0,Diners,debit,Kotak Mahindra,0
100,upi,0,NA,NA,NA,0
100,card,0,Visa,credit,Axis,0
100,upi,0,NA,NA,NA,0
100,upi,0,NA,NA,NA,0
100,emi,0,Visa,credit,SBI,0
100,card,0,Mastercard,credit,HDFC,0
100,card,0,RuPay,credit,IDFC First,1
100,upi,0,NA,NA,NA,0
100,emi,0,Mastercard,debit,HDFC,0
100,card,0,Diners,credit,HDFC,0
100,card,0,Mastercard,debit,Axis,0
100,card,0,RuPay,debit,RBL,0
100,card,0,Mastercard,credit,Yes Bank,0
100,upi,0,NA,NA,NA,0
100,upi,0,NA,NA,NA,0
100,pay later,0,NA,NA,NA,0
100,pay later,0,NA,NA,NA,0
100,netbanking,0,NA,NA,NA,0
100,upi,0,NA,NA,NA,0
100,upi,0,NA,NA,NA,1
100,emi,0,Visa,credit,Kotak Mahindra,0
100,upi,0,NA,NA,NA,0
100,upi,0,NA,NA,NA,0
100,upi,0,NA,NA,NA,0
100,card,0,RuPay,credit,Axis,0
100,upi,0,NA,NA,NA,0
100,upi,0,NA,NA,NA,0
100,card,0,Visa,debit,Yes Bank,0
100,card,0,Mastercard,credit,IDFC First,0
100,card,0,Mastercard,debit,IDFC First,0
100,netbanking,0,NA,NA,NA,0
100,netbanking,0,NA,NA,NA,0
100,upi,0,NA,NA,NA,0
100,card,0,Visa,credit,Yes Bank,0
100,netbanking,0,NA,NA,NA,0
100,upi,0,NA,NA,NA,0
100,wallet,0,NA,NA,NA,0
100,card,0,Visa,debit,HDFC,0
100,upi,0,NA,NA,NA,0
100,upi,0,NA,NA,NA,0
100,upi,0,NA,NA,NA,0
100,upi,0,NA,NA,NA,0
100,card,0,Diners,credit,Punjab National Bank,1
100,upi,0,NA,NA,NA,0
100,emi,0,American Express,credit,Axis,0
100,card,0,American Express,credit,Union Bank,0
100,card,0,Visa,debit,IDFC First,0
100,pay later,0,NA,NA,NA,0
100,card,0,American Express,debit,Union Bank,0
100,upi,0,NA,NA,NA,0
100,upi,0,NA,NA,NA,0
100,upi,0,NA,NA,NA,1
100,upi,0,NA,NA,NA,0
100,card,0,RuPay,credit,HDFC,0
100,netbanking,0,NA,NA,NA,0
100,card,0,Visa,credit,SBI,0
100,upi,0,NA,NA,NA,0
100,upi,0,NA,NA,NA,0
100,upi,0,NA,NA,NA,0
100,netbanking,0,NA,NA,NA,0
100,card,0,RuPay,debit,ICICI,0
100,upi,0,NA,NA,NA,0
100,pay later,0,NA,NA,NA,0
100,emi,0,Visa,credit,Bank of Baroda,0
100,wallet,0,NA,NA,NA,0
100,card,0,RuPay,credit,HDFC,0
100,netbanking,0,NA,NA,NA,0
100,upi,0,NA,NA,NA,0
100,upi,0,NA,NA,NA,0
100,card,0,RuPay,credit,IndusInd,0
100,upi,0,NA,NA,NA,0
100,upi,0,NA,NA,NA,0
100,card,0,Visa,debit,HDFC,0
100,wallet,0,NA,NA,NA,0
100,upi,0,NA,NA,NA,0
100,upi,0,NA,NA,NA,0
100,card,0,Visa,credit,Axis,0
100,upi,0,NA,NA,NA,0
100,upi,0,NA,NA,NA,0
100,wallet,0,NA,NA,NA,0
100,card,0,RuPay,credit,Kotak Mahindra,0
100,card,0,American Express,credit,Punjab National Bank,0
100,card,0,RuPay,credit,RBL,0
100,netbanking,0,NA,NA,NA,0
100,emi,0,Visa,debit,HDFC,0
100,card,0,Discover,credit,Axis,0
100,netbanking,0,NA,NA,NA,0
100,card,0,Diners,debit,Canara Bank,0
100,card,0,Visa,debit,SBI,0
100,upi,0,NA,NA,NA,0
100,upi,0,NA,NA,NA,0
100,card,0,Mastercard,credit,HDFC,0
100,card,0,Mastercard,credit,Axis,0
100,netbanking,0,NA,NA,NA,0
100,card,0,Mastercard,credit,ICICI,0
100,upi,0,NA,NA,NA,0
100,upi,0,NA,NA,NA,0
100,upi,0,NA,NA,NA,0
100,netbanking,0,NA,NA,NA,0
100,wallet,0,NA,NA,NA,0
100,emi,0,Discover,credit,ICICI,0
100,card,0,Diners,debit,HDFC,0
100,upi,0,NA,NA,NA,0
100,upi,0,NA,NA,NA,0
100,card,0,Discover,debit,Axis,0
100,upi,0,NA,NA,NA,0
100,card,0,Mastercard,credit,IDFC First,0
100,card,0,Discover,credit,ICICI,0
100,card,0,Mastercard,credit,SBI,1
100,upi,0,NA,NA,NA,0
100,upi,0,NA,NA,NA,0
100,card,0,Visa,credit,SBI,0
100,wallet,0,NA,NA,NA,0
100,upi,0,NA,NA,NA,0
100,card,0,Mastercard,debit,SBI,0
100,netbanking,0,NA,NA,NA,0
100,emi,0,Mastercard,credit,Kotak Mahindra,0
100,card,0,Mastercard,debit,Federal Bank,0
100,emi,0,Mastercard,credit,ICICI,0
100,upi,0,NA,NA,NA,0
100,netbanking,0,NA,NA,NA,0
100,upi,0,NA,NA,NA,0
100,upi,0,NA,NA,NA,0
100,upi,0,NA,NA,NA,0
100,card,0,RuPay,debit,Canara Bank,0
100,pay later,0,NA,NA,NA,0
100,upi,0,NA,NA,NA,0
100,upi,0,NA,NA,NA,0
100,card,0,Mastercard,credit,Axis,0
100,card,0,Visa,debit,Kotak Mahindra,0
100,upi,0,NA,NA,NA,0
100,pay later,0,NA,NA,NA,1
100,netbanking,0,NA,NA,NA,0
100,upi,0,NA,NA,NA,0
100,netbanking,0,NA,NA,NA,0
100,upi,0,NA,NA,NA,0
100,pay later,0,NA,NA,NA,0
100,upi,0,NA,NA,NA,0
100,netbanking,0,NA,NA,NA,0
100,card,0,Mastercard,prepaid,HDFC,0
100,netbanking,0,NA,NA,NA,0
100,upi,0,NA,NA,NA,1
100,upi,0,NA,NA,NA,0
100,netbanking,0,NA,NA,NA,0
100,netbanking,0,NA,NA,NA,0
100,netbanking,0,NA,NA,NA,0
100,upi,0,NA,NA,NA,1
100,upi,0,NA,NA,NA,0
100,upi,0,NA,NA,NA,0
100,card,0,RuPay,credit,Kotak Mahindra,0
100,emi,0,Mastercard,debit,Axis,0
100,card,0,Visa,credit,ICICI,0
100,upi,0,NA,NA,NA,0
100,emi,0,Mastercard,credit,SBI,0
100,emi,0,RuPay,debit,IndusInd,0
100,netbanking,0,NA,NA,NA,0
100,upi,0,NA,NA,NA,0
100,card,0,American Express,debit,Indian Bank,0
100,netbanking,0,NA,NA,NA,0
100,emi,0,Mastercard,debit,HDFC,0
100,card,0,Mastercard,debit,Axis,0
100,upi,0,NA,NA,NA,0
100,wallet,0,NA,NA,NA,1
100,card,0,Visa,prepaid,Indian Bank,0
100,emi,0,Visa,debit,Kotak Mahindra,0
100,upi,0,NA,NA,NA,0
100,upi,0,NA,NA,NA,0
100,upi,0,NA,NA,NA,0
100,upi,0,NA,NA,NA,0
100,wallet,0,NA,NA,NA,0
100,card,0,Visa,credit,HDFC,1
100,netbanking,0,NA,NA,NA,0
100,upi,0,NA,NA,NA,0
100,wallet,0,NA,NA,NA,1
100,emi,0,RuPay,credit,HDFC,0
100,netbanking,0,NA,NA,NA,0
100,card,0,Mastercard,debit,Union Bank,0
100,emi,0,Visa,credit,Kotak Mahindra,0
100,wallet,0,NA,NA,NA,0
100,upi,0,NA,NA,NA,0
100,netbanking,0,NA,NA,NA,0
100,wallet,0,NA,NA,NA,0
100,card,0,RuPay,credit,Union Bank,0
100,upi,0,NA,NA,NA,0
100,upi,0,NA,NA,NA,0
100,pay later,0,NA,NA,NA,0
100,wallet,0,NA,NA,NA,0
100,upi,0,NA,NA,NA,0
100,card,0,Visa,credit,Canara Bank,0
100,card,0,American Express,credit,HDFC,0
100,upi,0,NA,NA,NA,0
100,card,0,Mastercard,credit,SBI,0
100,upi,0,NA,NA,NA,0
100,upi,0,NA,NA,NA,0
100,card,0,Mastercard,debit,HDFC,0
100,upi,0,NA,NA,NA,0
100,upi,0,NA,NA,NA,0
100,card,0,Visa,debit,ICICI,0
100,card,0,Visa,debit,ICICI,0
100,card,0,Mastercard,credit,IndusInd,1
100,card,0,Mastercard,credit,SBI,0
100,netbanking,0,NA,NA,NA,0
100,wallet,0,NA,NA,NA,0
100,card,0,Visa,credit,SBI,0
100,upi,0,NA,NA,NA,0
100,wallet,0,NA,NA,NA,0
100,upi,0,NA,NA,NA,0
100,card,0,Mastercard,debit,IDFC First,1
100,card,0,Diners,credit,HDFC,0
100,upi,0,NA,NA,NA,0
100,upi,0,NA,NA,NA,1
100,netbanking,0,NA,NA,NA,1
100,netbanking,0,NA,NA,NA,0
100,upi,0,NA,NA,NA,0
100,netbanking,0,NA,NA,NA,0
100,netbanking,0,NA,NA,NA,0
100,upi,0,NA,NA,NA,1
100,upi,0,NA,NA,NA,0
100,upi,0,NA,NA,NA,0
100,wallet,0,NA,NA,NA,0
100,upi,0,NA,NA,NA,0
100,card,0,Visa,credit,ICICI,0
100,netbanking,0,NA,NA,NA,0
100,wallet,0,NA,NA,NA,0
100,upi,0,NA,NA,NA,1
100,upi,0,NA,NA,NA,0
100,upi,0,NA,NA,NA,0
100,upi,0,NA,NA,NA,0
100,emi,0,American Express,credit,ICICI,0
100,card,0,Mastercard,credit,Bank of Baroda,0
100,card,0,Visa,credit,Axis,0
100,upi,0,NA,NA,NA,0
100,card,0,Visa,credit,ICICI,1
100,card,0,RuPay,debit,HDFC,0
100,upi,0,NA,NA,NA,0
100,card,0,Visa,credit,IDFC First,0
100,upi,0,NA,NA,NA,0
100,upi,0,NA,NA,NA,0
100,netbanking,0,NA,NA,NA,0
100,upi,0,NA,NA,NA,1
100,card,0,American Express,credit,IndusInd,0
100,upi,0,NA,NA,NA,0
100,wallet,0,NA,NA,NA,0
100,netbanking,0,NA,NA,NA,0
100,pay later,0,NA,NA,NA,0
100,emi,0,American Express,credit,RBL,1
100,upi,0,NA,NA,NA,0
100,upi,0,NA,NA,NA,0
100,netbanking,0,NA,NA,NA,0
100,card,0,Visa,credit,ICICI,0
100,upi,0,NA,NA,NA,0
100,card,0,Visa,credit,IndusInd,0
100,netbanking,0,NA,NA,NA,0
100,upi,0,NA,NA,NA,0
100,upi,0,NA,NA,NA,0
100,card,0,RuPay,credit,Kotak Mahindra,0
100,upi,0,NA,NA,NA,0
100,upi,0,NA,NA,NA,0
100,upi,0,NA,NA,NA,0
100,upi,0,NA,NA,NA,0
100,netbanking,0,NA,NA,NA,0
100,card,0,Discover,credit,Yes Bank,0
100,card,0,American Express,credit,SBI,0
100,upi,0,NA,NA,NA,0
100,upi,0,NA,NA,NA,0
100,card,0,Mastercard,debit,SBI,0
100,wallet,0,NA,NA,NA,0
100,wallet,0,NA,NA,NA,1
100,emi,0,Visa,debit,ICICI,0
100,wallet,0,NA,NA,NA,0
100,upi,0,NA,NA,NA,0
100,upi,0,NA,NA,NA,0
100,card,0,RuPay,prepaid,Axis,0
100,netbanking,0,NA,NA,NA,0
100,upi,0,NA,NA,NA,0
100,upi,0,NA,NA,NA,0
100,upi,0,NA,NA,NA,0
100,emi,0,Visa,debit,ICICI,0
100,upi,0,NA,NA,NA,0
100,wallet,0,NA,NA,NA,0
100,upi,0,NA,NA,NA,0
100,emi,0,Diners,credit,Yes Bank,0
100,emi,0,Visa,credit,HDFC,0
100,upi,0,NA,NA,NA,0
100,upi,0,NA,NA,NA,0
100,wallet,0,NA,NA,NA,0
100,card,0,RuPay,credit,HDFC,0
100,card,0,RuPay,debit,ICICI,0
100,card,0,Mastercard,debit,Bank of Baroda,0
100,upi,0,NA,NA,NA,0
100,upi,0,NA,NA,NA,0
100,upi,0,NA,NA,NA,0
100,card,0,Mastercard,debit,Axis,0
100,upi,0,NA,NA,NA,0
100,card,0,RuPay,debit,SBI,0
100,card,0,Visa,debit,SBI,0
100,card,0,Visa,debit,RBL,0
100,card,0,Visa,debit,RBL,0
100,pay later,0,NA,NA,NA,0
100,upi,0,NA,NA,NA,1
100,upi,0,NA,NA,NA,0
100,upi,0,NA,NA,NA,0
100,wallet,0,NA,NA,NA,0
100,upi,0,NA,NA,NA,0
100,card,0,Visa,credit,Yes Bank,0
100,card,0,Visa,prepaid,Canara Bank,0
100,netbanking,0,NA,NA,NA,0
100,wallet,0,NA,NA,NA,0
100,upi,0,NA,NA,NA,0
100,upi,0,NA,NA,NA,0
100,pay later,0,NA,NA,NA,0
100,upi,0,NA,NA,NA,0
100,pay later,0,NA,NA,NA,0
100,upi,0,NA,NA,NA,0
100,upi,0,NA,NA,NA,0
100,netbanking,0,NA,NA,NA,0
100,netbanking,0,NA,NA,NA,0
100,card,0,Visa,debit,Kotak Mahindra,0
100,upi,0,NA,NA,NA,0
100,upi,0,NA,NA,NA,1
100,upi,0,NA,NA,NA,0
100,netbanking,0,NA,NA,NA,0
100,upi,0,NA,NA,NA,0
100,netbanking,0,NA,NA,NA,0
100,card,0,Visa,debit,RBL,0
100,card,0,American Express,credit,HDFC,0
100,card,0,Mastercard,debit,HDFC,0
100,card,0,Mastercard,debit,Union Bank,0
100,pay later,0,NA,NA,NA,0
100,emi,0,Mastercard,credit,HDFC,0
100,netbanking,0,NA,NA,NA,0
100,upi,0,NA,NA,NA,0
100,card,0,Visa,credit,HDFC,0
100,emi,0,RuPay,credit,Bank of Baroda,0
100,emi,0,Visa,credit,Axis,1
100,upi,0,NA,NA,NA,0
100,upi,0,NA,NA,NA,0
100,emi,0,Mastercard,debit,ICICI,0
100,card,0,RuPay,debit,SBI,0
100,emi,0,Diners,debit,Kotak Mahindra,0
100,card,0,Mastercard,credit,Federal Bank,0
100,upi,0,NA,NA,NA,0
100,card,0,Visa,credit,ICICI,0
100,pay later,0,NA,NA,NA,0
100,emi,0,Mastercard,debit,Bank of Baroda,0
100,wallet,0,NA,NA,NA,0
100,netbanking,0,NA,NA,NA,0
100,upi,0,NA,NA,NA,0
100,wallet,0,NA,NA,NA,0
100,wallet,0,NA,NA,NA,1
100,upi,0,NA,NA,NA,0
100,pay later,0,NA,NA,NA,1
100,card,0,Visa,debit,ICICI,0
100,upi,0,NA,NA,NA,0
100,pay later,0,NA,NA,NA,0
100,card,0,RuPay,debit,Federal Bank,1
100,wallet,0,NA,NA,NA,0
100,card,0,Mastercard,credit,RBL,0
100,netbanking,0,NA,NA,NA,0
100,card,0,Mastercard,credit,Axis,0
100,upi,0,NA,NA,NA,0
100,wallet,0,NA,NA,NA,0
100,card,0,Visa,credit,Axis,0
100,upi,0,NA,NA,NA,0
100,emi,0,Visa,credit,IDFC First,0
100,wallet,0,NA,NA,NA,0
100,netbanking,0,NA,NA,NA,0
100,pay later,0,NA,NA,NA,0
100,upi,0,NA,NA,NA,0
100,upi,0,NA,NA,NA,0
100,upi,0,NA,NA,NA,0
100,emi,0,Diners,debit,HDFC,1
100,card,0,RuPay,debit,Axis,0
100,wallet,0,NA,NA,NA,0
100,upi,0,NA,NA,NA,0
100,card,0,Visa,credit,SBI,0
100,pay later,0,NA,NA,NA,0
100,wallet,0,NA,NA,NA,0
100,card,0,Diners,debit,Axis,0
100,netbanking,0,NA,NA,NA,0
100,wallet,0,NA,NA,NA,0
100,upi,0,NA,NA,NA,0
100,wallet,0,NA,NA,NA,0
100,card,0,RuPay,credit,HDFC,0
100,wallet,0,NA,NA,NA,0
100,card,0,Visa,credit,HDFC,0
100,card,0,Visa,credit,Axis,1
100,upi,0,NA,NA,NA,0
100,wallet,0,NA,NA,NA,0
100,upi,0,NA,NA,NA,0
100,netbanking,0,NA,NA,NA,0
100,upi,0,NA,NA,NA,0
100,wallet,0,NA,NA,NA,0
100,emi,0,American Express,debit,SBI,0
100,card,0,RuPay,credit,Kotak Mahindra,0
100,upi,0,NA,NA,NA,0
100,netbanking,0,NA,NA,NA,0
100,wallet,0,NA,NA,NA,0
100,upi,0,NA,NA,NA,0
100,upi,0,NA,NA,NA,0
100,upi,0,NA,NA,NA,0
100,emi,0,Visa,debit,SBI,0
100,netbanking,0,NA,NA,NA,0
100,netbanking,0,NA,NA,NA,0
100,card,0,Visa,credit,Bank of Baroda,1
100,netbanking,0,NA,NA,NA,0
100,upi,0,NA,NA,NA,0
100,upi,0,NA,NA,NA,0
100,upi,0,NA,NA,NA,0
100,upi,0,NA,NA,NA,1
100,card,0,Visa,debit,RBL,1
100,upi,0,NA,NA,NA,0
100,upi,0,NA,NA,NA,0
100,upi,0,NA,NA,NA,0
100,card,0,Mastercard,debit,ICICI,0
100,upi,0,NA,NA,NA,0
100,card,0,Mastercard,credit,Bank of Baroda,0
100,netbanking,0,NA,NA,NA,0
100,card,0,Visa,debit,Yes Bank,0
100,card,0,American Express,debit,ICICI,0
100,emi,0,Visa,credit,RBL,0
100,emi,0,RuPay,debit,Yes Bank,0
100,netbanking,0,NA,NA,NA,0
100,upi,0,NA,NA,NA,0
100,pay later,0,NA,NA,NA,0
100,card,0,Mastercard,debit,ICICI,0
100,upi,0,NA,NA,NA,0
100,card,0,Visa,debit,HDFC,0
100,card,0,American Express,credit,HDFC,0
100,netbanking,0,NA,NA,NA,1
100,card,0,Visa,debit,ICICI,0
100,upi,0,NA,NA,NA,0
100,card,0,Mastercard,credit,IndusInd,0
100,upi,0,NA,NA,NA,0
100,netbanking,0,NA,NA,NA,0
100,upi,0,NA,NA,NA,0
100,upi,0,NA,NA,NA,0
100,card,0,Visa,credit,Kotak Mahindra,0
100,upi,0,NA,NA,NA,0
100,upi,0,NA,NA,NA,0
100,upi,0,NA,NA,NA,0
100,upi,0,NA,NA,NA,0
100,upi,0,NA,NA,NA,0
100,card,0,Mastercard,credit,SBI,0
100,upi,0,NA,NA,NA,0
100,upi,0,NA,NA,NA,0
100,card,0,Visa,prepaid,Federal Bank,0
100,upi,0,NA,NA,NA,1
100,card,0,Mastercard,credit,Federal Bank,0
100,upi,0,NA,NA,NA,0
100,card,0,Visa,debit,SBI,0
100,netbanking,0,NA,NA,NA,0
100,upi,0,NA,NA,NA,0
100,card,0,Mastercard,credit,ICICI,0
100,upi,0,NA,NA,NA,0
100,card,0,Visa,debit,ICICI,0
100,netbanking,0,NA,NA,NA,0
100,card,0,Mastercard,debit,IDFC First,0
100,emi,0,Visa,credit,Axis,0
100,upi,0,NA,NA,NA,0
100,pay later,0,NA,NA,NA,0
100,netbanking,0,NA,NA,NA,0
100,card,0,Visa,debit,SBI,0
100,netbanking,0,NA,NA,NA,1
100,wallet,0,NA,NA,NA,0
100,card,0,Visa,prepaid,SBI,0
100,card,0,Mastercard,credit,Union Bank,0
100,wallet,0,NA,NA,NA,0
100,upi,0,NA,NA,NA,0
100,card,0,Mastercard,credit,ICICI,0
100,upi,0,NA,NA,NA,0
100,upi,0,NA,NA,NA,1
100,wallet,0,NA,NA,NA,0
100,upi,0,NA,NA,NA,0
100,pay later,0,NA,NA,NA,0
100,upi,0,NA,NA,NA,0
100,card,0,Mastercard,debit,IDFC First,0
100,upi,0,NA,NA,NA,0
100,upi,0,NA,NA,NA,0
100,pay later,0,NA,NA,NA,0
100,card,0,Mastercard,debit,ICICI,0
100,netbanking,0,NA,NA,NA,0
100,card,0,RuPay,credit,HDFC,0
100,card,0,Visa,credit,IndusInd,0
100,card,0,Mastercard,debit,HDFC,1
100,card,0,Discover,credit,IndusInd,0
100,upi,0,NA,NA,NA,0
100,card,0,Discover,credit,ICICI,0
100,card,0,American Express,credit,Axis,0
100,netbanking,0,NA,NA,NA,0
100,emi,0,Visa,credit,HDFC,0
100,upi,0,NA,NA,NA,0
100,upi,0,NA,NA,NA,0
100,upi,0,NA,NA,NA,0
100,wallet,0,NA,NA,NA,0
100,upi,0,NA,NA,NA,0
100,card,0,RuPay,credit,HDFC,0
100,card,0,RuPay,credit,Kotak Mahindra,0
100,card,0,Visa,credit,SBI,0
100,upi,0,NA,NA,NA,0
100,card,0,Mastercard,debit,Yes Bank,0
100,card,0,RuPay,credit,ICICI,0
100,netbanking,0,NA,NA,NA,0
100,wallet,0,NA,NA,NA,0
100,upi,0,NA,NA,NA,0
100,upi,0,NA,NA,NA,0
100,netbanking,0,NA,NA,NA,0
100,netbanking,0,NA,NA,NA,0
100,upi,0,NA,NA,NA,0
100,card,0,Visa,debit,Axis,0
100,pay later,0,NA,NA,NA,0
100,card,0,Mastercard,credit,SBI,0
100,upi,0,NA,NA,NA,0
100,card,0,Diners,credit,ICICI,0
100,card,0,Mastercard,debit,Yes Bank,0
100,upi,0,NA,NA,NA,0
100,emi,0,RuPay,credit,ICICI,0
100,emi,0,Diners,debit,Yes Bank,0
100,card,0,RuPay,debit,IDFC First,0
100,card,0,American Express,credit,HDFC,1
100,card,0,American Express,debit,ICICI,0
100,card,0,RuPay,credit,Axis,0
100,netbanking,0,NA,NA,NA,0
100,card,0,Visa,debit,SBI,0
100,card,0,RuPay,credit,SBI,0
100,upi,0,NA,NA,NA,0
100,netbanking,0,NA,NA,NA,0
100,upi,0,NA,NA,NA,0
100,card,0,Visa,credit,ICICI,0
100,upi,0,NA,NA,NA,1
100,card,0,Visa,credit,HDFC,0
100,upi,0,NA,NA,NA,0
100,upi,0,NA,NA,NA,0
100,upi,0,NA,NA,NA,0
100,card,0,RuPay,debit,Axis,0
100,card,0,American Express,debit,IndusInd,0
100,card,0,Visa,debit,Punjab National Bank,0
100,card,0,Visa,debit,HDFC,1
100,wallet,0,NA,NA,NA,0
100,card,0,Diners,credit,ICICI,0
100,card,0,Visa,credit,HDFC,0
100,upi,0,NA,NA,NA,0
100,netbanking,0,NA,NA,NA,0
100,card,0,RuPay,prepaid,Kotak Mahindra,0
100,wallet,0,NA,NA,NA,0
100,upi,0,NA,NA,NA,0
100,card,0,Mastercard,debit,Bank of Baroda,0
100,emi,0,Visa,prepaid,IDFC First,0
100,card,0,Visa,debit,IDFC First,0
100,upi,0,NA,NA,NA,0
100,card,0,Mastercard,credit,Axis,0
100,upi,0,NA,NA,NA,0
100,upi,0,NA,NA,NA,0
100,upi,0,NA,NA,NA,0
100,upi,0,NA,NA,NA,0
100,card,0,Visa,debit,SBI,0
100,card,0,Visa,debit,SBI,0
100,emi,0,Mastercard,debit,SBI,0
100,card,0,Visa,debit,RBL,0
100,card,0,Mastercard,debit,Axis,0
100,emi,0,Diners,credit,HDFC,1
100,upi,0,NA,NA,NA,0
100,card,0,RuPay,credit,Axis,0
100,card,0,Diners,debit,Axis,0
100,card,0,RuPay,credit,Federal Bank,0
100,emi,0,Visa,debit,IndusInd,0
100,netbanking,0,NA,NA,NA,0
100,upi,0,NA,NA,NA,0
100,card,0,Mastercard,credit,Indian Bank,0
100,upi,0,NA,NA,NA,0
100,upi,0,NA,NA,NA,0
100,upi,0,NA,NA,NA,0
100,upi,0,NA,NA,NA,0
100,card,0,Visa,debit,ICICI,0
100,card,0,Diners,credit,Kotak Mahindra,0
100,netbanking,0,NA,NA,NA,0
100,upi,0,NA,NA,NA,0
100,card,0,Mastercard,credit,RBL,0
100,card,0,Visa,credit,SBI,1
100,upi,0,NA,NA,NA,0
100,wallet,0,NA,NA,NA,0
100,upi,0,NA,NA,NA,0
100,upi,0,NA,NA,NA,0
100,emi,0,American Express,debit,Axis,0
100,card,0,Mastercard,credit,Canara Bank,0
100,wallet,0,NA,NA,NA,0
100,card,0,RuPay,debit,Kotak Mahindra,0
100,netbanking,0,NA,NA,NA,0
100,netbanking,0,NA,NA,NA,0
100,wallet,0,NA,NA,NA,0
100,pay later,0,NA,NA,NA,0
100,upi,0,NA,NA,NA,0
100,upi,0,NA,NA,NA,0
100,netbanking,0,NA,NA,NA,1
100,card,0,Visa,credit,SBI,0
100,pay later,0,NA,NA,NA,0
100,card,0,American Express,credit,IDFC First,0
100,wallet,0,NA,NA,NA,1
100,card,0,Mastercard,debit,Federal Bank,0
100,upi,0,NA,NA,NA,0
100,pay later,0,NA,NA,NA,0
100,card,0,American Express,debit,ICICI,0
100,pay later,0,NA,NA,NA,0
100,card,0,Mastercard,debit,HDFC,0
100,card,0,Mastercard,debit,ICICI,0
100,card,0,Discover,debit,Yes Bank,0
100,upi,0,NA,NA,NA,0
100,card,0,Mastercard,credit,Canara Bank,0
100,upi,0,NA,NA,NA,0
100,upi,0,NA,NA,NA,0
100,card,0,Visa,debit,ICICI,0
100,upi,0,NA,NA,NA,0
100,upi,0,NA,NA,NA,0
100,wallet,0,NA,NA,NA,0
100,emi,0,American Express,credit,HDFC,0
100,upi,0,NA,NA,NA,0
100,wallet,0,NA,NA,NA,0
100,upi,0,NA,NA,NA,0
100,card,0,Visa,credit,IDFC First,0
100,card,0,Visa,debit,HDFC,0
100,emi,0,Mastercard,credit,Yes Bank,0
100,card,0,RuPay,credit,RBL,0
100,wallet,0,NA,NA,NA,0
100,netbanking,0,NA,NA,NA,1
100,card,0,Visa,credit,SBI,0
100,upi,0,NA,NA,NA,0
100,upi,0,NA,NA,NA,0
100,wallet,0,NA,NA,NA,0
100,wallet,0,NA,NA,NA,0
100,card,0,RuPay,credit,HDFC,0
100,upi,0,NA,NA,NA,0
100,upi,0,NA,NA,NA,0
100,wallet,0,NA,NA,NA,0
100,upi,0,NA,NA,NA,0
100,netbanking,0,NA,NA,NA,0
100,card,0,Visa,credit,ICICI,1
100,upi,0,NA,NA,NA,0
100,upi,0,NA,NA,NA,0
100,wallet,0,NA,NA,NA,0
100,pay later,0,NA,NA,NA,0
100,wallet,0,NA,NA,NA,1
100,upi,0,NA,NA,NA,0
100,netbanking,0,NA,NA,NA,0
100,pay later,0,NA,NA,NA,0
100,card,0,Mastercard,credit,ICICI,0
100,upi,0,NA,NA,NA,0
100,card,0,Mastercard,debit,Union Bank,0
100,emi,0,Visa,credit,IDFC First,0
100,upi,0,NA,NA,NA,0
100,netbanking,0,NA,NA,NA,0
100,upi,0,NA,NA,NA,0
100,emi,0,American Express,credit,HDFC,0
100,emi,0,Visa,credit,Axis,0
100,card,0,RuPay,credit,Yes Bank,0
100,card,0,Visa,debit,ICICI,0
100,upi,0,NA,NA,NA,0
100,upi,0,NA,NA,NA,0
100,card,0,Diners,credit,Axis,1
100,upi,0,NA,NA,NA,0
100,netbanking,0,NA,NA,NA,0
100,upi,0,NA,NA,NA,0
100,wallet,0,NA,NA,NA,0
100,card,0,Diners,debit,ICICI,0
100,upi,0,NA,NA,NA,0
100,upi,0,NA,NA,NA,0
100,upi,0,NA,NA,NA,0
100,upi,0,NA,NA,NA,0
100,card,0,Discover,debit,Punjab National Bank,0
100,upi,0,NA,NA,NA,0
100,pay later,0,NA,NA,NA,0
100,upi,0,NA,NA,NA,0
100,wallet,0,NA,NA,NA,0
100,card,0,Mastercard,credit,Canara Bank,0
100,wallet,0,NA,NA,NA,0
100,upi,0,NA,NA,NA,0
100,wallet,0,NA,NA,NA,0
100,emi,0,Visa,debit,Indian Bank,0
100,upi,0,NA,NA,NA,0
100,upi,0,NA,NA,NA,0
100,upi,0,NA,NA,NA,0
100,upi,0,NA,NA,NA,0
100,upi,0,NA,NA,NA,0
100,emi,0,Mastercard,debit,SBI,0
100,pay later,0,NA,NA,NA,0
100,upi,0,NA,NA,NA,1
100,upi,0,NA,NA,NA,0
100,upi,0,NA,NA,NA,0
100,upi,0,NA,NA,NA,0
100,card,0,Visa,credit,ICICI,0
100,pay later,0,NA,NA,NA,0
100,card,0,RuPay,credit,Punjab National Bank,0
100,card,0,Visa,credit,Kotak Mahindra,0
100,upi,0,NA,NA,NA,0
100,card,0,RuPay,credit,Axis,0
100,upi,0,NA,NA,NA,0
100,upi,0,NA,NA,NA,0
100,netbanking,0,NA,NA,NA,0
100,upi,0,NA,NA,NA,0
100,wallet,0,NA,NA,NA,0
100,emi,0,Visa,credit,SBI,0
100,upi,0,NA,NA,NA,0
100,upi,0,NA,NA,NA,0
100,wallet,0,NA,NA,NA,0
100,upi,0,NA,NA,NA,0
100,upi,0,NA,NA,NA,0
100,upi,0,NA,NA,NA,0
100,card,0,Visa,debit,Union Bank,0
100,wallet,0,NA,NA,NA,0
100,card,0,RuPay,credit,Kotak Mahindra,0
100,card,0,Visa,credit,Axis,1
100,card,0,RuPay,debit,Punjab National Bank,0
100,card,0,Discover,credit,Axis,0
100,emi,0,Diners,debit,Axis,0
100,upi,0,NA,NA,NA,0
100,emi,0,Visa,debit,ICICI,1
100,card,0,Mastercard,debit,Axis,1
100,netbanking,0,NA,NA,NA,0
100,card,0,Diners,credit,RBL,0
100,emi,0,Visa,credit,Axis,0
100,upi,0,NA,NA,NA,0
100,card,0,Mastercard,prepaid,Bank of Baroda,0
100,upi,0,NA,NA,NA,0
100,card,0,Visa,credit,HDFC,0
100,card,0,Discover,credit,Axis,0
100,upi,0,NA,NA,NA,0
100,wallet,0,NA,NA,NA,1
100,upi,0,NA,NA,NA,0
100,upi,0,NA,NA,NA,0
100,card,0,RuPay,debit,ICICI,0
100,card,0,Visa,debit,RBL,1
100,wallet,0,NA,NA,NA,0
100,upi,0,NA,NA,NA,0
100,pay later,0,NA,NA,NA,0
100,emi,0,Visa,credit,Yes Bank,0
100,wallet,0,NA,NA,NA,1
100,upi,0,NA,NA,NA,0
100,pay later,0,NA,NA,NA,0
100,upi,0,NA,NA,NA,0
100,pay later,0,NA,NA,NA,0
100,upi,0,NA,NA,NA,0
100,upi,0,NA,NA,NA,0
100,upi,0,NA,NA,NA,0
100,wallet,0,NA,NA,NA,0
100,card,0,American Express,debit,Kotak Mahindra,1
100,emi,0,RuPay,debit,SBI,0
100,card,0,Diners,credit,Kotak Mahindra,0
100,upi,0,NA,NA,NA,0
100,netbanking,0,NA,NA,NA,0
100,card,0,American Express,debit,ICICI,0
100,upi,0,NA,NA,NA,0
100,upi,0,NA,NA,NA,0
100,upi,0,NA,NA,NA,0
100,wallet,0,NA,NA,NA,0
100,upi,0,NA,NA,NA,0
100,wallet,0,NA,NA,NA,0
100,pay later,0,NA,NA,NA,0
100,netbanking,0,NA,NA,NA,0
100,card,0,Mastercard,credit,HDFC,1
100,wallet,0,NA,NA,NA,0
100,netbanking,0,NA,NA,NA,0
100,upi,0,NA,NA,NA,0
100,pay later,0,NA,NA,NA,0
100,card,0,Visa,debit,Kotak Mahindra,0
100,upi,0,NA,NA,NA,0
100,card,0,Visa,debit,Kotak Mahindra,0
100,upi,0,NA,NA,NA,0
100,emi,0,Mastercard,credit,HDFC,0
100,wallet,0,NA,NA,NA,0
100,emi,0,Visa,debit,RBL,0
100,netbanking,0,NA,NA,NA,0
100,card,0,Mastercard,debit,Bank of Baroda,0
100,upi,0,NA,NA,NA,0
100,emi,0,Diners,debit,Yes Bank,0
100,card,0,Discover,debit,Indian Bank,0
100,pay later,0,NA,NA,NA,0
100,wallet,0,NA,NA,NA,0
100,card,0,Mastercard,debit,SBI,0
100,wallet,0,NA,NA,NA,0
100,upi,0,NA,NA,NA,0
100,card,0,Discover,credit,HDFC,0
100,card,0,Visa,debit,Axis,0
100,netbanking,0,NA,NA,NA,0
100,netbanking,0,NA,NA,NA,0
100,card,0,Mastercard,debit,RBL,0
100,netbanking,0,NA,NA,NA,1
100,upi,0,NA,NA,NA,0
100,upi,0,NA,NA,NA,0
100,upi,0,NA,NA,NA,0
100,wallet,0,NA,NA,NA,0
100,card,0,RuPay,credit,HDFC,0
100,upi,0,NA,NA,NA,0
100,upi,0,NA,NA,NA,0
100,upi,0,NA,NA,NA,0
100,upi,0,NA,NA,NA,0
100,card,0,Visa,debit,Bank of Baroda,0
100,card,0,Visa,credit,Yes Bank,0
100,upi,0,NA,NA,NA,0
100,card,0,Mastercard,credit,Indian Bank,0
100,netbanking,0,NA,NA,NA,0
100,netbanking,0,NA,NA,NA,0
100,wallet,0,NA,NA,NA,0
100,netbanking,0,NA,NA,NA,0
100,card,0,Visa,credit,RBL,0
100,upi,0,NA,NA,NA,0
100,card,0,Mastercard,credit,SBI,0
100,card,0,Mastercard,credit,SBI,0
100,card,0,Discover,debit,SBI,0
100,card,0,RuPay,debit,Yes Bank,0
100,upi,0,NA,NA,NA,1
100,upi,0,NA,NA,NA,0
100,netbanking,0,NA,NA,NA,0
100,upi,0,NA,NA,NA,0
100,netbanking,0,NA,NA,NA,0
100,upi,0,NA,NA,NA,0
100,upi,0,NA,NA,NA,0
100,emi,0,Diners,debit,Bank of Baroda,0
100,pay later,0,NA,NA,NA,0
100,card,0,American Express,credit,Indian Bank,0
100,card,0,Visa,credit,HDFC,0
100,card,0,Diners,debit,HDFC,0
100,card,0,Mastercard,debit,SBI,0
100,netbanking,0,NA,NA,NA,0
100,card,0,Mastercard,debit,HDFC,0
100,upi,0,NA,NA,NA,0
100,card,0,Mastercard,debit,Yes Bank,0
100,netbanking,0,NA,NA,NA,0
100,card,0,Visa,debit,Axis,0
100,card,0,Diners,debit,HDFC,0
100,pay later,0,NA,NA,NA,1
100,upi,0,NA,NA,NA,0
100,card,0,Visa,credit,Axis,0
100,card,0,RuPay,debit,IndusInd,0
100,emi,0,Visa,debit,HDFC,0
100,upi,0,NA,NA,NA,0
100,wallet,0,NA,NA,NA,0
100,netbanking,0,NA,NA,NA,0
100,upi,0,NA,NA,NA,0
100,card,0,Mastercard,prepaid,Axis,0
100,upi,0,NA,NA,NA,0
100,card,0,Mastercard,prepaid,IDFC First,0
100,upi,0,NA,NA,NA,0
100,card,0,RuPay,credit,Canara Bank,0
100,netbanking,0,NA,NA,NA,1
100,wallet,0,NA,NA,NA,0
100,netbanking,0,NA,NA,NA,0
100,card,0,Mastercard,debit,SBI,0
100,netbanking,0,NA,NA,NA,0
100,upi,0,NA,NA,NA,0
100,wallet,0,NA,NA,NA,0
100,upi,0,NA,NA,NA,0
100,card,0,RuPay,credit,HDFC,0
100,upi,0,NA,NA,NA,0
100,upi,0,NA,NA,NA,0
100,wallet,0,NA,NA,NA,0
100,upi,0,NA,NA,NA,0
100,card,0,Mastercard,debit,Kotak Mahindra,0
100,card,0,Visa,prepaid,ICICI,0
100,card,0,Diners,credit,SBI,0
100,upi,0,NA,NA,NA,0
100,upi,0,NA,NA,NA,0
100,card,0,Visa,credit,IDFC First,0
100,upi,0,NA,NA,NA,0
100,emi,0,American Express,debit,ICICI,0
100,card,0,Visa,credit,IDFC First,0
100,upi,0,NA,NA,NA,0
100,upi,0,NA,NA,NA,0
100,card,0,Mastercard,debit,ICICI,1
100,netbanking,0,NA,NA,NA,0
100,card,0,RuPay,credit,ICICI,0
100,pay later,0,NA,NA,NA,1
100,pay later,0,NA,NA,NA,0
100,card,0,Visa,debit,HDFC,0
100,pay later,0,NA,NA,NA,0
100,card,0,Mastercard,debit,Federal Bank,0
100,upi,0,NA,NA,NA,0
100,pay later,0,NA,NA,NA,0
100,card,0,Visa,credit,Union Bank,0
100,card,0,Visa,credit,Federal Bank,0
100,emi,0,Mastercard,debit,Canara Bank,0
100,upi,0,NA,NA,NA,0
100,card,0,Mastercard,credit,Axis,0
100,upi,0,NA,NA,NA,0
100,card,0,Mastercard,credit,Bank of Baroda,0
100,netbanking,0,NA,NA,NA,0
100,upi,0,NA,NA,NA,0
100,upi,0,NA,NA,NA,0
100,card,0,RuPay,debit,Yes Bank,0
100,card,0,Mastercard,debit,Yes Bank,0
100,card,0,American Express,credit,HDFC,0
100,emi,0,Mastercard,debit,Union Bank,0
100,upi,0,NA,NA,NA,0
100,upi,0,NA,NA,NA,0
100,wallet,0,NA,NA,NA,0
100,wallet,0,NA,NA,NA,0
100,upi,0,NA,NA,NA,0
100,wallet,0,NA,NA,NA,0
100,card,0,Mastercard,debit,ICICI,0
100,netbanking,0,NA,NA,NA,0
100,upi,0,NA,NA,NA,0
100,upi,0,NA,NA,NA,0
100,card,0,Visa,credit,Axis,0
100,upi,0,NA,NA,NA,0
100,card,0,Mastercard,debit,IndusInd,0
100,card,0,RuPay,debit,Axis,0
100,card,0,Mastercard,debit,Bank of Baroda,0
100,emi,0,Mastercard,credit,ICICI,0
100,upi,0,NA,NA,NA,0
100,upi,0,NA,NA,NA,0
100,pay later,0,NA,NA,NA,0
100,netbanking,0,NA,NA,NA,0
100,card,0,Diners,credit,SBI,0
100,netbanking,0,NA,NA,NA,0
100,upi,0,NA,NA,NA,0
100,upi,0,NA,NA,NA,0
100,card,0,Discover,credit,Kotak Mahindra,0
100,upi,0,NA,NA,NA,0
100,upi,0,NA,NA,NA,0
100,netbanking,0,NA,NA,NA,0
100,netbanking,0,NA,NA,NA,0
100,card,0,RuPay,credit,Bank of Baroda,0
100,netbanking,0,NA,NA,NA,0
100,card,0,Visa,debit,Yes Bank,0
100,upi,0,NA,NA,NA,0
100,wallet,0,NA,NA,NA,0
100,wallet,0,NA,NA,NA,0
100,netbanking,0,NA,NA,NA,0
100,upi,0,NA,NA,NA,0
100,pay later,0,NA,NA,NA,0
100,card,0,Visa,debit,SBI,0
100,upi,0,NA,NA,NA,0
100,netbanking,0,NA,NA,NA,0
100,upi,0,NA,NA,NA,0
100,card,0,Mastercard,debit,IndusInd,0
100,card,0,Visa,credit,SBI,0
100,card,0,Visa,credit,IndusInd,0
100,card,0,American Express,debit,Yes Bank,0
100,upi,0,NA,NA,NA,0
100,emi,0,Visa,credit,ICICI,0
100,netbanking,0,NA,NA,NA,0
100,wallet,0,NA,NA,NA,0
100,card,0,Visa,credit,HDFC,0
100,upi,0,NA,NA,NA,0
100,upi,0,NA,NA,NA,0
100,wallet,0,NA,NA,NA,1
100,upi,0,NA,NA,NA,0
100,upi,0,NA,NA,NA,0
100,card,0,Visa,debit,ICICI,0
100,card,0,RuPay,credit,Federal Bank,0
100,wallet,0,NA,NA,NA,0
100,card,0,RuPay,prepaid,Yes Bank,0
100,emi,0,American Express,credit,Punjab National Bank,0
100,card,0,Discover,debit,Bank of Baroda,0
100,netbanking,0,NA,NA,NA,0
100,pay later,0,NA,NA,NA,1
100,upi,0,NA,NA,NA,0
100,card,0,Visa,credit,Axis,0
100,upi,0,NA,NA,NA,0
100,upi,0,NA,NA,NA,0
100,card,0,Visa,debit,IDFC First,0
100,card,0,Visa,credit,Kotak Mahindra,0
100,card,0,Mastercard,debit,ICICI,0
100,netbanking,0,NA,NA,NA,0
100,emi,0,Mastercard,credit,IDFC First,0
100,card,0,Visa,credit,HDFC,0
100,upi,0,NA,NA,NA,0
100,upi,0,NA,NA,NA,0
100,upi,0,NA,NA,NA,0
100,card,0,RuPay,credit,Union Bank,0
100,card,0,Mastercard,debit,IndusInd,0
100,card,0,Visa,debit,HDFC,0
100,card,0,RuPay,credit,IndusInd,0
100,upi,0,NA,NA,NA,0
100,card,0,RuPay,credit,Kotak Mahindra,0
100,card,0,Visa,credit,Punjab National Bank,0
100,card,0,RuPay,credit,ICICI,0
100,upi,0,NA,NA,NA,0
100,upi,0,NA,NA,NA,0
100,card,0,Visa,credit,SBI,0
100,netbanking,0,NA,NA,NA,0
100,card,0,Visa,credit,Kotak Mahindra,0
100,card,0,Mastercard,credit,HDFC,0
100,card,0,Mastercard,credit,Axis,0
100,upi,0,NA,NA,NA,0
100,pay later,0,NA,NA,NA,0
100,card,0,RuPay,credit,HDFC,0
100,emi,0,RuPay,credit,SBI,0
100,card,0,Mastercard,prepaid,ICICI,0
100,card,0,American Express,credit,Axis,0
100,upi,0,NA,NA,NA,0
100,netbanking,0,NA,NA,NA,0
100,card,0,Mastercard,debit,Yes Bank,0
100,card,0,Discover,debit,Yes Bank,0
100,card,0,Mastercard,credit,IndusInd,1
100,wallet,0,NA,NA,NA,0
100,pay later,0,NA,NA,NA,1
100,wallet,0,NA,NA,NA,0
100,upi,0,NA,NA,NA,0
100,card,0,Visa,credit,Axis,0
100,upi,0,NA,NA,NA,0
100,card,0,Discover,debit,ICICI,1
100,pay later,0,NA,NA,NA,0
100,upi,0,NA,NA,NA,1
100,card,0,Mastercard,credit,Axis,0
100,card,0,Discover,debit,Bank of Baroda,0
100,upi,0,NA,NA,NA,0
100,card,0,RuPay,debit,SBI,0
100,netbanking,0,NA,NA,NA,0
100,upi,0,NA,NA,NA,0
100,pay later,0,NA,NA,NA,0
100,upi,0,NA,NA,NA,0
100,upi,0,NA,NA,NA,0
100,wallet,0,NA,NA,NA,0
100,upi,0,NA,NA,NA,0
100,emi,0,Visa,debit,RBL,0
100,card,0,Visa,debit,HDFC,0
100,emi,0,Visa,credit,Canara Bank,0
100,card,0,RuPay,credit,SBI,0
100,upi,0,NA,NA,NA,0
100,upi,0,NA,NA,NA,1
100,card,0,American Express,credit,HDFC,0
100,pay later,0,NA,NA,NA,1
100,card,0,RuPay,credit,SBI,1
100,card,0,Visa,credit,Indian Bank,0
100,emi,0,RuPay,credit,Axis,0
100,upi,0,NA,NA,NA,0
100,emi,0,Visa,credit,Union Bank,0
100,netbanking,0,NA,NA,NA,0
100,pay later,0,NA,NA,NA,0
100,wallet,0,NA,NA,NA,0
100,upi,0,NA,NA,NA,0
100,netbanking,0,NA,NA,NA,0
100,upi,0,NA,NA,NA,1
100,wallet,0,NA,NA,NA,0
100,upi,0,NA,NA,NA,0
100,emi,0,Visa,credit,SBI,0
100,card,0,Discover,credit,ICICI,0
100,emi,0,Visa,credit,ICICI,0
100,upi,0,NA,NA,NA,0
100,upi,0,NA,NA,NA,0
100,upi,0,NA,NA,NA,0
100,upi,0,NA,NA,NA,0
100,upi,0,NA,NA,NA,0
100,pay later,0,NA,NA,NA,0
100,card,0,RuPay,debit,Yes Bank,0
100,wallet,0,NA,NA,NA,0
100,pay later,0,NA,NA,NA,0
100,wallet,0,NA,NA,NA,0
100,card,0,Visa,credit,ICICI,0
100,card,0,Mastercard,prepaid,HDFC,0
100,upi,0,NA,NA,NA,0
100,upi,0,NA,NA,NA,0
100,emi,0,Visa,debit,HDFC,0
100,upi,0,NA,NA,NA,0
100,upi,0,NA,NA,NA,0
100,upi,0,NA,NA,NA,0
100,netbanking,0,NA,NA,NA,0
100,card,0,Mastercard,debit,ICICI,0
100,upi,0,NA,NA,NA,0
100,card,0,Mastercard,credit,Bank of Baroda,0
100,upi,0,NA,NA,NA,0
100,pay later,0,NA,NA,NA,0
100,netbanking,0,NA,NA,NA,0
100,netbanking,0,NA,NA,NA,0
100,wallet,0,NA,NA,NA,0
100,emi,0,Diners,debit,IndusInd,0
100,card,0,Mastercard,credit,Yes Bank,0
100,upi,0,NA,NA,NA,0
100,netbanking,0,NA,NA,NA,0
100,wallet,0,NA,NA,NA,0
100,pay later,0,NA,NA,NA,0
100,card,0,Visa,credit,ICICI,1
100,upi,0,NA,NA,NA,1
100,netbanking,0,NA,NA,NA,0
100,card,0,Diners,debit,Kotak Mahindra,0
100,netbanking,0,NA,NA,NA,0
100,card,0,RuPay,credit,Axis,0
100,pay later,0,NA,NA,NA,1
100,netbanking,0,NA,NA,NA,0
100,wallet,0,NA,NA,NA,0
100,card,0,Mastercard,debit,HDFC,0
100,card,0,RuPay,credit,HDFC,0
100,upi,0,NA,NA,NA,0
100,card,0,Mastercard,prepaid,HDFC,0
100,card,0,American Express,credit,Axis,0
100,upi,0,NA,NA,NA,0
100,wallet,0,NA,NA,NA,0
100,card,0,RuPay,credit,Axis,0
100,netbanking,0,NA,NA,NA,0
100,emi,0,American Express,debit,Kotak Mahindra,0
100,wallet,0,NA,NA,NA,0
100,netbanking,0,NA,NA,NA,0
100,emi,0,Mastercard,credit,Federal Bank,0
100,wallet,0,NA,NA,NA,0
100,card,0,Mastercard,debit,ICICI,0
100,upi,0,NA,NA,NA,0
100,netbanking,0,NA,NA,NA,0
100,card,0,Visa,credit,ICICI,0
100,card,0,Mastercard,credit,Union Bank,0
100,netbanking,0,NA,NA,NA,0
100,upi,0,NA,NA,NA,0
100,upi,0,NA,NA,NA,0
100,card,0,RuPay,credit,Bank of Baroda,0
100,pay later,0,NA,NA,NA,0
100,upi,0,NA,NA,NA,0
100,upi,0,NA,NA,NA,0
100,wallet,0,NA,NA,NA,0
100,pay later,0,NA,NA,NA,0
100,netbanking,0,NA,NA,NA,0
100,card,0,Visa,debit,SBI,0
100,upi,0,NA,NA,NA,0
100,wallet,0,NA,NA,NA,0
100,upi,0,NA,NA,NA,0
100,upi,0,NA,NA,NA,0
100,card,0,Visa,credit,ICICI,0
100,wallet,0,NA,NA,NA,0
100,wallet,0,NA,NA,NA,0
100,pay later,0,NA,NA,NA,0
100,card,0,RuPay,debit,IDFC First,0
100,card,0,RuPay,credit,HDFC,0
100,netbanking,0,NA,NA,NA,0
100,upi,0,NA,NA,NA,0
100,emi,0,Mastercard,prepaid,HDFC,0
100,upi,0,NA,NA,NA,0
100,upi,0,NA,NA,NA,0
100,card,0,Visa,credit,HDFC,0
100,upi,0,NA,NA,NA,1
100,upi,0,NA,NA,NA,0
100,card,0,Mastercard,debit,Yes Bank,0
100,wallet,0,NA,NA,NA,0
100,card,0,Visa,debit,Kotak Mahindra,0
100,card,0,Visa,debit,SBI,0
100,upi,0,NA,NA,NA,0
100,card,0,Mastercard,credit,ICICI,1
100,netbanking,0,NA,NA,NA,0
100,wallet,0,NA,NA,NA,0
100,upi,0,NA,NA,NA,0
100,netbanking,0,NA,NA,NA,0
100,pay later,0,NA,NA,NA,0
100,upi,0,NA,NA,NA,0
100,upi,0,NA,NA,NA,0
100,upi,0,NA,NA,NA,0
100,upi,0,NA,NA,NA,0
100,netbanking,0,NA,NA,NA,0
100,card,0,Visa,credit,Bank of Baroda,0
100,upi,0,NA,NA,NA,0
100,card,0,Mastercard,debit,HDFC,0
100,upi,0,NA,NA,NA,0
100,pay later,0,NA,NA,NA,0
100,upi,0,NA,NA,NA,0
100,emi,0,Mastercard,credit,HDFC,0
100,emi,0,American Express,debit,HDFC,0
100,card,0,Discover,credit,IndusInd,0
100,upi,0,NA,NA,NA,1
100,card,0,Mastercard,credit,Axis,0
100,upi,0,NA,NA,NA,0
100,card,0,Mastercard,credit,IndusInd,0
100,wallet,0,NA,NA,NA,1
100,upi,0,NA,NA,NA,0
100,card,0,American Express,debit,Canara Bank,0
100,card,0,Visa,credit,SBI,0
100,emi,0,Mastercard,debit,ICICI,0
100,upi,0,NA,NA,NA,0
100,netbanking,0,NA,NA,NA,0
100,card,0,Visa,prepaid,Indian Bank,0
100,upi,0,NA,NA,NA,1
100,pay later,0,NA,NA,NA,0
100,upi,0,NA,NA,NA,0
100,card,0,Mastercard,debit,Union Bank,0
100,upi,0,NA,NA,NA,0
100,upi,0,NA,NA,NA,0
100,card,0,Visa,credit,Axis,0
100,wallet,0,NA,NA,NA,0
100,emi,0,Visa,credit,HDFC,0
100,netbanking,0,NA,NA,NA,0
100,card,0,RuPay,credit,Indian Bank,0
100,pay later,0,NA,NA,NA,1
100,upi,0,NA,NA,NA,0
100,card,0,RuPay,debit,Axis,0
100,card,0,Mastercard,credit,HDFC,1
100,wallet,0,NA,NA,NA,0
100,card,0,Visa,debit,IndusInd,0
100,upi,0,NA,NA,NA,0
100,netbanking,0,NA,NA,NA,1
100,card,0,Visa,debit,Axis,0
100,card,0,Visa,credit,ICICI,0
100,card,0,Discover,credit,Punjab National Bank,0
100,pay later,0,NA,NA,NA,0
100,card,0,RuPay,credit,Bank of Baroda,0
100,upi,0,NA,NA,NA,0
100,netbanking,0,NA,NA,NA,0
100,emi,0,Diners,credit,IDFC First,0
100,netbanking,0,NA,NA,NA,0
100,upi,0,NA,NA,NA,0
100,pay later,0,NA,NA,NA,0
100,card,0,Mastercard,credit,ICICI,0
100,upi,0,NA,NA,NA,0
100,upi,0,NA,NA,NA,0
100,netbanking,0,NA,NA,NA,0
100,upi,0,NA,NA,NA,0
100,upi,0,NA,NA,NA,0
100,emi,0,RuPay,credit,ICICI,0
100,card,0,American Express,debit,HDFC,0
100,upi,0,NA,NA,NA,0
100,card,0,Visa,debit,Canara Bank,0
100,card,0,American Express,credit,IndusInd,0
100,card,0,Mastercard,debit,HDFC,0
100,card,0,Mastercard,debit,IndusInd,0
100,upi,0,NA,NA,NA,0
100,upi,0,NA,NA,NA,0
100,upi,0,NA,NA,NA,0
100,card,0,Visa,credit,Canara Bank,0
100,upi,0,NA,NA,NA,0
100,emi,0,RuPay,debit,Kotak Mahindra,0
100,netbanking,0,NA,NA,NA,1
100,wallet,0,NA,NA,NA,0
100,upi,0,NA,NA,NA,0
100,upi,0,NA,NA,NA,0
100,upi,0,NA,NA,NA,0
100,netbanking,0,NA,NA,NA,0
100,upi,0,NA,NA,NA,0
100,upi,0,NA,NA,NA,0
100,netbanking,0,NA,NA,NA,0
100,netbanking,0,NA,NA,NA,1
100,upi,0,NA,NA,NA,0
100,upi,0,NA,NA,NA,0
100,netbanking,0,NA,NA,NA,0
100,card,0,Mastercard,debit,SBI,1
100,upi,0,NA,NA,NA,0
100,pay later,0,NA,NA,NA,0
100,card,0,Mastercard,credit,SBI,0
100,upi,0,NA,NA,NA,1
100,emi,0,Visa,debit,Canara Bank,1
100,netbanking,0,NA,NA,NA,0
100,upi,0,NA,NA,NA,0
100,upi,0,NA,NA,NA,0
100,card,0,Visa,credit,SBI,0
100,upi,0,NA,NA,NA,0
100,card,0,Visa,credit,Punjab National Bank,0
100,card,0,Visa,credit,Axis,0
100,pay later,0,NA,NA,NA,0
100,upi,0,NA,NA,NA,0
100,card,0,RuPay,credit,SBI,0
100,card,0,RuPay,credit,Axis,0
100,card,0,Visa,debit,SBI,1
100,wallet,0,NA,NA,NA,0
100,card,0,American Express,credit,Axis,0
100,card,0,Mastercard,credit,Federal Bank,0
100,upi,0,NA,NA,NA,0
100,netbanking,0,NA,NA,NA,0
100,card,0,Mastercard,credit,ICICI,0
100,card,0,American Express,credit,ICICI,1
100,card,0,RuPay,credit,SBI,0
100,emi,0,Mastercard,credit,IndusInd,0
100,upi,0,NA,NA,NA,0
100,upi,0,NA,NA,NA,0
100,upi,0,NA,NA,NA,0
100,emi,0,Mastercard,debit,Kotak Mahindra,0
100,emi,0,Mastercard,credit,RBL,0
100,netbanking,0,NA,NA,NA,0
100,pay later,0,NA,NA,NA,0
100,card,0,Mastercard,credit,SBI,0
100,upi,0,NA,NA,NA,0
100,card,0,Mastercard,credit,Axis,0
100,wallet,0,NA,NA,NA,0
100,wallet,0,NA,NA,NA,0
100,card,0,Mastercard,debit,IndusInd,0
100,upi,0,NA,NA,NA,0
100,upi,0,NA,NA,NA,0
100,upi,0,NA,NA,NA,0
100,netbanking,0,NA,NA,NA,0
100,upi,0,NA,NA,NA,0
100,upi,0,NA,NA,NA,0
100,card,0,Visa,credit,SBI,0
100,card,0,Visa,debit,SBI,0
100,card,0,Diners,debit,ICICI,0
100,upi,0,NA,NA,NA,0
100,upi,0,NA,NA,NA,0
100,upi,0,NA,NA,NA,0
100,emi,0,Mastercard,credit,RBL,0
100,upi,0,NA,NA,NA,0
100,upi,0,NA,NA,NA,0
100,netbanking,0,NA,NA,NA,0
100,upi,0,NA,NA,NA,0
100,upi,0,NA,NA,NA,0
100,emi,0,Visa,debit,HDFC,1
100,netbanking,0,NA,NA,NA,0
100,emi,0,Mastercard,credit,SBI,0
100,card,0,Diners,credit,Federal Bank,0
100,card,0,RuPay,debit,SBI,0
100,upi,0,NA,NA,NA,1
100,card,0,RuPay,credit,Axis,0
100,wallet,0,NA,NA,NA,0
100,netbanking,0,NA,NA,NA,0
100,netbanking,0,NA,NA,NA,0
100,pay later,0,NA,NA,NA,0
100,emi,0,RuPay,credit,Kotak Mahindra,0
100,wallet,0,NA,NA,NA,0
100,emi,0,RuPay,debit,Axis,0
100,card,0,Discover,prepaid,RBL,0
100,upi,0,NA,NA,NA,0
100,card,0,RuPay,debit,SBI,0
100,pay later,0,NA,NA,NA,0
100,pay later,0,NA,NA,NA,0
100,card,0,Mastercard,debit,Bank of Baroda,0
100,netbanking,0,NA,NA,NA,0
100,netbanking,0,NA,NA,NA,0
100,card,0,Discover,debit,SBI,0
100,upi,0,NA,NA,NA,0
100,upi,0,NA,NA,NA,1
100,card,0,RuPay,debit,IndusInd,0
100,upi,0,NA,NA,NA,0
100,card,0,Visa,debit,Punjab National Bank,0
100,upi,0,NA,NA,NA,1
100,card,0,Visa,debit,IndusInd,0
100,card,0,Mastercard,debit,IDFC First,0
100,upi,0,NA,NA,NA,0
100,netbanking,0,NA,NA,NA,0
100,upi,0,NA,NA,NA,0
100,netbanking,0,NA,NA,NA,0
100,netbanking,0,NA,NA,NA,0
100,upi,0,NA,NA,NA,1
100,card,0,Visa,debit,SBI,0
100,netbanking,0,NA,NA,NA,0
100,card,0,Mastercard,debit,Federal Bank,0
100,wallet,0,NA,NA,NA,0
100,upi,0,NA,NA,NA,0
100,netbanking,0,NA,NA,NA,0
100,card,0,Diners,credit,IDFC First,0
100,wallet,0,NA,NA,NA,0
100,netbanking,0,NA,NA,NA,0
100,upi,0,NA,NA,NA,0
100,upi,0,NA,NA,NA,0
100,emi,0,Visa,credit,Axis,0
100,card,0,Visa,credit,SBI,0
100,upi,0,NA,NA,NA,1
100,emi,0,Mastercard,credit,Kotak Mahindra,0
100,pay later,0,NA,NA,NA,0
100,card,0,Mastercard,debit,Kotak Mahindra,1
100,upi,0,NA,NA,NA,0
100,upi,0,NA,NA,NA,0
100,wallet,0,NA,NA,NA,0
100,upi,0,NA,NA,NA,0
100,netbanking,0,NA,NA,NA,0
100,emi,0,Mastercard,debit,Yes Bank,0
100,card,0,Mastercard,credit,SBI,0
100,upi,0,NA,NA,NA,0
100,upi,0,NA,NA,NA,0
100,emi,0,RuPay,credit,IndusInd,0
100,upi,0,NA,NA,NA,0
100,upi,0,NA,NA,NA,0
100,emi,0,Mastercard,credit,Axis,0
100,card,0,Diners,debit,HDFC,0
100,upi,0,NA,NA,NA,0
100,upi,0,NA,NA,NA,0
100,card,0,American Express,credit,HDFC,0
100,emi,0,American Express,debit,SBI,1
100,netbanking,0,NA,NA,NA,0
100,card,0,Mastercard,credit,Bank of Baroda,0
100,pay later,0,NA,NA,NA,0
100,netbanking,0,NA,NA,NA,0
100,upi,0,NA,NA,NA,0
100,emi,0,Mastercard,debit,Kotak Mahindra,0
100,card,0,Mastercard,credit,Punjab National Bank,0
100,upi,0,NA,NA,NA,0
100,upi,0,NA,NA,NA,0
100,netbanking,0,NA,NA,NA,0
100,emi,0,Mastercard,credit,Kotak Mahindra,0
100,card,0,RuPay,prepaid,HDFC,0
100,upi,0,NA,NA,NA,1
100,card,0,American Express,debit,RBL,0
100,upi,0,NA,NA,NA,0
100,upi,0,NA,NA,NA,0
100,upi,0,NA,NA,NA,0
100,upi,0,NA,NA,NA,0
100,wallet,0,NA,NA,NA,0
100,netbanking,0,NA,NA,NA,0
100,netbanking,0,NA,NA,NA,0
100,emi,0,RuPay,debit,Bank of Baroda,0
100,netbanking,0,NA,NA,NA,0
100,upi,0,NA,NA,NA,0
100,upi,0,NA,NA,NA,0
100,wallet,0,NA,NA,NA,1
100,card,0,Visa,credit,Axis,0
100,emi,0,RuPay,debit,Kotak Mahindra,0
100,card,0,Visa,debit,RBL,0
100,card,0,Visa,debit,Axis,0
100,wallet,0,NA,NA,NA,0
100,netbanking,0,NA,NA,NA,0
100,upi,0,NA,NA,NA,0
100,upi,0,NA,NA,NA,0
100,netbanking,0,NA,NA,NA,0
100,pay later,0,NA,NA,NA,0
100,card,0,Diners,credit,SBI,1
100,upi,0,NA,NA,NA,0
100,upi,0,NA,NA,NA,0
100,card,0,Visa,credit,ICICI,0
100,card,0,American Express,credit,Indian Bank,0
100,card,0,Visa,credit,Union Bank,0
100,card,0,Mastercard,debit,SBI,0
100,emi,0,Visa,credit,Bank of Baroda,0
100,card,0,Visa,credit,HDFC,0
100,upi,0,NA,NA,NA,0
100,netbanking,0,NA,NA,NA,0
100,emi,0,Mastercard,credit,ICICI,0
100,upi,0,NA,NA,NA,0
100,pay later,0,NA,NA,NA,0
100,card,0,Visa,credit,ICICI,0
100,wallet,0,NA,NA,NA,0
100,card,0,Visa,credit,IDFC First,0
100,upi,0,NA,NA,NA,0
100,upi,0,NA,NA,NA,0
100,upi,0,NA,NA,NA,0
100,upi,0,NA,NA,NA,0
100,card,0,Visa,debit,ICICI,0
100,upi,0,NA,NA,NA,0
100,card,0,Visa,credit,Indian Bank,0
100,upi,0,NA,NA,NA,1
100,netbanking,0,NA,NA,NA,0
100,card,0,Discover,credit,Kotak Mahindra,0
100,upi,0,NA,NA,NA,0
100,emi,0,RuPay,debit,SBI,0
100,wallet,0,NA,NA,NA,0
100,emi,0,Mastercard,credit,Union Bank,1
100,wallet,0,NA,NA,NA,1
100,card,0,American Express,credit,Bank of Baroda,0
100,netbanking,0,NA,NA,NA,0
100,card,0,RuPay,debit,RBL,0
100,card,0,Visa,credit,Axis,0
100,upi,0,NA,NA,NA,0
100,card,0,Discover,credit,HDFC,0
100,emi,0,Visa,debit,Axis,0
100,netbanking,0,NA,NA,NA,0
100,card,0,RuPay,credit,Union Bank,0
100,upi,0,NA,NA,NA,0
100,netbanking,0,NA,NA,NA,0
100,card,0,American Express,credit,SBI,0
100,card,0,Visa,credit,Punjab National Bank,1
100,upi,0,NA,NA,NA,0
100,card,0,Visa,debit,Punjab National Bank,0
100,card,0,American Express,credit,Indian Bank,0
100,emi,0,Visa,debit,Axis,0
100,emi,0,Visa,credit,Yes Bank,1
100,upi,0,NA,NA,NA,0
100,pay later,0,NA,NA,NA,0
100,wallet,0,NA,NA,NA,0
100,emi,0,Mastercard,debit,Indian Bank,0
100,upi,0,NA,NA,NA,0
100,emi,0,Visa,credit,Indian Bank,0
100,upi,0,NA,NA,NA,1
100,upi,0,NA,NA,NA,0
100,upi,0,NA,NA,NA,0
100,emi,0,RuPay,credit,Federal Bank,0
100,wallet,0,NA,NA,NA,0
100,upi,0,NA,NA,NA,0
100,card,0,Discover,debit,SBI,0
100,upi,0,NA,NA,NA,0
100,card,0,Visa,debit,Axis,0
100,card,0,Mastercard,credit,ICICI,0
100,card,0,RuPay,credit,Indian Bank,0
100,upi,0,NA,NA,NA,0
100,wallet,0,NA,NA,NA,0
100,upi,0,NA,NA,NA,0
100,pay later,0,NA,NA,NA,0
100,upi,0,NA,NA,NA,0
100,card,0,Discover,prepaid,RBL,0
100,upi,0,NA,NA,NA,1
100,card,0,RuPay,credit,HDFC,0
100,emi,0,Diners,debit,IDFC First,0
100,card,0,Mastercard,prepaid,Axis,0
100,card,0,Visa,debit,ICICI,0
100,upi,0,NA,NA,NA,0
100,wallet,0,NA,NA,NA,0
100,upi,0,NA,NA,NA,0
100,card,0,RuPay,debit,Axis,0
100,upi,0,NA,NA,NA,0
100,netbanking,0,NA,NA,NA,0
100,card,0,RuPay,debit,Yes Bank,0
100,upi,0,NA,NA,NA,0
100,upi,0,NA,NA,NA,0
100,upi,0,NA,NA,NA,0
100,upi,0,NA,NA,NA,0
100,emi,0,Visa,credit,RBL,0
100,card,0,Diners,credit,Bank of Baroda,0
100,netbanking,0,NA,NA,NA,0
100,netbanking,0,NA,NA,NA,0
100,card,0,RuPay,credit,HDFC,0
100,card,0,Discover,debit,Axis,0
100,upi,0,NA,NA,NA,0
100,upi,0,NA,NA,NA,0
100,card,0,Visa,prepaid,RBL,0
100,netbanking,0,NA,NA,NA,0
100,card,0,Visa,credit,IDFC First,0
100,card,0,Visa,debit,Axis,0
100,wallet,0,NA,NA,NA,0
100,card,0,RuPay,credit,Axis,0
100,emi,0,Mastercard,debit,Axis,0
100,emi,0,Visa,credit,ICICI,1
100,upi,0,NA,NA,NA,0
100,card,0,Mastercard,credit,HDFC,0
100,upi,0,NA,NA,NA,0
100,netbanking,0,NA,NA,NA,0
100,netbanking,0,NA,NA,NA,0
100,upi,0,NA,NA,NA,0
100,upi,0,NA,NA,NA,0
100,card,0,RuPay,debit,SBI,0
100,upi,0,NA,NA,NA,1
100,upi,0,NA,NA,NA,0
100,upi,0,NA,NA,NA,0
100,card,0,Mastercard,debit,SBI,0
100,upi,0,NA,NA,NA,0
100,card,0,Mastercard,debit,Axis,0
100,pay later,0,NA,NA,NA,0
100,wallet,0,NA,NA,NA,0
100,upi,0,NA,NA,NA,0
100,card,0,Mastercard,credit,RBL,0
100,upi,0,NA,NA,NA,0
100,emi,0,RuPay,credit,Bank of Baroda,0
100,card,0,RuPay,credit,Kotak Mahindra,0
100,upi,0,NA,NA,NA,0
100,upi,0,NA,NA,NA,0
100,card,0,Mastercard,credit,SBI,0
100,card,0,Mastercard,credit,Federal Bank,0
100,card,0,Visa,debit,Yes Bank,1
100,upi,0,NA,NA,NA,0
100,card,0,Visa,debit,HDFC,0
100,card,0,Mastercard,credit,Indian Bank,0
100,upi,0,NA,NA,NA,0
100,upi,0,NA,NA,NA,0
100,card,0,RuPay,debit,Axis,0
100,card,0,Visa,credit,ICICI,0
100,emi,0,Mastercard,debit,Punjab National Bank,0
100,upi,0,NA,NA,NA,1
100,upi,0,NA,NA,NA,0
100,upi,0,NA,NA,NA,0
100,card,0,RuPay,debit,SBI,0
100,card,0,Diners,debit,ICICI,0
100,netbanking,0,NA,NA,NA,0
100,card,0,Visa,debit,HDFC,1
100,upi,0,NA,NA,NA,0
100,card,0,RuPay,debit,SBI,0
100,wallet,0,NA,NA,NA,0
100,card,0,RuPay,credit,RBL,0
100,upi,0,NA,NA,NA,0
100,emi,0,Visa,debit,ICICI,0
100,card,0,RuPay,debit,Kotak Mahindra,0
100,card,0,American Express,debit,IDFC First,0
100,pay later,0,NA,NA,NA,0
100,card,0,RuPay,debit,ICICI,0
100,card,0,Visa,debit,IDFC First,0
100,card,0,Mastercard,debit,HDFC,1
100,card,0,RuPay,credit,ICICI,1
100,upi,0,NA,NA,NA,0
100,card,0,Mastercard,debit,IDFC First,0
100,card,0,Visa,debit,SBI,0
100,card,0,Visa,credit,Yes Bank,0
100,card,0,Visa,credit,HDFC,0
100,card,0,Mastercard,credit,Punjab National Bank,1
100,card,0,Mastercard,credit,ICICI,0
100,wallet,0,NA,NA,NA,0
100,upi,0,NA,NA,NA,0
100,card,0,Mastercard,credit,HDFC,0
100,card,0,Visa,debit,HDFC,1
100,card,0,Mastercard,prepaid,HDFC,0
100,netbanking,0,NA,NA,NA,0
100,upi,0,NA,NA,NA,1
100,card,0,Visa,credit,Union Bank,1
100,card,0,Visa,debit,Axis,0
100,card,0,Diners,debit,HDFC,0
100,wallet,0,NA,NA,NA,0
100,card,0,Mastercard,debit,Axis,1
100,upi,0,NA,NA,NA,0
100,card,0,American Express,credit,Federal Bank,0
100,upi,0,NA,NA,NA,0
100,upi,0,NA,NA,NA,0
100,card,0,Visa,debit,SBI,0
100,netbanking,0,NA,NA,NA,0
100,upi,0,NA,NA,NA,0
100,emi,0,Mastercard,credit,IndusInd,1
100,upi,0,NA,NA,NA,0
100,card,0,Visa,prepaid,ICICI,0
100,pay later,0,NA,NA,NA,0
100,card,0,Mastercard,debit,HDFC,1
100,upi,0,NA,NA,NA,0
100,emi,0,Mastercard,credit,ICICI,0
100,emi,0,Visa,debit,Union Bank,0
100,emi,0,RuPay,credit,HDFC,0
100,upi,0,NA,NA,NA,0
100,upi,0,NA,NA,NA,0
100,card,0,RuPay,credit,Union Bank,0
100,upi,0,NA,NA,NA,0
100,card,0,Visa,debit,SBI,0
100,wallet,0,NA,NA,NA,1
100,netbanking,0,NA,NA,NA,0
100,card,0,Visa,debit,IDFC First,0
100,upi,0,NA,NA,NA,0
100,card,0,Visa,credit,IDFC First,0
100,pay later,0,NA,NA,NA,0
100,upi,0,NA,NA,NA,0
100,upi,0,NA,NA,NA,0
100,emi,0,Mastercard,debit,Axis,0
100,card,0,Mastercard,credit,HDFC,0
100,upi,0,NA,NA,NA,0
100,card,0,Mastercard,debit,Kotak Mahindra,0
100,upi,0,NA,NA,NA,0
100,emi,0,Diners,debit,Union Bank,0
100,netbanking,0,NA,NA,NA,0
100,upi,0,NA,NA,NA,0
100,upi,0,NA,NA,NA,0
100,card,0,Mastercard,debit,HDFC,0
100,card,0,RuPay,debit,HDFC,0
100,card,0,Visa,debit,Canara Bank,0
100,netbanking,0,NA,NA,NA,0
100,upi,0,NA,NA,NA,0
100,pay later,0,NA,NA,NA,0
100,card,0,Visa,credit,Axis,0
100,card,0,Mastercard,credit,ICICI,0
100,emi,0,Visa,debit,ICICI,0
100,upi,0,NA,NA,NA,0
100,netbanking,0,NA,NA,NA,0
100,card,0,Diners,debit,Indian Bank,0
100,card,0,Mastercard,debit,SBI,0
100,upi,0,NA,NA,NA,1
100,netbanking,0,NA,NA,NA,0
100,upi,0,NA,NA,NA,0
100,emi,0,RuPay,credit,Federal Bank,0
100,upi,0,NA,NA,NA,0
100,netbanking,0,NA,NA,NA,0
100,upi,0,NA,NA,NA,1
100,emi,0,RuPay,credit,HDFC,0
100,card,0,Visa,credit,Federal Bank,0
100,upi,0,NA,NA,NA,0
100,wallet,0,NA,NA,NA,0
100,card,0,RuPay,credit,Axis,0
100,card,0,Diners,credit,SBI,0
100,upi,0,NA,NA,NA,0
100,wallet,0,NA,NA,NA,0
100,upi,0,NA,NA,NA,0
100,upi,0,NA,NA,NA,0
100,card,0,Mastercard,debit,Punjab National Bank,0
100,card,0,Mastercard,debit,ICICI,0
100,emi,0,Mastercard,debit,RBL,0
100,upi,0,NA,NA,NA,0
100,upi,0,NA,NA,NA,0
100,netbanking,0,NA,NA,NA,0
100,card,0,Visa,debit,Kotak Mahindra,0
100,card,0,Mastercard,debit,ICICI,0
100,wallet,0,NA,NA,NA,0
100,upi,0,NA,NA,NA,0
100,card,0,RuPay,debit,Punjab National Bank,0
100,card,0,RuPay,credit,RBL,0
100,upi,0,NA,NA,NA,0
100,pay later,0,NA,NA,NA,1
100,card,0,Mastercard,debit,Canara Bank,0
100,card,0,Diners,credit,Yes Bank,0
100,wallet,0,NA,NA,NA,0
100,card,0,Mastercard,debit,SBI,0
100,card,0,Mastercard,debit,HDFC,0
100,wallet,0,NA,NA,NA,0
100,pay later,0,NA,NA,NA,0
100,card,0,RuPay,debit,Axis,0
100,wallet,0,NA,NA,NA,0
100,upi,0,NA,NA,NA,0
100,card,0,Visa,credit,SBI,1
100,card,0,RuPay,credit,HDFC,0
100,card,0,Mastercard,credit,HDFC,0
100,upi,0,NA,NA,NA,0
100,upi,0,NA,NA,NA,0
100,card,0,RuPay,credit,SBI,0
100,card,0,RuPay,credit,Indian Bank,0
100,upi,0,NA,NA,NA,0
100,netbanking,0,NA,NA,NA,1
100,wallet,0,NA,NA,NA,0
100,emi,0,Mastercard,debit,IndusInd,0
100,card,0,Visa,credit,HDFC,0
100,upi,0,NA,NA,NA,0
100,upi,0,NA,NA,NA,0
100,card,0,RuPay,credit,ICICI,0
100,card,0,RuPay,credit,HDFC,0
100,upi,0,NA,NA,NA,0
100,wallet,0,NA,NA,NA,0
100,upi,0,NA,NA,NA,0
100,wallet,0,NA,NA,NA,0
100,pay later,0,NA,NA,NA,0
100,card,0,Visa,credit,Kotak Mahindra,0
100,upi,0,NA,NA,NA,0
100,upi,0,NA,NA,NA,0
100,netbanking,0,NA,NA,NA,0
100,upi,0,NA,NA,NA,0
100,pay later,0,NA,NA,NA,1
100,netbanking,0,NA,NA,NA,0
100,netbanking,0,NA,NA,NA,0
100,card,0,Mastercard,credit,SBI,0
100,wallet,0,NA,NA,NA,0
100,card,0,RuPay,credit,Yes Bank,0
100,card,0,Visa,credit,HDFC,0
100,upi,0,NA,NA,NA,0
100,card,0,Mastercard,credit,ICICI,0
100,card,0,Mastercard,debit,Axis,1
100,card,0,RuPay,credit,Kotak Mahindra,0
100,card,0,Visa,debit,SBI,0
100,card,0,Visa,credit,ICICI,0
100,netbanking,0,NA,NA,NA,0
100,upi,0,NA,NA,NA,0
100,upi,0,NA,NA,NA,0
100,netbanking,0,NA,NA,NA,0
100,card,0,American Express,credit,IDFC First,0
100,upi,0,NA,NA,NA,0
100,upi,0,NA,NA,NA,0
100,pay later,0,NA,NA,NA,0
100,upi,0,NA,NA,NA,0
100,upi,0,NA,NA,NA,0
100,card,0,Visa,credit,ICICI,0
100,upi,0,NA,NA,NA,0
100,netbanking,0,NA,NA,NA,0
100,upi,0,NA,NA,NA,0
100,card,0,Discover,debit,Punjab National Bank,0
100,netbanking,0,NA,NA,NA,1
100,card,0,Visa,debit,Axis,0
100,wallet,0,NA,NA,NA,0
100,upi,0,NA,NA,NA,0
100,upi,0,NA,NA,NA,0
100,pay later,0,NA,NA,NA,0
100,upi,0,NA,NA,NA,0
100,netbanking,0,NA,NA,NA,0
100,card,0,Mastercard,credit,Union Bank,0
100,card,0,RuPay,debit,HDFC,0
100,upi,0,NA,NA,NA,0
100,card,0,Mastercard,debit,Federal Bank,1
100,upi,0,NA,NA,NA,1
100,emi,0,Mastercard,debit,SBI,0
100,pay later,0,NA,NA,NA,1
100,card,0,Diners,debit,Axis,0
100,emi,0,Discover,debit,RBL,0
100,card,0,Visa,credit,Axis,0
100,netbanking,0,NA,NA,NA,0
100,upi,0,NA,NA,NA,0
100,netbanking,0,NA,NA,NA,0
100,card,0,Visa,debit,Kotak Mahindra,0
100,upi,0,NA,NA,NA,1
100,card,0,Mastercard,debit,HDFC,0
100,card,0,Visa,debit,HDFC,1
100,card,0,Mastercard,credit,SBI,0
100,card,0,Visa,credit,RBL,0
100,card,0,Mastercard,credit,Axis,0
100,upi,0,NA,NA,NA,1
100,upi,0,NA,NA,NA,0
100,upi,0,NA,NA,NA,0
100,card,0,RuPay,credit,Canara Bank,0
100,upi,0,NA,NA,NA,0
100,upi,0,NA,NA,NA,0
100,netbanking,0,NA,NA,NA,0
100,card,0,Visa,credit,HDFC,0
100,upi,0,NA,NA,NA,0
100,upi,0,NA,NA,NA,0
100,card,0,Mastercard,debit,RBL,1
100,netbanking,0,NA,NA,NA,0
100,upi,0,NA,NA,NA,0
100,netbanking,0,NA,NA,NA,0
100,card,0,RuPay,credit,Canara Bank,1
100,upi,0,NA,NA,NA,0
100,card,0,Discover,credit,IndusInd,0
100,card,0,Visa,debit,ICICI,0
100,upi,0,NA,NA,NA,0
100,netbanking,0,NA,NA,NA,0
100,card,0,RuPay,credit,Axis,0
100,upi,0,NA,NA,NA,0
100,upi,0,NA,NA,NA,0
100,netbanking,0,NA,NA,NA,0
100,card,0,Mastercard,prepaid,IndusInd,0
100,upi,0,NA,NA,NA,1
100,upi,0,NA,NA,NA,0
100,upi,0,NA,NA,NA,0
100,card,0,Visa,debit,ICICI,0
100,card,0,Mastercard,credit,SBI,0
100,card,0,Visa,debit,Kotak Mahindra,0
100,netbanking,0,NA,NA,NA,0
100,upi,0,NA,NA,NA,0
100,pay later,0,NA,NA,NA,0
100,emi,0,Mastercard,debit,IDFC First,0
100,card,0,Mastercard,debit,Axis,0
100,upi,0,NA,NA,NA,0
100,wallet,0,NA,NA,NA,0
100,card,0,American Express,debit,Kotak Mahindra,0
100,upi,0,NA,NA,NA,0
100,card,0,RuPay,debit,ICICI,1
100,emi,0,RuPay,credit,HDFC,1
100,emi,0,American Express,credit,HDFC,0
100,upi,0,NA,NA,NA,0
100,card,0,Visa,debit,Axis,0
100,netbanking,0,NA,NA,NA,0
100,card,0,Visa,credit,Union Bank,0
100,upi,0,NA,NA,NA,0
100,card,0,Visa,credit,SBI,1
100,emi,0,Mastercard,credit,Bank of Baroda,1
100,emi,0,RuPay,credit,HDFC,0
100,card,0,Mastercard,credit,SBI,0
100,upi,0,NA,NA,NA,0
100,pay later,0,NA,NA,NA,0
100,upi,0,NA,NA,NA,0
100,card,0,RuPay,debit,Yes Bank,0
100,card,0,RuPay,debit,ICICI,0
100,upi,0,NA,NA,NA,0
100,emi,0,Mastercard,credit,IDFC First,0
100,upi,0,NA,NA,NA,0
100,wallet,0,NA,NA,NA,0
100,upi,0,NA,NA,NA,0
100,upi,0,NA,NA,NA,0
100,upi,0,NA,NA,NA,0
100,wallet,0,NA,NA,NA,0
100,netbanking,0,NA,NA,NA,0
100,netbanking,0,NA,NA,NA,0
100,upi,0,NA,NA,NA,0
100,upi,0,NA,NA,NA,0
100,pay later,0,NA,NA,NA,0
100,card,0,Mastercard,credit,RBL,0
100,netbanking,0,NA,NA,NA,0
100,card,0,Visa,credit,HDFC,0
100,card,0,Visa,debit,Axis,0
100,emi,0,American Express,credit,Kotak Mahindra,0
100,upi,0,NA,NA,NA,0
100,wallet,0,NA,NA,NA,0
100,card,0,Mastercard,credit,ICICI,0
100,card,0,Diners,credit,HDFC,0
100,card,0,Visa,credit,Axis,0
100,emi,0,Visa,debit,Bank of Baroda,0
100,card,0,American Express,debit,Axis,0
100,netbanking,0,NA,NA,NA,1
100,upi,0,NA,NA,NA,0
100,card,0,American Express,credit,Canara Bank,0
100,emi,0,Visa,credit,SBI,0
100,wallet,0,NA,NA,NA,1
100,pay later,0,NA,NA,NA,0
100,wallet,0,NA,NA,NA,0
100,emi,0,Visa,prepaid,IDFC First,0
100,netbanking,0,NA,NA,NA,0
100,wallet,0,NA,NA,NA,0
100,upi,0,NA,NA,NA,0
100,netbanking,0,NA,NA,NA,0
100,emi,0,Visa,credit,IndusInd,0
100,card,0,Mastercard,credit,IndusInd,0
100,pay later,0,NA,NA,NA,0
100,pay later,0,NA,NA,NA,0
100,upi,0,NA,NA,NA,0
100,upi,0,NA,NA,NA,0
100,card,0,American Express,credit,HDFC,0
100,upi,0,NA,NA,NA,0
100,netbanking,0,NA,NA,NA,0
100,card,0,RuPay,debit,Canara Bank,0
100,upi,0,NA,NA,NA,0
100,upi,0,NA,NA,NA,1
100,upi,0,NA,NA,NA,0
100,upi,0,NA,NA,NA,0
100,pay later,0,NA,NA,NA,0
100,emi,0,Visa,debit,RBL,0
100,upi,0,NA,NA,NA,0
100,upi,0,NA,NA,NA,0
100,upi,0,NA,NA,NA,0
100,card,0,American Express,debit,Axis,1
100,card,0,Visa,credit,Axis,0
100,wallet,0,NA,NA,NA,0
100,card,0,American Express,credit,SBI,0
100,netbanking,0,NA,NA,NA,0
100,wallet,0,NA,NA,NA,1
100,upi,0,NA,NA,NA,1
100,upi,0,NA,NA,NA,0
100,card,0,Visa,credit,ICICI,0
100,card,0,RuPay,credit,HDFC,1
100,upi,0,NA,NA,NA,0
100,upi,0,NA,NA,NA,0
100,card,0,Mastercard,credit,ICICI,0
100,pay later,0,NA,NA,NA,0
100,pay later,0,NA,NA,NA,0
100,wallet,0,NA,NA,NA,0
100,wallet,0,NA,NA,NA,0
100,upi,0,NA,NA,NA,0
100,upi,0,NA,NA,NA,0
100,card,0,Visa,credit,ICICI,0
100,netbanking,0,NA,NA,NA,0
100,emi,0,Visa,credit,Canara Bank,0
100,card,0,American Express,credit,RBL,0
100,card,0,Visa,credit,Bank of Baroda,0
100,upi,0,NA,NA,NA,0
100,upi,0,NA,NA,NA,1
100,pay later,0,NA,NA,NA,0
100,wallet,0,NA,NA,NA,0
100,wallet,0,NA,NA,NA,0
100,upi,0,NA,NA,NA,0
100,upi,0,NA,NA,NA,0
100,upi,0,NA,NA,NA,1
100,card,0,Mastercard,credit,SBI,0
100,emi,0,Mastercard,debit,RBL,0
100,netbanking,0,NA,NA,NA,1
100,upi,0,NA,NA,NA,0
100,wallet,0,NA,NA,NA,0
100,upi,0,NA,NA,NA,1
100,netbanking,0,NA,NA,NA,0
100,card,0,Mastercard,debit,Axis,0
100,upi,0,NA,NA,NA,0
100,card,0,RuPay,debit,Kotak Mahindra,0
100,netbanking,0,NA,NA,NA,1
100,emi,0,Diners,debit,Axis,0
100,upi,0,NA,NA,NA,0
100,upi,0,NA,NA,NA,0
100,upi,0,NA,NA,NA,0
100,card,0,American Express,debit,Canara Bank,0
100,upi,0,NA,NA,NA,0
100,upi,0,NA,NA,NA,0
100,netbanking,0,NA,NA,NA,0
100,netbanking,0,NA,NA,NA,0
100,emi,0,Mastercard,credit,IndusInd,0
100,upi,0,NA,NA,NA,0
100,emi,0,Mastercard,debit,HDFC,0
100,upi,0,NA,NA,NA,0
100,netbanking,0,NA,NA,NA,0
100,upi,0,NA,NA,NA,0
100,card,0,RuPay,debit,ICICI,0
100,wallet,0,NA,NA,NA,0
100,wallet,0,NA,NA,NA,0
100,card,0,Mastercard,debit,Bank of Baroda,0
100,wallet,0,NA,NA,NA,0
100,card,0,RuPay,credit,Kotak Mahindra,0
100,upi,0,NA,NA,NA,0
100,emi,0,Visa,debit,Axis,0
100,upi,0,NA,NA,NA,0
100,card,0,Discover,debit,SBI,0
100,card,0,Mastercard,debit,ICICI,0
100,card,0,Mastercard,credit,ICICI,0
100,pay later,0,NA,NA,NA,0
100,card,0,Visa,credit,Axis,0
100,card,0,Visa,credit,Federal Bank,0
100,card,0,Visa,debit,Bank of Baroda,0
100,wallet,0,NA,NA,NA,0
100,upi,0,NA,NA,NA,0
100,pay later,0,NA,NA,NA,0
100,upi,0,NA,NA,NA,0
100,wallet,0,NA,NA,NA,0
100,netbanking,0,NA,NA,NA,0
100,upi,0,NA,NA,NA,0
100,wallet,0,NA,NA,NA,0
100,netbanking,0,NA,NA,NA,0
100,pay later,0,NA,NA,NA,0
100,netbanking,0,NA,NA,NA,0
100,card,0,Visa,credit,Canara Bank,0
100,card,0,Discover,credit,IndusInd,0
100,wallet,0,NA,NA,NA,0
100,card,0,American Express,credit,IndusInd,0
100,netbanking,0,NA,NA,NA,0
100,netbanking,0,NA,NA,NA,0
100,card,0,Diners,debit,Yes Bank,0
100,pay later,0,NA,NA,NA,1
100,emi,0,Visa,debit,ICICI,0
100,netbanking,0,NA,NA,NA,0
100,emi,0,Visa,debit,HDFC,0
100,wallet,0,NA,NA,NA,0
100,upi,0,NA,NA,NA,0
100,card,0,Visa,credit,ICICI,0
100,upi,0,NA,NA,NA,1
100,card,0,Mastercard,debit,IndusInd,0
100,upi,0,NA,NA,NA,0
100,card,0,Mastercard,debit,Axis,0
100,netbanking,0,NA,NA,NA,0
100,card,0,Mastercard,credit,HDFC,0
100,upi,0,NA,NA,NA,0
100,card,0,Mastercard,credit,HDFC,0
100,emi,0,Diners,debit,ICICI,0
100,upi,0,NA,NA,NA,0
100,upi,0,NA,NA,NA,0
100,wallet,0,NA,NA,NA,0
100,card,0,Mastercard,debit,SBI,0
100,wallet,0,NA,NA,NA,0
100,upi,0,NA,NA,NA,0
100,upi,0,NA,NA,NA,0
100,netbanking,0,NA,NA,NA,0
100,card,0,RuPay,credit,Axis,0
100,pay later,0,NA,NA,NA,0
100,emi,0,Mastercard,debit,IDFC First,0
100,card,0,Visa,debit,Canara Bank,0
100,card,0,RuPay,debit,IndusInd,0
100,upi,0,NA,NA,NA,0
100,pay later,0,NA,NA,NA,0
100,emi,0,Discover,debit,IndusInd,0
100,wallet,0,NA,NA,NA,0
100,netbanking,0,NA,NA,NA,0
100,netbanking,0,NA,NA,NA,0
100,netbanking,0,NA,NA,NA,0
100,emi,0,American Express,credit,ICICI,0
100,upi,0,NA,NA,NA,0
100,upi,0,NA,NA,NA,0
100,card,0,Visa,credit,Federal Bank,0
100,netbanking,0,NA,NA,NA,0
100,card,0,Mastercard,credit,HDFC,0
100,upi,0,NA,NA,NA,0
100,wallet,0,NA,NA,NA,0
100,upi,0,NA,NA,NA,0
100,card,0,Mastercard,debit,SBI,1
100,upi,0,NA,NA,NA,0
100,card,0,Mastercard,debit,HDFC,0
100,upi,0,NA,NA,NA,0
100,upi,0,NA,NA,NA,0
100,upi,0,NA,NA,NA,0
100,netbanking,0,NA,NA,NA,0
100,wallet,0,NA,NA,NA,0
100,wallet,0,NA,NA,NA,0
100,netbanking,0,NA,NA,NA,0
100,wallet,0,NA,NA,NA,0
100,upi,0,NA,NA,NA,0
100,upi,0,NA,NA,NA,0
100,wallet,0,NA,NA,NA,0
100,card,0,Visa,debit,SBI,0
100,emi,0,Diners,debit,Kotak Mahindra,1
100,emi,0,RuPay,credit,Yes Bank,0
100,pay later,0,NA,NA,NA,0
100,card,0,Mastercard,debit,Yes Bank,1
100,upi,0,NA,NA,NA,0
100,card,0,Diners,credit,SBI,0
100,netbanking,0,NA,NA,NA,0
100,netbanking,0,NA,NA,NA,0
100,card,0,Mastercard,debit,Kotak Mahindra,0
100,upi,0,NA,NA,NA,0
100,pay later,0,NA,NA,NA,0
100,emi,0,Visa,credit,RBL,0
100,card,0,RuPay,debit,ICICI,0
100,netbanking,0,NA,NA,NA,0
100,emi,0,Mastercard,debit,HDFC,0
100,card,0,Visa,credit,SBI,0
100,pay later,0,NA,NA,NA,0
100,card,0,Mastercard,credit,Yes Bank,0
100,netbanking,0,NA,NA,NA,0
100,card,0,Mastercard,credit,Kotak Mahindra,0
100,pay later,0,NA,NA,NA,0
100,upi,0,NA,NA,NA,0
100,wallet,0,NA,NA,NA,0
100,emi,0,Visa,credit,ICICI,1
100,pay later,0,NA,NA,NA,0
100,card,0,Visa,debit,Federal Bank,0
100,upi,0,NA,NA,NA,0
100,netbanking,0,NA,NA,NA,1
100,emi,0,Visa,debit,Axis,0
100,netbanking,0,NA,NA,NA,0
100,upi,0,NA,NA,NA,0
100,upi,0,NA,NA,NA,1
100,wallet,0,NA,NA,NA,0
100,upi,0,NA,NA,NA,0
100,wallet,0,NA,NA,NA,0
100,card,0,RuPay,credit,Federal Bank,0
100,upi,0,NA,NA,NA,1
100,upi,0,NA,NA,NA,0
100,emi,0,Visa,debit,Punjab National Bank,0
100,card,0,Diners,debit,Bank of Baroda,0
100,wallet,0,NA,NA,NA,0
100,emi,0,Diners,debit,IndusInd,0
100,wallet,0,NA,NA,NA,0
100,card,0,Visa,credit,HDFC,0
100,netbanking,0,NA,NA,NA,0
100,upi,0,NA,NA,NA,0
100,wallet,0,NA,NA,NA,0
100,wallet,0,NA,NA,NA,0
100,wallet,0,NA,NA,NA,0
100,upi,0,NA,NA,NA,0
100,emi,0,Visa,credit,ICICI,0
100,upi,0,NA,NA,NA,0
100,card,0,Diners,credit,ICICI,0
100,upi,0,NA,NA,NA,0
100,netbanking,0,NA,NA,NA,0
100,netbanking,0,NA,NA,NA,1
100,upi,0,NA,NA,NA,0
100,card,0,RuPay,prepaid,SBI,0
100,upi,0,NA,NA,NA,0
100,upi,0,NA,NA,NA,0
100,card,0,RuPay,credit,Federal Bank,0
100,upi,0,NA,NA,NA,0
100,card,0,Mastercard,debit,Bank of Baroda,0
100,card,0,American Express,credit,Kotak Mahindra,0
100,emi,0,Visa,credit,HDFC,0
100,upi,0,NA,NA,NA,0
100,wallet,0,NA,NA,NA,0
100,card,0,Mastercard,credit,Yes Bank,0
100,netbanking,0,NA,NA,NA,0
100,netbanking,0,NA,NA,NA,0
100,card,0,Visa,debit,Yes Bank,0
100,pay later,0,NA,NA,NA,0
100,upi,0,NA,NA,NA,0
100,emi,0,Visa,debit,Axis,1
100,netbanking,0,NA,NA,NA,0
100,pay later,0,NA,NA,NA,0
100,upi,0,NA,NA,NA,0
100,upi,0,NA,NA,NA,0
100,netbanking,0,NA,NA,NA,0
100,netbanking,0,NA,NA,NA,0
100,emi,0,Visa,credit,IDFC First,0
100,card,0,Mastercard,prepaid,Indian Bank,0
100,pay later,0,NA,NA,NA,0
100,upi,0,NA,NA,NA,0
100,upi,0,NA,NA,NA,0
100,emi,0,Visa,debit,HDFC,0
100,upi,0,NA,NA,NA,0
100,upi,0,NA,NA,NA,0
100,pay later,0,NA,NA,NA,0
100,pay later,0,NA,NA,NA,0
100,upi,0,NA,NA,NA,0
100,wallet,0,NA,NA,NA,0
100,upi,0,NA,NA,NA,0
100,upi,0,NA,NA,NA,0
100,upi,0,NA,NA,NA,0
100,upi,0,NA,NA,NA,0
100,upi,0,NA,NA,NA,0
100,upi,0,NA,NA,NA,0
100,upi,0,NA,NA,NA,0
100,emi,0,Visa,debit,Axis,1
100,netbanking,0,NA,NA,NA,0
100,upi,0,NA,NA,NA,0
100,netbanking,0,NA,NA,NA,1
100,wallet,0,NA,NA,NA,0
100,netbanking,0,NA,NA,NA,0
100,emi,0,Mastercard,credit,RBL,0
100,emi,0,RuPay,credit,Union Bank,0
100,netbanking,0,NA,NA,NA,0
100,netbanking,0,NA,NA,NA,0
100,netbanking,0,NA,NA,NA,0
100,card,0,American Express,debit,Bank of Baroda,0
100,card,0,RuPay,debit,ICICI,0
100,card,0,Visa,credit,Canara Bank,0
100,card,0,Visa,prepaid,Yes Bank,0
100,upi,0,NA,NA,NA,0
100,netbanking,0,NA,NA,NA,0
100,card,0,RuPay,debit,ICICI,0
100,wallet,0,NA,NA,NA,0
100,card,0,Discover,debit,Punjab National Bank,0
100,upi,0,NA,NA,NA,0
100,upi,0,NA,NA,NA,0
100,card,0,Visa,prepaid,Axis,0
100,upi,0,NA,NA,NA,1
100,upi,0,NA,NA,NA,0
100,upi,0,NA,NA,NA,0
100,upi,0,NA,NA,NA,0
100,emi,0,Visa,debit,ICICI,0
100,upi,0,NA,NA,NA,0
100,card,0,RuPay,debit,Axis,0
100,card,0,Visa,credit,Canara Bank,0
100,upi,0,NA,NA,NA,0
100,card,0,Visa,credit,Kotak Mahindra,0
100,upi,0,NA,NA,NA,0
100,card,0,RuPay,credit,Axis,0
100,card,0,RuPay,debit,Kotak Mahindra,0
100,netbanking,0,NA,NA,NA,1
100,wallet,0,NA,NA,NA,0
100,card,0,Visa,debit,SBI,0
100,emi,0,Mastercard,debit,Yes Bank,0
100,card,0,Visa,debit,Kotak Mahindra,0
100,upi,0,NA,NA,NA,0
100,netbanking,0,NA,NA,NA,0
100,netbanking,0,NA,NA,NA,0
100,upi,0,NA,NA,NA,0
100,pay later,0,NA,NA,NA,0
100,upi,0,NA,NA,NA,0
100,upi,0,NA,NA,NA,0
100,wallet,0,NA,NA,NA,0
100,wallet,0,NA,NA,NA,0
100,card,0,Discover,credit,SBI,0
100,card,0,American Express,debit,Kotak Mahindra,1
100,upi,0,NA,NA,NA,0
100,emi,0,Visa,credit,HDFC,0
100,emi,0,Mastercard,credit,IndusInd,0
100,upi,0,NA,NA,NA,0
100,upi,0,NA,NA,NA,0
100,card,0,RuPay,debit,HDFC,0
100,netbanking,0,NA,NA,NA,0
100,upi,0,NA,NA,NA,0
100,card,0,Visa,debit,HDFC,0
100,card,0,Visa,credit,Union Bank,0
100,pay later,0,NA,NA,NA,0
100,upi,0,NA,NA,NA,0
100,netbanking,0,NA,NA,NA,0
100,card,0,RuPay,debit,HDFC,0
100,upi,0,NA,NA,NA,0
100,card,0,Mastercard,credit,Union Bank,0
100,netbanking,0,NA,NA,NA,0
100,netbanking,0,NA,NA,NA,1
100,upi,0,NA,NA,NA,0
100,card,0,Visa,debit,IndusInd,0
100,upi,0,NA,NA,NA,0
100,emi,0,RuPay,credit,ICICI,0
100,netbanking,0,NA,NA,NA,1
100,pay later,0,NA,NA,NA,0
100,upi,0,NA,NA,NA,0
100,upi,0,NA,NA,NA,0
100,card,0,Visa,debit,Yes Bank,0
100,upi,0,NA,NA,NA,0
100,card,0,Mastercard,debit,Axis,0
100,upi,0,NA,NA,NA,0
100,wallet,0,NA,NA,NA,0
100,card,0,Visa,credit,Axis,0
100,upi,0,NA,NA,NA,0
100,upi,0,NA,NA,NA,0
100,card,0,Mastercard,credit,HDFC,0
100,card,0,Mastercard,debit,HDFC,0
100,emi,0,Visa,debit,IndusInd,0
100,card,0,Visa,credit,ICICI,0
100,netbanking,0,NA,NA,NA,0
100,upi,0,NA,NA,NA,0
100,upi,0,NA,NA,NA,0
100,upi,0,NA,NA,NA,0
100,card,0,Visa,debit,Kotak Mahindra,0
100,netbanking,0,NA,NA,NA,0
100,upi,0,NA,NA,NA,0
100,upi,0,NA,NA,NA,0
100,upi,0,NA,NA,NA,0
100,upi,0,NA,NA,NA,0
100,upi,0,NA,NA,NA,0
100,card,0,RuPay,credit,HDFC,0
100,upi,0,NA,NA,NA,0
100,netbanking,0,NA,NA,NA,0
100,upi,0,NA,NA,NA,0
100,card,0,Discover,credit,HDFC,0
100,upi,0,NA,NA,NA,0
100,card,0,American Express,debit,Yes Bank,1
100,card,0,Mastercard,credit,ICICI,0
100,emi,0,American Express,credit,Federal Bank,0
100,upi,0,NA,NA,NA,0
100,emi,0,Visa,debit,SBI,0
100,card,0,Visa,debit,Axis,0
100,card,0,Visa,prepaid,Canara Bank,0
100,upi,0,NA,NA,NA,0
100,upi,0,NA,NA,NA,0
100,card,0,Visa,debit,HDFC,0
100,netbanking,0,NA,NA,NA,0
100,pay later,0,NA,NA,NA,0
100,emi,0,Visa,credit,ICICI,0
100,card,0,Mastercard,credit,IDFC First,0
100,emi,0,Mastercard,credit,ICICI,1
100,upi,0,NA,NA,NA,0
100,upi,0,NA,NA,NA,0
100,upi,0,NA,NA,NA,0
100,card,0,Mastercard,debit,Axis,0
100,netbanking,0,NA,NA,NA,1
100,card,0,Mastercard,debit,Axis,0
100,pay later,0,NA,NA,NA,0
100,card,0,Visa,debit,ICICI,0
100,card,0,Visa,credit,Axis,0
100,wallet,0,NA,NA,NA,0
100,emi,0,Mastercard,debit,SBI,0
100,netbanking,0,NA,NA,NA,0
100,wallet,0,NA,NA,NA,0
100,card,0,Mastercard,debit,Kotak Mahindra,0
100,upi,0,NA,NA,NA,0
100,card,0,Visa,debit,SBI,0
100,upi,0,NA,NA,NA,0
100,upi,0,NA,NA,NA,0
100,card,0,Visa,debit,Canara Bank,0
100,upi,0,NA,NA,NA,0
100,card,0,Visa,credit,IndusInd,0
100,pay later,0,NA,NA,NA,0
100,card,0,Visa,credit,RBL,0
100,card,0,Visa,credit,Canara Bank,0
100,upi,0,NA,NA,NA,0
100,card,0,Mastercard,credit,Bank of Baroda,0
100,netbanking,0,NA,NA,NA,0
100,emi,0,RuPay,debit,Kotak Mahindra,0
100,upi,0,NA,NA,NA,0
100,upi,0,NA,NA,NA,0
100,netbanking,0,NA,NA,NA,0
100,card,0,RuPay,debit,Indian Bank,0
100,card,0,Visa,debit,HDFC,0
100,netbanking,0,NA,NA,NA,0
100,card,0,RuPay,credit,Axis,0
100,wallet,0,NA,NA,NA,0
100,upi,0,NA,NA,NA,0
100,upi,0,NA,NA,NA,0
100,wallet,0,NA,NA,NA,0
100,card,0,Mastercard,credit,IDFC First,0
100,upi,0,NA,NA,NA,0
100,card,0,Visa,debit,HDFC,0
100,upi,0,NA,NA,NA,0
100,card,0,Visa,debit,Kotak Mahindra,0
100,netbanking,0,NA,NA,NA,0
100,card,0,Visa,credit,Indian Bank,0
100,emi,0,American Express,credit,HDFC,1
100,upi,0,NA,NA,NA,0
100,upi,0,NA,NA,NA,0
100,card,0,Mastercard,debit,IndusInd,0
100,upi,0,NA,NA,NA,0
100,netbanking,0,NA,NA,NA,1
100,upi,0,NA,NA,NA,0
100,emi,0,Mastercard,debit,ICICI,0
100,card,0,Mastercard,credit,HDFC,0
100,card,0,Visa,credit,SBI,0
100,wallet,0,NA,NA,NA,0
100,card,0,American Express,credit,Yes Bank,0
100,card,0,American Express,debit,Canara Bank,0
100,card,0,Visa,debit,HDFC,0
100,card,0,Mastercard,credit,Indian Bank,0
100,netbanking,0,NA,NA,NA,0
100,upi,0,NA,NA,NA,0
100,upi,0,NA,NA,NA,0
100,upi,0,NA,NA,NA,0
100,card,0,Mastercard,credit,Bank of Baroda,0
100,wallet,0,NA,NA,NA,0
100,upi,0,NA,NA,NA,0
100,card,0,Mastercard,debit,HDFC,0
100,card,0,Mastercard,debit,SBI,0
100,emi,0,RuPay,debit,Kotak Mahindra,0
100,emi,0,RuPay,debit,ICICI,0
100,wallet,0,NA,NA,NA,0
100,wallet,0,NA,NA,NA,0
100,card,0,Discover,debit,Federal Bank,0
100,emi,0,Mastercard,credit,Axis,0
100,wallet,0,NA,NA,NA,0
100,pay later,0,NA,NA,NA,0
100,upi,0,NA,NA,NA,0
100,card,0,RuPay,credit,Indian Bank,0
100,card,0,Diners,credit,HDFC,0
100,wallet,0,NA,NA,NA,1
100,card,0,Mastercard,credit,SBI,0
100,upi,0,NA,NA,NA,0
100,upi,0,NA,NA,NA,1
100,card,0,Visa,credit,Federal Bank,0
100,card,0,Visa,credit,Axis,0
100,upi,0,NA,NA,NA,0
100,card,0,RuPay,debit,SBI,1
100,card,0,Visa,credit,ICICI,0
100,card,0,Visa,debit,SBI,0
100,emi,0,Visa,credit,Kotak Mahindra,0
100,card,0,Discover,debit,HDFC,0
100,card,0,American Express,debit,Canara Bank,1
100,upi,0,NA,NA,NA,0
100,netbanking,0,NA,NA,NA,0
100,emi,0,Mastercard,credit,IDFC First,0
100,upi,0,NA,NA,NA,0
100,emi,0,Discover,debit,Axis,0
100,upi,0,NA,NA,NA,1
100,wallet,0,NA,NA,NA,1
100,netbanking,0,NA,NA,NA,0
100,wallet,0,NA,NA,NA,0
100,upi,0,NA,NA,NA,0
100,upi,0,NA,NA,NA,0
100,card,0,Diners,debit,HDFC,0
100,upi,0,NA,NA,NA,0
100,upi,0,NA,NA,NA,0
100,pay later,0,NA,NA,NA,1
100,emi,0,Mastercard,debit,ICICI,0
100,netbanking,0,NA,NA,NA,0
100,pay later,0,NA,NA,NA,0
100,upi,0,NA,NA,NA,0
100,card,0,Mastercard,credit,RBL,0
100,upi,0,NA,NA,NA,0
100,upi,0,NA,NA,NA,0
100,card,0,Mastercard,credit,Federal Bank,0
100,upi,0,NA,NA,NA,0
100,netbanking,0,NA,NA,NA,1
100,wallet,0,NA,NA,NA,0
100,card,0,Visa,credit,Axis,0
100,wallet,0,NA,NA,NA,0
100,netbanking,0,NA,NA,NA,0
100,card,0,Mastercard,credit,SBI,0
100,pay later,0,NA,NA,NA,0
100,wallet,0,NA,NA,NA,0
100,pay later,0,NA,NA,NA,0
100,upi,0,NA,NA,NA,1
100,card,0,Visa,credit,ICICI,0
100,upi,0,NA,NA,NA,0
100,emi,0,Mastercard,debit,ICICI,0
100,netbanking,0,NA,NA,NA,0
100,wallet,0,NA,NA,NA,0
100,upi,0,NA,NA,NA,1
100,card,0,Visa,credit,HDFC,1
100,card,0,RuPay,credit,IndusInd,0
100,card,0,American Express,debit,Federal Bank,0
100,card,0,Mastercard,debit,SBI,0
100,upi,0,NA,NA,NA,0
100,emi,0,RuPay,debit,IndusInd,1
100,upi,0,NA,NA,NA,0
100,upi,0,NA,NA,NA,0
100,pay later,0,NA,NA,NA,0
100,upi,0,NA,NA,NA,0
100,upi,0,NA,NA,NA,0
100,card,0,Mastercard,debit,Axis,0
100,card,0,RuPay,prepaid,IDFC First,0
100,upi,0,NA,NA,NA,0
100,netbanking,0,NA,NA,NA,0
100,upi,0,NA,NA,NA,0
100,card,0,Diners,credit,Punjab National Bank,0
100,upi,0,NA,NA,NA,0
100,netbanking,0,NA,NA,NA,0
100,netbanking,0,NA,NA,NA,0
100,upi,0,NA,NA,NA,0
100,card,0,Discover,credit,HDFC,0
100,wallet,0,NA,NA,NA,0
100,card,0,Discover,debit,ICICI,0
100,netbanking,0,NA,NA,NA,0
100,netbanking,0,NA,NA,NA,0
100,netbanking,0,NA,NA,NA,0
100,card,0,Visa,credit,Kotak Mahindra,1
100,upi,0,NA,NA,NA,0
100,card,0,Discover,credit,Federal Bank,1
100,pay later,0,NA,NA,NA,0
100,emi,0,Visa,credit,Punjab National Bank,1
100,upi,0,NA,NA,NA,0
100,upi,0,NA,NA,NA,1
100,upi,0,NA,NA,NA,0
100,card,0,Visa,credit,Axis,0
100,card,0,Visa,credit,HDFC,0
100,netbanking,0,NA,NA,NA,0
100,upi,0,NA,NA,NA,0
100,card,0,Discover,prepaid,IndusInd,0
100,card,0,Mastercard,credit,Axis,0
100,card,0,Visa,prepaid,Bank of Baroda,0
100,upi,0,NA,NA,NA,0
100,upi,0,NA,NA,NA,0
100,upi,0,NA,NA,NA,0
100,emi,0,Visa,debit,ICICI,0
100,card,0,Visa,credit,Canara Bank,0
100,card,0,Mastercard,debit,ICICI,0
100,card,0,Mastercard,debit,HDFC,1
100,card,0,Visa,credit,IndusInd,0
100,pay later,0,NA,NA,NA,0
100,card,0,Diners,credit,RBL,0
100,upi,0,NA,NA,NA,0
100,upi,0,NA,NA,NA,0
100,emi,0,Mastercard,debit,ICICI,0
100,upi,0,NA,NA,NA,0
100,upi,0,NA,NA,NA,0
100,card,0,Visa,prepaid,RBL,0
100,upi,0,NA,NA,NA,1
100,upi,0,NA,NA,NA,0
100,upi,0,NA,NA,NA,0
100,netbanking,0,NA,NA,NA,0
100,card,0,Mastercard,credit,SBI,0
100,card,0,Visa,credit,HDFC,0
100,netbanking,0,NA,NA,NA,0
100,card,0,Visa,credit,HDFC,1
100,card,0,Visa,credit,HDFC,0
100,wallet,0,NA,NA,NA,0
100,pay later,0,NA,NA,NA,1
100,netbanking,0,NA,NA,NA,0
100,card,0,American Express,credit,HDFC,0
100,card,0,Mastercard,credit,IDFC First,0
100,upi,0,NA,NA,NA,0
100,upi,0,NA,NA,NA,0
100,card,0,Mastercard,debit,SBI,0
100,upi,0,NA,NA,NA,0
100,upi,0,NA,NA,NA,0
100,emi,0,Visa,credit,SBI,0
100,wallet,0,NA,NA,NA,0
100,netbanking,0,NA,NA,NA,0
100,upi,0,NA,NA,NA,0
100,pay later,0,NA,NA,NA,0
100,card,0,Mastercard,debit,SBI,0
100,card,0,Visa,debit,ICICI,0
100,card,0,Mastercard,debit,HDFC,0
100,card,0,American Express,debit,SBI,0
100,upi,0,NA,NA,NA,0
100,upi,0,NA,NA,NA,0
100,upi,0,NA,NA,NA,0
100,netbanking,0,NA,NA,NA,0
100,upi,0,NA,NA,NA,0
100,upi,0,NA,NA,NA,0
100,upi,0,NA,NA,NA,0
100,pay later,0,NA,NA,NA,0
100,card,0,Visa,debit,ICICI,0
100,netbanking,0,NA,NA,NA,0
100,wallet,0,NA,NA,NA,0
100,card,0,Mastercard,debit,HDFC,0
100,upi,0,NA,NA,NA,0
100,upi,0,NA,NA,NA,0
100,card,0,Visa,credit,Canara Bank,0
100,upi,0,NA,NA,NA,0
100,card,0,RuPay,prepaid,IndusInd,0
100,card,0,RuPay,credit,IDFC First,0
100,card,0,Mastercard,debit,ICICI,1
100,upi,0,NA,NA,NA,0
100,card,0,Visa,prepaid,Punjab National Bank,0
100,wallet,0,NA,NA,NA,0
100,emi,0,Visa,debit,Federal Bank,0
100,card,0,Visa,debit,Indian Bank,0
100,card,0,RuPay,credit,IDFC First,1
100,upi,0,NA,NA,NA,0
100,wallet,0,NA,NA,NA,0
100,upi,0,NA,NA,NA,0
100,pay later,0,NA,NA,NA,0
100,upi,0,NA,NA,NA,0
100,card,0,Mastercard,credit,RBL,1
100,upi,0,NA,NA,NA,0
100,upi,0,NA,NA,NA,0
100,upi,0,NA,NA,NA,0
100,upi,0,NA,NA,NA,0
100,upi,0,NA,NA,NA,0
100,upi,0,NA,NA,NA,0
100,netbanking,0,NA,NA,NA,0
100,card,0,Mastercard,credit,HDFC,0
100,netbanking,0,NA,NA,NA,0
100,card,0,RuPay,prepaid,Axis,0
100,upi,0,NA,NA,NA,0
100,wallet,0,NA,NA,NA,0
100,emi,0,Mastercard,debit,HDFC,0
100,upi,0,NA,NA,NA,0
100,card,0,Mastercard,credit,Axis,0
100,upi,0,NA,NA,NA,0
100,card,0,Visa,credit,HDFC,0
100,wallet,0,NA,NA,NA,0
100,upi,0,NA,NA,NA,0
100,upi,0,NA,NA,NA,0
100,upi,0,NA,NA,NA,0
100,netbanking,0,NA,NA,NA,0
100,upi,0,NA,NA,NA,0
100,card,0,Mastercard,debit,SBI,0
100,card,0,American Express,credit,HDFC,0
100,card,0,American Express,credit,ICICI,0
100,upi,0,NA,NA,NA,0
100,emi,0,Visa,debit,Union Bank,0
100,upi,0,NA,NA,NA,1
100,card,0,Visa,credit,Bank of Baroda,0
100,emi,0,Mastercard,debit,Bank of Baroda,0
100,pay later,0,NA,NA,NA,1
100,card,0,RuPay,credit,HDFC,0
100,wallet,0,NA,NA,NA,0
100,wallet,0,NA,NA,NA,0
100,wallet,0,NA,NA,NA,0
100,wallet,0,NA,NA,NA,0
100,upi,0,NA,NA,NA,0
100,netbanking,0,NA,NA,NA,0
100,netbanking,0,NA,NA,NA,0
100,emi,0,Visa,credit,IndusInd,0
100,wallet,0,NA,NA,NA,0
100,card,0,Mastercard,debit,SBI,0
100,card,0,RuPay,debit,ICICI,0
100,card,0,RuPay,debit,ICICI,0
100,card,0,Visa,debit,IndusInd,0
100,upi,0,NA,NA,NA,0
100,upi,0,NA,NA,NA,0
100,upi,0,NA,NA,NA,0
100,card,0,Mastercard,prepaid,Federal Bank,0
100,card,0,Visa,credit,SBI,0
100,pay later,0,NA,NA,NA,0
100,card,0,Mastercard,debit,Bank of Baroda,0
100,wallet,0,NA,NA,NA,0
100,netbanking,0,NA,NA,NA,0
100,emi,0,Visa,credit,Kotak Mahindra,0
100,emi,0,Visa,credit,HDFC,0
100,card,0,Visa,credit,Yes Bank,0
100,upi,0,NA,NA,NA,0
100,emi,0,Visa,debit,Yes Bank,0
100,upi,0,NA,NA,NA,0
100,emi,0,Visa,credit,IDFC First,0
100,netbanking,0,NA,NA,NA,0
100,wallet,0,NA,NA,NA,0
100,pay later,0,NA,NA,NA,0
100,card,0,RuPay,prepaid,SBI,0
100,netbanking,0,NA,NA,NA,0
100,upi,0,NA,NA,NA,0
100,upi,0,NA,NA,NA,0
100,upi,0,NA,NA,NA,0
100,pay later,0,NA,NA,NA,0
100,emi,0,Discover,debit,Kotak Mahindra,0
100,wallet,0,NA,NA,NA,0
100,upi,0,NA,NA,NA,0
100,emi,0,RuPay,debit,IndusInd,1
100,netbanking,0,NA,NA,NA,0
100,netbanking,0,NA,NA,NA,0
100,emi,0,Visa,credit,IDFC First,0
100,wallet,0,NA,NA,NA,1
100,card,0,Mastercard,credit,Kotak Mahindra,0
100,card,0,Mastercard,credit,SBI,0
100,card,0,Discover,debit,ICICI,0
100,upi,0,NA,NA,NA,0
100,pay later,0,NA,NA,NA,0
100,upi,0,NA,NA,NA,0
100,netbanking,0,NA,NA,NA,1
100,upi,0,NA,NA,NA,0
100,netbanking,0,NA,NA,NA,0
100,emi,0,American Express,credit,Punjab National Bank,0
100,card,0,Visa,debit,Kotak Mahindra,0
100,netbanking,0,NA,NA,NA,0
100,upi,0,NA,NA,NA,0
100,pay later,0,NA,NA,NA,1
100,wallet,0,NA,NA,NA,0
100,card,0,RuPay,debit,Yes Bank,0
100,netbanking,0,NA,NA,NA,0
100,wallet,0,NA,NA,NA,0
100,upi,0,NA,NA,NA,0
100,upi,0,NA,NA,NA,0
100,emi,0,Mastercard,debit,Bank of Baroda,0
100,upi,0,NA,NA,NA,0
100,wallet,0,NA,NA,NA,0
100,upi,0,NA,NA,NA,0
100,card,0,Discover,credit,HDFC,0
100,upi,0,NA,NA,NA,0
100,card,0,Visa,credit,HDFC,0
100,emi,0,Visa,debit,Kotak Mahindra,0
100,upi,0,NA,NA,NA,0
100,upi,0,NA,NA,NA,1
100,upi,0,NA,NA,NA,0
100,wallet,0,NA,NA,NA,0
100,upi,0,NA,NA,NA,0
100,netbanking,0,NA,NA,NA,0
100,card,0,Visa,debit,SBI,0
100,upi,0,NA,NA,NA,0
100,upi,0,NA,NA,NA,0
100,card,0,RuPay,credit,Punjab National Bank,0
100,card,0,RuPay,debit,Bank of Baroda,0
100,upi,0,NA,NA,NA,0
100,pay later,0,NA,NA,NA,1
100,upi,0,NA,NA,NA,0
100,card,0,Mastercard,credit,HDFC,0
100,emi,0,Visa,debit,Yes Bank,1
100,upi,0,NA,NA,NA,0
100,upi,0,NA,NA,NA,0
100,card,0,Mastercard,credit,Union Bank,0
100,upi,0,NA,NA,NA,0
100,emi,0,Visa,debit,Axis,1
100,upi,0,NA,NA,NA,0
100,upi,0,NA,NA,NA,0
100,upi,0,NA,NA,NA,0
100,upi,0,NA,NA,NA,0
100,card,0,Mastercard,credit,Yes Bank,0
100,netbanking,0,NA,NA,NA,0
100,upi,0,NA,NA,NA,0
100,upi,0,NA,NA,NA,0
100,upi,0,NA,NA,NA,0
100,pay later,0,NA,NA,NA,0
100,netbanking,0,NA,NA,NA,0
100,netbanking,0,NA,NA,NA,0
100,upi,0,NA,NA,NA,0
100,upi,0,NA,NA,NA,0
100,netbanking,0,NA,NA,NA,1
100,emi,0,Mastercard,debit,HDFC,0
100,emi,0,Visa,debit,Axis,0
100,upi,0,NA,NA,NA,0
100,emi,0,Visa,debit,Axis,0
100,upi,0,NA,NA,NA,0
100,card,0,Visa,debit,Union Bank,0
100,pay later,0,NA,NA,NA,0
100,netbanking,0,NA,NA,NA,0
100,card,0,Visa,credit,SBI,0
100,upi,0,NA,NA,NA,0
100,netbanking,0,NA,NA,NA,0
100,pay later,0,NA,NA,NA,0
100,wallet,0,NA,NA,NA,0
100,card,0,RuPay,prepaid,IDFC First,0
100,upi,0,NA,NA,NA,0
100,wallet,0,NA,NA,NA,0
100,netbanking,0,NA,NA,NA,0
100,card,0,Mastercard,credit,HDFC,0
100,upi,0,NA,NA,NA,1
100,card,0,Mastercard,debit,IDFC First,0
100,pay later,0,NA,NA,NA,0
100,card,0,Mastercard,credit,ICICI,1
100,upi,0,NA,NA,NA,0
100,card,0,Visa,credit,Punjab National Bank,0
100,upi,0,NA,NA,NA,1
100,upi,0,NA,NA,NA,1
100,card,0,RuPay,credit,Axis,0
100,card,0,Visa,credit,ICICI,1
100,netbanking,0,NA,NA,NA,0
100,upi,0,NA,NA,NA,0
100,upi,0,NA,NA,NA,0
100,upi,0,NA,NA,NA,0
100,upi,0,NA,NA,NA,0
100,upi,0,NA,NA,NA,0
100,card,0,Visa,debit,Bank of Baroda,0
100,card,0,Visa,debit,ICICI,0
100,card,0,Visa,credit,Union Bank,0
100,upi,0,NA,NA,NA,0
100,wallet,0,NA,NA,NA,0
100,card,0,Visa,debit,IDFC First,0
100,card,0,RuPay,credit,HDFC,0
100,netbanking,0,NA,NA,NA,0
100,card,0,RuPay,prepaid,IndusInd,0
100,card,0,RuPay,credit,ICICI,1
100,netbanking,0,NA,NA,NA,0
100,emi,0,Visa,debit,HDFC,1
100,card,0,RuPay,credit,RBL,0
100,wallet,0,NA,NA,NA,0
100,card,0,RuPay,credit,Canara Bank,0
100,upi,0,NA,NA,NA,0
100,wallet,0,NA,NA,NA,0
100,upi,0,NA,NA,NA,0
100,card,0,Visa,credit,RBL,0
100,netbanking,0,NA,NA,NA,0
100,upi,0,NA,NA,NA,0
100,card,0,Visa,credit,HDFC,0
100,netbanking,0,NA,NA,NA,0
100,upi,0,NA,NA,NA,0
100,card,0,Mastercard,debit,SBI,0
100,wallet,0,NA,NA,NA,0
100,netbanking,0,NA,NA,NA,0
100,card,0,Visa,credit,Yes Bank,0
100,wallet,0,NA,NA,NA,0
100,upi,0,NA,NA,NA,0
100,card,0,Mastercard,debit,ICICI,0
100,card,0,Visa,credit,Axis,0
100,card,0,Visa,debit,SBI,1
100,card,0,Mastercard,debit,ICICI,0
100,card,0,Mastercard,credit,HDFC,0
100,upi,0,NA,NA,NA,0
100,upi,0,NA,NA,NA,0
100,netbanking,0,NA,NA,NA,0
100,card,0,Visa,debit,RBL,0
100,card,0,American Express,debit,Indian Bank,0
100,card,0,Visa,debit,Yes Bank,0
100,netbanking,0,NA,NA,NA,0
100,card,0,RuPay,credit,Axis,0
100,card,0,RuPay,debit,HDFC,0
100,upi,0,NA,NA,NA,0
100,netbanking,0,NA,NA,NA,0
100,card,0,Visa,credit,Kotak Mahindra,0
100,card,0,Diners,debit,ICICI,0
100,upi,0,NA,NA,NA,0
100,upi,0,NA,NA,NA,0
100,upi,0,NA,NA,NA,0
100,card,0,Mastercard,debit,HDFC,0
100,upi,0,NA,NA,NA,0
100,card,0,Mastercard,debit,SBI,0
100,netbanking,0,NA,NA,NA,0
100,emi,0,RuPay,debit,Kotak Mahindra,1
100,upi,0,NA,NA,NA,0
100,netbanking,0,NA,NA,NA,0
100,upi,0,NA,NA,NA,0
100,upi,0,NA,NA,NA,1
100,card,0,Mastercard,credit,Axis,0
100,upi,0,NA,NA,NA,0
100,emi,0,American Express,credit,Bank of Baroda,0
100,wallet,0,NA,NA,NA,0
100,card,0,Visa,debit,IndusInd,0
100,upi,0,NA,NA,NA,0
100,card,0,Discover,debit,HDFC,0
100,upi,0,NA,NA,NA,0
100,upi,0,NA,NA,NA,0
100,card,0,Mastercard,debit,Axis,0
100,upi,0,NA,NA,NA,0
100,emi,0,Visa,debit,HDFC,0
100,card,0,Visa,debit,IDFC First,0
100,card,0,Mastercard,credit,HDFC,0
100,upi,0,NA,NA,NA,1
100,upi,0,NA,NA,NA,0
100,netbanking,0,NA,NA,NA,0
100,upi,0,NA,NA,NA,0
100,card,0,American Express,credit,HDFC,0
100,card,0,Visa,credit,ICICI,0
100,card,0,RuPay,debit,RBL,1
100,pay later,0,NA,NA,NA,0
100,netbanking,0,NA,NA,NA,0
100,upi,0,NA,NA,NA,0
100,card,0,Diners,debit,Axis,0
100,upi,0,NA,NA,NA,0
100,upi,0,NA,NA,NA,0
100,card,0,Visa,debit,Axis,0
100,card,0,Visa,credit,IndusInd,0
100,upi,0,NA,NA,NA,0
100,upi,0,NA,NA,NA,0
100,pay later,0,NA,NA,NA,0
100,emi,0,Visa,credit,SBI,0
100,card,0,Visa,credit,ICICI,0
100,card,0,American Express,debit,Canara Bank,0
100,upi,0,NA,NA,NA,1
100,wallet,0,NA,NA,NA,0
100,card,0,Mastercard,credit,ICICI,0
100,upi,0,NA,NA,NA,1
100,upi,0,NA,NA,NA,0
100,upi,0,NA,NA,NA,1
100,wallet,0,NA,NA,NA,0
100,pay later,0,NA,NA,NA,0
100,netbanking,0,NA,NA,NA,0
100,upi,0,NA,NA,NA,0
100,card,0,Mastercard,credit,Punjab National Bank,0
100,card,0,Mastercard,debit,HDFC,0
100,upi,0,NA,NA,NA,0
100,upi,0,NA,NA,NA,1
100,pay later,0,NA,NA,NA,0
100,emi,0,Visa,debit,SBI,0
100,pay later,0,NA,NA,NA,0
100,upi,0,NA,NA,NA,0
100,wallet,0,NA,NA,NA,0
100,upi,0,NA,NA,NA,0
100,emi,0,Visa,credit,SBI,0
100,netbanking,0,NA,NA,NA,0
100,emi,0,Visa,credit,ICICI,0
100,upi,0,NA,NA,NA,0
100,upi,0,NA,NA,NA,0
100,card,0,Visa,debit,Kotak Mahindra,1
100,card,0,Diners,prepaid,ICICI,0
100,upi,0,NA,NA,NA,0
100,wallet,0,NA,NA,NA,0
100,pay later,0,NA,NA,NA,0
100,netbanking,0,NA,NA,NA,1
100,pay later,0,NA,NA,NA,0
100,card,0,American Express,credit,RBL,0
100,upi,0,NA,NA,NA,0
100,upi,0,NA,NA,NA,0
100,card,0,Mastercard,prepaid,HDFC,0
100,card,0,American Express,credit,Kotak Mahindra,0
100,upi,0,NA,NA,NA,0
100,upi,0,NA,NA,NA,0
100,card,0,Mastercard,credit,SBI,0
100,upi,0,NA,NA,NA,0
100,wallet,0,NA,NA,NA,1
100,pay later,0,NA,NA,NA,0
100,upi,0,NA,NA,NA,0
100,upi,0,NA,NA,NA,0
100,card,0,Mastercard,debit,Axis,0
100,card,0,Visa,credit,ICICI,0
100,emi,0,Mastercard,credit,Canara Bank,0
100,upi,0,NA,NA,NA,0
100,card,0,Mastercard,credit,SBI,0
100,card,0,Mastercard,credit,IDFC First,0
100,netbanking,0,NA,NA,NA,0
100,netbanking,0,NA,NA,NA,0
100,pay later,0,NA,NA,NA,1
100,card,0,Mastercard,credit,Kotak Mahindra,0
100,netbanking,0,NA,NA,NA,0
100,upi,0,NA,NA,NA,0
100,netbanking,0,NA,NA,NA,0
100,card,0,Mastercard,debit,Axis,0
100,upi,0,NA,NA,NA,0
100,upi,0,NA,NA,NA,1
100,pay later,0,NA,NA,NA,0
100,upi,0,NA,NA,NA,0
100,card,0,Mastercard,credit,Punjab National Bank,0
100,upi,0,NA,NA,NA,0
100,wallet,0,NA,NA,NA,0
100,upi,0,NA,NA,NA,0
100,netbanking,0,NA,NA,NA,0
100,emi,0,Mastercard,credit,ICICI,0
100,upi,0,NA,NA,NA,0
100,card,0,Visa,debit,Kotak Mahindra,0
100,upi,0,NA,NA,NA,0
100,upi,0,NA,NA,NA,0
100,card,0,Visa,debit,SBI,0
100,card,0,Visa,debit,RBL,0
100,upi,0,NA,NA,NA,0
100,card,0,Visa,debit,HDFC,0
100,upi,0,NA,NA,NA,0
100,netbanking,0,NA,NA,NA,0
100,card,0,Visa,credit,Canara Bank,0
100,pay later,0,NA,NA,NA,0
100,emi,0,Visa,debit,Axis,0
100,card,0,RuPay,credit,HDFC,0
100,upi,0,NA,NA,NA,0
100,upi,0,NA,NA,NA,0
100,pay later,0,NA,NA,NA,0
100,upi,0,NA,NA,NA,0
100,upi,0,NA,NA,NA,0
100,card,0,RuPay,credit,Axis,0
100,upi,0,NA,NA,NA,0
100,card,0,Mastercard,credit,HDFC,0
100,wallet,0,NA,NA,NA,0
100,emi,0,Visa,credit,Axis,0
100,netbanking,0,NA,NA,NA,0
100,upi,0,NA,NA,NA,0
100,card,0,Mastercard,credit,SBI,0
100,upi,0,NA,NA,NA,0
100,upi,0,NA,NA,NA,0
100,wallet,0,NA,NA,NA,0
100,card,0,Visa,credit,Indian Bank,0
100,card,0,RuPay,credit,Axis,0
100,card,0,Mastercard,debit,SBI,0
100,upi,0,NA,NA,NA,0
100,card,0,Diners,credit,IDFC First,0
100,wallet,0,NA,NA,NA,0
100,upi,0,NA,NA,NA,0
100,netbanking,0,NA,NA,NA,0
100,card,0,American Express,credit,Kotak Mahindra,0
100,card,0,Mastercard,debit,Axis,0
100,card,0,Visa,debit,Canara Bank,0
100,netbanking,0,NA,NA,NA,0
100,card,0,Visa,credit,Axis,0
100,emi,0,Discover,credit,Canara Bank,1
100,netbanking,0,NA,NA,NA,0
100,upi,0,NA,NA,NA,0
100,upi,0,NA,NA,NA,0
100,upi,0,NA,NA,NA,0
100,upi,0,NA,NA,NA,0
100,upi,0,NA,NA,NA,0
100,pay later,0,NA,NA,NA,0
100,card,0,Mastercard,credit,IndusInd,0
100,upi,0,NA,NA,NA,0
100,netbanking,0,NA,NA,NA,0
100,upi,0,NA,NA,NA,0
100,card,0,Visa,credit,Axis,0
100,emi,0,Mastercard,debit,Axis,0
100,upi,0,NA,NA,NA,0
100,emi,0,Visa,prepaid,Canara Bank,0
100,card,0,Mastercard,credit,IDFC First,0
100,card,0,Mastercard,debit,ICICI,0
100,upi,0,NA,NA,NA,0
100,netbanking,0,NA,NA,NA,0
100,emi,0,Visa,debit,Kotak Mahindra,0
100,upi,0,NA,NA,NA,0
100,upi,0,NA,NA,NA,0
100,card,0,Mastercard,credit,Axis,0
100,card,0,Mastercard,credit,Federal Bank,0
100,upi,0,NA,NA,NA,0
100,card,0,Visa,debit,IDFC First,0
100,upi,0,NA,NA,NA,0
100,upi,0,NA,NA,NA,0
100,upi,0,NA,NA,NA,0
100,netbanking,0,NA,NA,NA,0
100,wallet,0,NA,NA,NA,0
100,upi,0,NA,NA,NA,1
100,pay later,0,NA,NA,NA,0
100,upi,0,NA,NA,NA,0
100,card,0,Visa,debit,RBL,0
100,card,0,Visa,debit,Axis,0
100,netbanking,0,NA,NA,NA,0
100,card,0,Diners,credit,ICICI,1
100,upi,0,NA,NA,NA,0
100,netbanking,0,NA,NA,NA,0
100,card,0,Discover,credit,Axis,0
100,card,0,Visa,credit,Axis,0
100,card,0,Visa,credit,SBI,0
100,card,0,Visa,debit,Union Bank,0
100,netbanking,0,NA,NA,NA,0
100,upi,0,NA,NA,NA,0
100,card,0,RuPay,credit,ICICI,0
100,card,0,RuPay,credit,HDFC,0
100,card,0,RuPay,credit,SBI,0
100,card,0,Visa,credit,HDFC,0
100,wallet,0,NA,NA,NA,1
100,upi,0,NA,NA,NA,0
100,upi,0,NA,NA,NA,0
100,card,0,RuPay,credit,IndusInd,0
100,card,0,Visa,credit,Kotak Mahindra,0
100,upi,0,NA,NA,NA,0
100,upi,0,NA,NA,NA,0
100,emi,0,Mastercard,credit,HDFC,0
100,card,0,RuPay,credit,SBI,0
100,wallet,0,NA,NA,NA,1
100,wallet,0,NA,NA,NA,0
100,upi,0,NA,NA,NA,0
100,card,0,Visa,credit,Union Bank,0
100,card,0,Mastercard,debit,IDFC First,0
100,upi,0,NA,NA,NA,0
100,emi,0,Visa,debit,RBL,0
100,upi,0,NA,NA,NA,0
100,card,0,Mastercard,credit,SBI,0
100,netbanking,0,NA,NA,NA,0
100,card,0,Visa,credit,ICICI,0
100,upi,0,NA,NA,NA,0
100,card,0,Mastercard,prepaid,Canara Bank,0
100,upi,0,NA,NA,NA,0
100,wallet,0,NA,NA,NA,0
100,wallet,0,NA,NA,NA,0
100,wallet,0,NA,NA,NA,0
100,upi,0,NA,NA,NA,0
100,wallet,0,NA,NA,NA,0
100,card,0,Diners,credit,Indian Bank,0
100,netbanking,0,NA,NA,NA,0
100,upi,0,NA,NA,NA,0
100,upi,0,NA,NA,NA,0
100,card,0,Visa,credit,Yes Bank,0
100,card,0,American Express,debit,Axis,0
100,card,0,RuPay,credit,HDFC,0
100,upi,0,NA,NA,NA,0
100,upi,0,NA,NA,NA,0
100,netbanking,0,NA,NA,NA,0
100,card,0,Visa,credit,SBI,0
100,card,0,Discover,debit,SBI,0
100,emi,0,Diners,debit,Axis,0
100,netbanking,0,NA,NA,NA,0
100,card,0,Visa,credit,ICICI,0
100,upi,0,NA,NA,NA,0
100,wallet,0,NA,NA,NA,0
100,netbanking,0,NA,NA,NA,1
100,card,0,Diners,debit,Axis,0
100,card,0,American Express,debit,ICICI,0
100,emi,0,American Express,credit,IndusInd,0
100,pay later,0,NA,NA,NA,0
100,card,0,Mastercard,credit,RBL,0
100,upi,0,NA,NA,NA,0
100,pay later,0,NA,NA,NA,0
100,pay later,0,NA,NA,NA,1
100,netbanking,0,NA,NA,NA,0
100,upi,0,NA,NA,NA,0
100,upi,0,NA,NA,NA,0
100,upi,0,NA,NA,NA,0
100,pay later,0,NA,NA,NA,0
100,wallet,0,NA,NA,NA,0
100,card,0,Diners,credit,SBI,0
100,card,0,Mastercard,credit,Yes Bank,0
100,upi,0,NA,NA,NA,0
100,emi,0,Visa,credit,IndusInd,0
100,wallet,0,NA,NA,NA,1
100,card,0,RuPay,debit,Federal Bank,0
100,emi,0,Visa,debit,Yes Bank,0
100,upi,0,NA,NA,NA,0
100,upi,0,NA,NA,NA,0
100,upi,0,NA,NA,NA,0
100,card,0,Visa,credit,SBI,0
100,upi,0,NA,NA,NA,0
100,card,0,American Express,debit,IndusInd,0
100,card,0,Mastercard,credit,Kotak Mahindra,0
100,netbanking,0,NA,NA,NA,0
100,upi,0,NA,NA,NA,0
100,upi,0,NA,NA,NA,0
100,card,0,Discover,debit,Kotak Mahindra,0
100,upi,0,NA,NA,NA,0
100,card,0,American Express,debit,Punjab National Bank,0
100,card,0,Visa,debit,Axis,0
100,upi,0,NA,NA,NA,0
100,upi,0,NA,NA,NA,0
100,upi,0,NA,NA,NA,0
100,emi,0,Visa,debit,Axis,0
100,netbanking,0,NA,NA,NA,0
100,card,0,Visa,debit,HDFC,0
100,upi,0,NA,NA,NA,0
100,card,0,Mastercard,credit,Axis,0
100,upi,0,NA,NA,NA,0
100,upi,0,NA,NA,NA,0
100,upi,0,NA,NA,NA,0
100,wallet,0,NA,NA,NA,0
100,card,0,Visa,debit,Yes Bank,0
100,netbanking,0,NA,NA,NA,0
100,upi,0,NA,NA,NA,0
100,card,0,RuPay,debit,Axis,0
100,emi,0,Mastercard,credit,Canara Bank,0
100,netbanking,0,NA,NA,NA,0
100,upi,0,NA,NA,NA,0
100,netbanking,0,NA,NA,NA,1
100,upi,0,NA,NA,NA,0
100,upi,0,NA,NA,NA,0
100,wallet,0,NA,NA,NA,0
100,upi,0,NA,NA,NA,0
100,upi,0,NA,NA,NA,0
100,pay later,0,NA,NA,NA,0
100,card,0,RuPay,credit,SBI,0
100,upi,0,NA,NA,NA,0
100,upi,0,NA,NA,NA,0
100,card,0,Mastercard,credit,HDFC,0
100,card,0,Visa,credit,Federal Bank,0
100,card,0,Mastercard,debit,Canara Bank,0
100,card,0,Mastercard,debit,SBI,0
100,upi,0,NA,NA,NA,0
100,upi,0,NA,NA,NA,0
100,upi,0,NA,NA,NA,0
100,upi,0,NA,NA,NA,0
100,upi,0,NA,NA,NA,0
100,card,0,American Express,debit,HDFC,0
100,upi,0,NA,NA,NA,0
100,emi,0,Visa,debit,IDFC First,0
100,card,0,Mastercard,credit,Canara Bank,0
100,wallet,0,NA,NA,NA,0
100,card,0,American Express,credit,SBI,1
100,upi,0,NA,NA,NA,0
100,card,0,RuPay,debit,SBI,0
100,wallet,0,NA,NA,NA,0
100,upi,0,NA,NA,NA,0
100,netbanking,0,NA,NA,NA,0
100,card,0,American Express,credit,IndusInd,0
100,card,0,RuPay,debit,Kotak Mahindra,1
100,upi,0,NA,NA,NA,0
100,card,0,Visa,credit,HDFC,0
100,netbanking,0,NA,NA,NA,0
100,upi,0,NA,NA,NA,0
100,netbanking,0,NA,NA,NA,0
100,wallet,0,NA,NA,NA,0
100,wallet,0,NA,NA,NA,0
100,upi,0,NA,NA,NA,0
100,card,0,Mastercard,debit,IndusInd,0
100,card,0,Visa,credit,SBI,1
100,wallet,0,NA,NA,NA,0
100,card,0,Diners,prepaid,ICICI,0
100,wallet,0,NA,NA,NA,0
100,card,0,Visa,debit,Axis,0
100,card,0,Diners,debit,Canara Bank,0
100,card,0,Visa,credit,Axis,0
100,pay later,0,NA,NA,NA,0
100,upi,0,NA,NA,NA,0
100,upi,0,NA,NA,NA,0
100,upi,0,NA,NA,NA,0
100,upi,0,NA,NA,NA,0
100,wallet,0,NA,NA,NA,0
100,netbanking,0,NA,NA,NA,1
100,card,0,RuPay,debit,Federal Bank,0
100,netbanking,0,NA,NA,NA,1
100,upi,0,NA,NA,NA,0
100,card,0,Visa,debit,IndusInd,0
100,upi,0,NA,NA,NA,0
100,netbanking,0,NA,NA,NA,0
100,upi,0,NA,NA,NA,0
100,card,0,Mastercard,credit,Kotak Mahindra,0
100,netbanking,0,NA,NA,NA,0
100,netbanking,0,NA,NA,NA,0
100,upi,0,NA,NA,NA,0
100,card,0,Visa,prepaid,Canara Bank,0
100,upi,0,NA,NA,NA,0
100,upi,0,NA,NA,NA,0
100,netbanking,0,NA,NA,NA,0
100,upi,0,NA,NA,NA,0
100,card,0,Mastercard,debit,Yes Bank,0
100,card,0,Mastercard,debit,Axis,0
100,upi,0,NA,NA,NA,0
100,upi,0,NA,NA,NA,0
100,card,0,Visa,debit,Kotak Mahindra,0
100,upi,0,NA,NA,NA,0
100,card,0,Mastercard,credit,SBI,0
100,upi,0,NA,NA,NA,0
100,wallet,0,NA,NA,NA,0
100,upi,0,NA,NA,NA,0
100,upi,0,NA,NA,NA,0
100,pay later,0,NA,NA,NA,1
100,upi,0,NA,NA,NA,0
100,upi,0,NA,NA,NA,1
100,wallet,0,NA,NA,NA,0
100,netbanking,0,NA,NA,NA,0
100,pay later,0,NA,NA,NA,0
100,upi,0,NA,NA,NA,0
100,upi,0,NA,NA,NA,0
100,emi,0,Mastercard,credit,ICICI,0
100,emi,0,Visa,prepaid,Canara Bank,1
100,wallet,0,NA,NA,NA,0
100,emi,0,Visa,credit,Axis,0
100,upi,0,NA,NA,NA,0
100,upi,0,NA,NA,NA,0
100,card,0,American Express,debit,SBI,1
100,card,0,Mastercard,credit,Indian Bank,0
100,emi,0,Mastercard,credit,SBI,1
100,card,0,Visa,debit,Axis,0
100,upi,0,NA,NA,NA,0
100,pay later,0,NA,NA,NA,0
100,emi,0,Visa,credit,Axis,0
100,upi,0,NA,NA,NA,0
100,emi,0,Mastercard,debit,Canara Bank,0
100,emi,0,Visa,credit,RBL,0
100,emi,0,Mastercard,debit,SBI,0
100,card,0,Visa,credit,Yes Bank,0
100,netbanking,0,NA,NA,NA,0
100,upi,0,NA,NA,NA,0
100,netbanking,0,NA,NA,NA,0
100,wallet,0,NA,NA,NA,0
100,card,0,Mastercard,debit,Kotak Mahindra,0
100,card,0,Mastercard,credit,Axis,0
100,card,0,Mastercard,credit,RBL,0
100,emi,0,Visa,credit,Canara Bank,0
100,card,0,Visa,credit,Axis,0
100,upi,0,NA,NA,NA,0
100,upi,0,NA,NA,NA,0
100,netbanking,0,NA,NA,NA,1
100,netbanking,0,NA,NA,NA,0
100,card,0,RuPay,credit,SBI,0
100,card,0,Visa,debit,Yes Bank,1
100,card,0,RuPay,credit,Kotak Mahindra,0
100,upi,0,NA,NA,NA,0
100,upi,0,NA,NA,NA,0
100,upi,0,NA,NA,NA,0
100,card,0,Visa,credit,ICICI,0
100,emi,0,Visa,debit,ICICI,0
100,pay later,0,NA,NA,NA,0
100,pay later,0,NA,NA,NA,0
100,card,0,RuPay,credit,HDFC,0
100,card,0,Mastercard,debit,Bank of Baroda,0
100,upi,0,NA,NA,NA,0
100,netbanking,0,NA,NA,NA,0
100,card,0,Visa,debit,Kotak Mahindra,0
100,upi,0,NA,NA,NA,0
100,upi,0,NA,NA,NA,0
100,upi,0,NA,NA,NA,0
100,card,0,Mastercard,credit,Kotak Mahindra,0
100,upi,0,NA,NA,NA,0
100,upi,0,NA,NA,NA,0
100,upi,0,NA,NA,NA,0
100,upi,0,NA,NA,NA,0
100,card,0,Visa,debit,Kotak Mahindra,0
100,upi,0,NA,NA,NA,0
100,emi,0,Visa,debit,IndusInd,0
100,netbanking,0,NA,NA,NA,0
100,netbanking,0,NA,NA,NA,0
100,card,0,Visa,debit,Axis,0
100,netbanking,0,NA,NA,NA,0
100,wallet,0,NA,NA,NA,0
100,upi,0,NA,NA,NA,0
100,card,0,Visa,debit,ICICI,0
100,upi,0,NA,NA,NA,0
100,upi,0,NA,NA,NA,0
100,pay later,0,NA,NA,NA,0
100,netbanking,0,NA,NA,NA,0
100,emi,0,American Express,credit,HDFC,0
100,card,0,Mastercard,debit,ICICI,0
100,netbanking,0,NA,NA,NA,0
100,emi,0,Visa,prepaid,IDFC First,1
100,wallet,0,NA,NA,NA,1
100,upi,0,NA,NA,NA,0
100,upi,0,NA,NA,NA,0
100,upi,0,NA,NA,NA,0
100,upi,0,NA,NA,NA,0
100,netbanking,0,NA,NA,NA,1
100,netbanking,0,NA,NA,NA,0
100,card,0,RuPay,debit,HDFC,0
100,pay later,0,NA,NA,NA,0
100,card,0,RuPay,credit,ICICI,0
100,card,0,Mastercard,debit,SBI,0
100,upi,0,NA,NA,NA,0
100,netbanking,0,NA,NA,NA,1
100,upi,0,NA,NA,NA,0
100,netbanking,0,NA,NA,NA,0
100,netbanking,0,NA,NA,NA,0
100,card,0,Diners,debit,HDFC,0
100,card,0,American Express,credit,HDFC,0
100,upi,0,NA,NA,NA,0
100,emi,0,Mastercard,credit,Canara Bank,0
100,upi,0,NA,NA,NA,0
100,upi,0,NA,NA,NA,0
100,card,0,Visa,debit,HDFC,0
100,netbanking,0,NA,NA,NA,0
100,emi,0,Visa,debit,ICICI,0
100,card,0,Visa,debit,Federal Bank,0
100,netbanking,0,NA,NA,NA,0
100,upi,0,NA,NA,NA,0
100,wallet,0,NA,NA,NA,0
100,wallet,0,NA,NA,NA,0
100,upi,0,NA,NA,NA,0
100,card,0,American Express,debit,Indian Bank,0
100,netbanking,0,NA,NA,NA,0
100,card,0,Mastercard,debit,HDFC,0
100,upi,0,NA,NA,NA,0
100,netbanking,0,NA,NA,NA,0
100,card,0,Visa,credit,Axis,0
100,card,0,Visa,credit,Axis,0
100,pay later,0,NA,NA,NA,1
100,netbanking,0,NA,NA,NA,0
100,wallet,0,NA,NA,NA,0
100,upi,0,NA,NA,NA,0
100,upi,0,NA,NA,NA,1
100,card,0,Visa,debit,ICICI,0
100,upi,0,NA,NA,NA,0
100,upi,0,NA,NA,NA,0
100,upi,0,NA,NA,NA,0
100,emi,0,RuPay,credit,SBI,0
100,pay later,0,NA,NA,NA,0
100,upi,0,NA,NA,NA,0
100,emi,0,RuPay,debit,SBI,0
100,upi,0,NA,NA,NA,0
100,card,0,RuPay,credit,IDFC First,0
100,upi,0,NA,NA,NA,0
100,upi,0,NA,NA,NA,0
100,card,0,Mastercard,credit,HDFC,0
100,card,0,Discover,debit,SBI,0
100,netbanking,0,NA,NA,NA,0
100,upi,0,NA,NA,NA,0
100,card,0,Visa,credit,HDFC,0
100,card,0,Visa,credit,IndusInd,0
100,upi,0,NA,NA,NA,0
100,emi,0,Discover,debit,ICICI,0
100,netbanking,0,NA,NA,NA,0
100,upi,0,NA,NA,NA,0
100,netbanking,0,NA,NA,NA,0
100,upi,0,NA,NA,NA,0
100,emi,0,Mastercard,credit,Federal Bank,0
100,card,0,Visa,debit,ICICI,0
100,card,0,American Express,debit,Yes Bank,0
100,upi,0,NA,NA,NA,0
100,netbanking,0,NA,NA,NA,0
100,upi,0,NA,NA,NA,0
100,upi,0,NA,NA,NA,0
100,card,0,RuPay,credit,SBI,0
100,upi,0,NA,NA,NA,0
100,card,0,Discover,debit,SBI,0
100,upi,0,NA,NA,NA,0
100,upi,0,NA,NA,NA,0
100,upi,0,NA,NA,NA,0
100,upi,0,NA,NA,NA,0
100,upi,0,NA,NA,NA,0
100,wallet,0,NA,NA,NA,0
100,card,0,Visa,prepaid,IndusInd,0
100,upi,0,NA,NA,NA,0
100,upi,0,NA,NA,NA,0
100,emi,0,RuPay,debit,SBI,0
100,upi,0,NA,NA,NA,0
100,emi,0,Mastercard,debit,HDFC,0
100,upi,0,NA,NA,NA,0
100,card,0,Mastercard,debit,HDFC,0
100,upi,0,NA,NA,NA,0
100,netbanking,0,NA,NA,NA,0
100,card,0,RuPay,debit,Yes Bank,0
100,upi,0,NA,NA,NA,0
100,card,0,RuPay,debit,Yes Bank,1
100,card,0,Diners,debit,RBL,0
100,wallet,0,NA,NA,NA,0
100,card,0,Mastercard,credit,Kotak Mahindra,0
100,netbanking,0,NA,NA,NA,0
100,card,0,RuPay,credit,Bank of Baroda,0
100,emi,0,American Express,credit,Kotak Mahindra,0
100,upi,0,NA,NA,NA,0
100,netbanking,0,NA,NA,NA,0
100,card,0,Mastercard,debit,Yes Bank,1
100,upi,0,NA,NA,NA,0
100,upi,0,NA,NA,NA,1
100,upi,0,NA,NA,NA,0
100,card,0,Visa,debit,SBI,0
100,card,0,Mastercard,credit,Kotak Mahindra,0
100,upi,0,NA,NA,NA,1
100,upi,0,NA,NA,NA,1
100,pay later,0,NA,NA,NA,0
100,card,0,Visa,debit,Kotak Mahindra,0
100,upi,0,NA,NA,NA,0
100,upi,0,NA,NA,NA,0
100,emi,0,RuPay,credit,Punjab National Bank,0
100,card,0,American Express,debit,Bank of Baroda,0
100,card,0,Visa,debit,Canara Bank,1
100,upi,0,NA,NA,NA,0
100,upi,0,NA,NA,NA,0
100,upi,0,NA,NA,NA,1
100,card,0,Visa,credit,IndusInd,0
100,emi,0,Mastercard,debit,Axis,0
100,card,0,Diners,debit,SBI,0
100,card,0,Mastercard,debit,HDFC,1
100,pay later,0,NA,NA,NA,1
100,card,0,Visa,credit,Punjab National Bank,0
100,upi,0,NA,NA,NA,0
100,wallet,0,NA,NA,NA,0
100,wallet,0,NA,NA,NA,0
100,card,0,RuPay,credit,Axis,0
100,card,0,Diners,credit,Axis,0
100,wallet,0,NA,NA,NA,0
100,upi,0,NA,NA,NA,0
100,upi,0,NA,NA,NA,0
100,upi,0,NA,NA,NA,0
100,card,0,RuPay,credit,Kotak Mahindra,0
100,wallet,0,NA,NA,NA,0
100,upi,0,NA,NA,NA,0
100,upi,0,NA,NA,NA,0
100,card,0,RuPay,credit,Canara Bank,0
100,card,0,Visa,credit,Union Bank,0
100,card,0,American Express,credit,IndusInd,0
100,card,0,Mastercard,debit,ICICI,1
100,upi,0,NA,NA,NA,0
100,upi,0,NA,NA,NA,0
100,card,0,Mastercard,credit,RBL,0
100,emi,0,Diners,debit,ICICI,1
100,upi,0,NA,NA,NA,0
100,card,0,Mastercard,debit,SBI,0
100,card,0,Mastercard,credit,HDFC,0
100,upi,0,NA,NA,NA,0
100,upi,0,NA,NA,NA,0
100,emi,0,Visa,credit,HDFC,0
100,pay later,0,NA,NA,NA,0
100,card,0,Visa,debit,IndusInd,0
100,card,0,Visa,debit,Punjab National Bank,0
100,emi,0,Mastercard,credit,HDFC,0
100,upi,0,NA,NA,NA,0
100,upi,0,NA,NA,NA,0
100,wallet,0,NA,NA,NA,0
100,pay later,0,NA,NA,NA,0
100,upi,0,NA,NA,NA,0
100,card,0,Visa,credit,IDFC First,0
100,emi,0,Visa,credit,Axis,0
100,pay later,0,NA,NA,NA,0
100,card,0,Visa,debit,SBI,0
100,wallet,0,NA,NA,NA,0
100,upi,0,NA,NA,NA,0
100,card,0,Visa,credit,ICICI,0
100,upi,0,NA,NA,NA,0
100,upi,0,NA,NA,NA,0
100,upi,0,NA,NA,NA,0
100,upi,0,NA,NA,NA,0
100,netbanking,0,NA,NA,NA,0
100,card,0,Visa,debit,SBI,0
100,card,0,Visa,credit,HDFC,0
100,upi,0,NA,NA,NA,0
100,upi,0,NA,NA,NA,0
100,card,0,RuPay,credit,Punjab National Bank,0
100,upi,0,NA,NA,NA,0
100,upi,0,NA,NA,NA,0
100,card,0,Visa,debit,SBI,0
100,card,0,Visa,debit,HDFC,0
100,card,0,Visa,debit,Axis,0
100,upi,0,NA,NA,NA,0
100,netbanking,0,NA,NA,NA,1
100,wallet,0,NA,NA,NA,0
100,wallet,0,NA,NA,NA,1
100,card,0,RuPay,credit,Punjab National Bank,0
100,card,0,Mastercard,debit,Yes Bank,0
100,upi,0,NA,NA,NA,0
100,pay later,0,NA,NA,NA,0
100,upi,0,NA,NA,NA,0
100,card,0,Mastercard,debit,HDFC,0
100,emi,0,RuPay,debit,SBI,1
100,upi,0,NA,NA,NA,0
100,netbanking,0,NA,NA,NA,0
100,card,0,RuPay,debit,IndusInd,0
100,card,0,Visa,debit,Bank of Baroda,0
100,card,0,Visa,credit,Kotak Mahindra,0
100,wallet,0,NA,NA,NA,0
100,wallet,0,NA,NA,NA,0
100,upi,0,NA,NA,NA,0
100,pay later,0,NA,NA,NA,0
100,upi,0,NA,NA,NA,0
100,emi,0,RuPay,credit,HDFC,0
100,upi,0,NA,NA,NA,0
100,card,0,Mastercard,credit,SBI,1
100,card,0,Visa,credit,Indian Bank,0
100,upi,0,NA,NA,NA,0
100,card,0,Visa,credit,IDFC First,0
100,netbanking,0,NA,NA,NA,0
100,upi,0,NA,NA,NA,0
100,upi,0,NA,NA,NA,0
100,upi,0,NA,NA,NA,0
100,wallet,0,NA,NA,NA,0
100,upi,0,NA,NA,NA,0
100,upi,0,NA,NA,NA,0
100,card,0,Visa,credit,HDFC,0
100,upi,0,NA,NA,NA,0
100,upi,0,NA,NA,NA,0
100,wallet,0,NA,NA,NA,0
100,card,0,Mastercard,credit,Kotak Mahindra,0
100,upi,0,NA,NA,NA,0
100,upi,0,NA,NA,NA,0
100,card,0,Diners,credit,Axis,0
100,pay later,0,NA,NA,NA,0
100,emi,0,Mastercard,credit,ICICI,0
100,card,0,American Express,credit,SBI,0
100,card,0,Visa,debit,ICICI,0
100,netbanking,0,NA,NA,NA,0
100,netbanking,0,NA,NA,NA,1
100,card,0,Visa,prepaid,Yes Bank,0
100,netbanking,0,NA,NA,NA,0
100,wallet,0,NA,NA,NA,0
100,card,0,Mastercard,credit,ICICI,0
100,upi,0,NA,NA,NA,0
100,upi,0,NA,NA,NA,0
100,card,0,Visa,credit,Kotak Mahindra,0
100,upi,0,NA,NA,NA,0
100,card,0,Visa,debit,Union Bank,0
100,wallet,0,NA,NA,NA,0
100,upi,0,NA,NA,NA,0
100,upi,0,NA,NA,NA,0
100,upi,0,NA,NA,NA,0
100,upi,0,NA,NA,NA,0
100,card,0,Mastercard,credit,Canara Bank,0
100,emi,0,Mastercard,debit,SBI,0
100,pay later,0,NA,NA,NA,0
100,card,0,Mastercard,debit,RBL,0
100,upi,0,NA,NA,NA,0
100,upi,0,NA,NA,NA,0
100,upi,0,NA,NA,NA,0
100,wallet,0,NA,NA,NA,0
100,upi,0,NA,NA,NA,0
100,upi,0,NA,NA,NA,0
100,upi,0,NA,NA,NA,0
100,upi,0,NA,NA,NA,0
100,emi,0,Mastercard,credit,Punjab National Bank,0
100,card,0,Mastercard,credit,SBI,0
100,upi,0,NA,NA,NA,0
100,upi,0,NA,NA,NA,0
100,upi,0,NA,NA,NA,1
100,upi,0,NA,NA,NA,0
100,netbanking,0,NA,NA,NA,1
100,netbanking,0,NA,NA,NA,0
100,card,0,Visa,credit,Yes Bank,0
100,card,0,Visa,credit,Federal Bank,0
100,wallet,0,NA,NA,NA,0
100,upi,0,NA,NA,NA,0
100,upi,0,NA,NA,NA,0
100,netbanking,0,NA,NA,NA,1
100,card,0,American Express,debit,Axis,0
100,emi,0,Mastercard,credit,Kotak Mahindra,0
100,netbanking,0,NA,NA,NA,1
100,pay later,0,NA,NA,NA,0
100,upi,0,NA,NA,NA,0
100,card,0,Mastercard,credit,Axis,0
100,upi,0,NA,NA,NA,0
100,upi,0,NA,NA,NA,0
100,card,0,RuPay,credit,IDFC First,0
100,card,0,Mastercard,credit,ICICI,0
100,card,0,RuPay,debit,Kotak Mahindra,0
100,card,0,Mastercard,credit,Bank of Baroda,0
100,card,0,Visa,credit,HDFC,0
100,upi,0,NA,NA,NA,0
100,pay later,0,NA,NA,NA,0
100,upi,0,NA,NA,NA,0
100,netbanking,0,NA,NA,NA,0
100,card,0,Mastercard,debit,Axis,0
100,wallet,0,NA,NA,NA,0
100,card,0,Mastercard,credit,Axis,0
100,card,0,Diners,debit,Punjab National Bank,0
100,netbanking,0,NA,NA,NA,0
100,card,0,Mastercard,credit,ICICI,0
100,upi,0,NA,NA,NA,0
100,netbanking,0,NA,NA,NA,0
100,upi,0,NA,NA,NA,0
100,emi,0,Visa,debit,Canara Bank,0
100,pay later,0,NA,NA,NA,0
100,pay later,0,NA,NA,NA,0
100,upi,0,NA,NA,NA,0
100,emi,0,RuPay,credit,ICICI,0
100,emi,0,American Express,debit,ICICI,0
100,upi,0,NA,NA,NA,0
100,upi,0,NA,NA,NA,0
100,emi,0,Visa,credit,HDFC,0
100,card,0,Visa,debit,SBI,0
100,upi,0,NA,NA,NA,0
100,upi,0,NA,NA,NA,0
100,card,0,American Express,prepaid,Canara Bank,0
100,pay later,0,NA,NA,NA,0
100,wallet,0,NA,NA,NA,0
100,upi,0,NA,NA,NA,0
100,upi,0,NA,NA,NA,0
100,upi,0,NA,NA,NA,0
100,card,0,American Express,credit,Yes Bank,0
100,upi,0,NA,NA,NA,0
100,upi,0,NA,NA,NA,0
100,card,0,Visa,credit,Kotak Mahindra,0
100,netbanking,0,NA,NA,NA,0
100,wallet,0,NA,NA,NA,0
100,netbanking,0,NA,NA,NA,0
100,upi,0,NA,NA,NA,0
100,card,0,Visa,credit,ICICI,0
100,netbanking,0,NA,NA,NA,0
100,upi,0,NA,NA,NA,0
100,card,0,Mastercard,credit,Axis,0
100,netbanking,0,NA,NA,NA,0
100,upi,0,NA,NA,NA,0
100,upi,0,NA,NA,NA,0
100,card,0,Visa,debit,SBI,0
100,card,0,Visa,credit,HDFC,0
100,upi,0,NA,NA,NA,0
100,wallet,0,NA,NA,NA,0
100,emi,0,Mastercard,credit,ICICI,0
100,upi,0,NA,NA,NA,0
100,netbanking,0,NA,NA,NA,0
100,emi,0,Mastercard,credit,HDFC,0
100,upi,0,NA,NA,NA,0
100,upi,0,NA,NA,NA,0
100,upi,0,NA,NA,NA,0
100,netbanking,0,NA,NA,NA,0
100,pay later,0,NA,NA,NA,0
100,upi,0,NA,NA,NA,0
100,card,0,Visa,credit,Axis,0
100,wallet,0,NA,NA,NA,0
100,upi,0,NA,NA,NA,0
100,upi,0,NA,NA,NA,0
100,netbanking,0,NA,NA,NA,0
100,wallet,0,NA,NA,NA,0
100,upi,0,NA,NA,NA,0
100,card,0,Mastercard,debit,HDFC,0
100,card,0,Visa,credit,ICICI,0
100,card,0,Mastercard,debit,Union Bank,0
100,upi,0,NA,NA,NA,0
100,upi,0,NA,NA,NA,0
100,upi,0,NA,NA,NA,0
100,card,0,Visa,debit,Axis,0
100,upi,0,NA,NA,NA,0
100,card,0,Mastercard,credit,SBI,0
100,upi,0,NA,NA,NA,1
100,emi,0,Visa,credit,Axis,0
100,card,0,RuPay,debit,ICICI,0
100,upi,0,NA,NA,NA,0
100,card,0,Visa,credit,Bank of Baroda,0
100,upi,0,NA,NA,NA,0
100,emi,0,Mastercard,debit,IndusInd,0
100,upi,0,NA,NA,NA,0
100,upi,0,NA,NA,NA,0
100,upi,0,NA,NA,NA,0
100,upi,0,NA,NA,NA,0
100,pay later,0,NA,NA,NA,0
100,upi,0,NA,NA,NA,0
100,upi,0,NA,NA,NA,1
100,card,0,Visa,credit,Yes Bank,0
100,upi,0,NA,NA,NA,0
100,card,0,Mastercard,debit,IDFC First,0
100,netbanking,0,NA,NA,NA,0
100,emi,0,Visa,credit,ICICI,0
100,card,0,RuPay,debit,HDFC,0
100,wallet,0,NA,NA,NA,0
100,upi,0,NA,NA,NA,0
100,upi,0,NA,NA,NA,0
100,upi,0,NA,NA,NA,0
100,upi,0,NA,NA,NA,0
100,card,0,Mastercard,credit,ICICI,0
100,wallet,0,NA,NA,NA,0
100,netbanking,0,NA,NA,NA,0
100,emi,0,American Express,credit,ICICI,0
100,upi,0,NA,NA,NA,0
100,upi,0,NA,NA,NA,0
100,upi,0,NA,NA,NA,0
100,card,0,Diners,credit,ICICI,0
100,pay later,0,NA,NA,NA,0
100,emi,0,Mastercard,debit,Axis,1
100,card,0,Discover,credit,Yes Bank,0
100,card,0,Mastercard,debit,IndusInd,0
100,upi,0,NA,NA,NA,0
100,card,0,Visa,credit,IndusInd,0
100,upi,0,NA,NA,NA,0
100,upi,0,NA,NA,NA,0
100,netbanking,0,NA,NA,NA,0
100,upi,0,NA,NA,NA,0
100,upi,0,NA,NA,NA,0
100,upi,0,NA,NA,NA,0
100,card,0,Visa,debit,Canara Bank,0
100,upi,0,NA,NA,NA,0
100,card,0,Mastercard,credit,Axis,0
100,upi,0,NA,NA,NA,0
100,wallet,0,NA,NA,NA,0
100,emi,0,Mastercard,prepaid,SBI,0
100,card,0,Visa,credit,SBI,0
100,card,0,Visa,debit,HDFC,0
100,pay later,0,NA,NA,NA,0
100,card,0,Visa,prepaid,Axis,0
100,pay later,0,NA,NA,NA,0
100,card,0,Visa,credit,Kotak Mahindra,0
100,emi,0,Visa,debit,Axis,1
100,upi,0,NA,NA,NA,0
100,pay later,0,NA,NA,NA,0
100,card,0,Mastercard,debit,IndusInd,0
100,upi,0,NA,NA,NA,0
100,card,0,Visa,credit,ICICI,0
100,card,0,RuPay,debit,HDFC,0
100,upi,0,NA,NA,NA,0
100,card,0,Visa,credit,Axis,0
100,upi,0,NA,NA,NA,0
100,upi,0,NA,NA,NA,0
100,pay later,0,NA,NA,NA,0
100,netbanking,0,NA,NA,NA,0
100,card,0,Visa,debit,Bank of Baroda,0
100,card,0,RuPay,credit,HDFC,0
100,emi,0,RuPay,debit,Yes Bank,0
100,card,0,Mastercard,debit,Kotak Mahindra,1
100,upi,0,NA,NA,NA,0
100,wallet,0,NA,NA,NA,0
100,pay later,0,NA,NA,NA,0
100,pay later,0,NA,NA,NA,1
100,wallet,0,NA,NA,NA,0
100,upi,0,NA,NA,NA,0
100,card,0,Mastercard,debit,SBI,0
100,upi,0,NA,NA,NA,0
100,wallet,0,NA,NA,NA,0
100,upi,0,NA,NA,NA,0
100,wallet,0,NA,NA,NA,0
100,card,0,Visa,debit,Axis,1
100,card,0,Visa,credit,HDFC,0
100,card,0,RuPay,debit,RBL,0
100,pay later,0,NA,NA,NA,0
100,upi,0,NA,NA,NA,0
100,upi,0,NA,NA,NA,0
100,pay later,0,NA,NA,NA,0
100,card,0,Visa,credit,ICICI,0
100,netbanking,0,NA,NA,NA,0
100,upi,0,NA,NA,NA,0
100,upi,0,NA,NA,NA,0
100,pay later,0,NA,NA,NA,0
100,netbanking,0,NA,NA,NA,0
100,pay later,0,NA,NA,NA,0
100,wallet,0,NA,NA,NA,1
100,upi,0,NA,NA,NA,0
100,wallet,0,NA,NA,NA,0
100,upi,0,NA,NA,NA,0
100,wallet,0,NA,NA,NA,0
100,upi,0,NA,NA,NA,1
100,card,0,Diners,debit,Punjab National Bank,0
100,upi,0,NA,NA,NA,0
100,upi,0,NA,NA,NA,0
100,card,0,Mastercard,credit,Bank of Baroda,0
100,upi,0,NA,NA,NA,0
100,upi,0,NA,NA,NA,0
100,card,0,Visa,debit,ICICI,0
100,wallet,0,NA,NA,NA,0
100,card,0,Diners,credit,SBI,1
100,card,0,Visa,credit,HDFC,0
100,card,0,Visa,credit,ICICI,1
100,card,0,RuPay,credit,Indian Bank,0
100,netbanking,0,NA,NA,NA,0
100,emi,0,Mastercard,debit,SBI,0
100,card,0,RuPay,debit,IDFC First,0
100,netbanking,0,NA,NA,NA,0
100,card,0,Mastercard,prepaid,Axis,0
100,netbanking,0,NA,NA,NA,0
100,netbanking,0,NA,NA,NA,0
100,netbanking,0,NA,NA,NA,0
100,upi,0,NA,NA,NA,0
100,card,0,Visa,credit,ICICI,0
100,upi,0,NA,NA,NA,0
100,upi,0,NA,NA,NA,0
100,card,0,Diners,credit,Kotak Mahindra,0
100,netbanking,0,NA,NA,NA,0
100,card,0,Discover,debit,IDFC First,0
100,card,0,Mastercard,credit,Indian Bank,0
100,upi,0,NA,NA,NA,0
100,netbanking,0,NA,NA,NA,1
100,netbanking,0,NA,NA,NA,1
100,wallet,0,NA,NA,NA,0
100,upi,0,NA,NA,NA,0
100,upi,0,NA,NA,NA,0
100,upi,0,NA,NA,NA,0
100,upi,0,NA,NA,NA,0
100,upi,0,NA,NA,NA,0
100,emi,0,Diners,debit,Union Bank,0
100,upi,0,NA,NA,NA,0
100,upi,0,NA,NA,NA,0
100,upi,0,NA,NA,NA,0
100,upi,0,NA,NA,NA,0
100,upi,0,NA,NA,NA,0
100,pay later,0,NA,NA,NA,0
100,upi,0,NA,NA,NA,0
100,card,0,Mastercard,debit,Axis,0
100,card,0,RuPay,credit,HDFC,0
100,netbanking,0,NA,NA,NA,0
100,pay later,0,NA,NA,NA,0
100,upi,0,NA,NA,NA,0
100,card,0,Visa,debit,ICICI,0
100,card,0,Mastercard,prepaid,Punjab National Bank,1
100,pay later,0,NA,NA,NA,0
100,upi,0,NA,NA,NA,0
100,wallet,0,NA,NA,NA,0
100,emi,0,Diners,credit,ICICI,0
100,netbanking,0,NA,NA,NA,0
100,upi,0,NA,NA,NA,0
100,emi,0,Visa,credit,ICICI,0
100,upi,0,NA,NA,NA,0
100,wallet,0,NA,NA,NA,0
100,card,0,Mastercard,credit,IDFC First,0
100,pay later,0,NA,NA,NA,0
100,wallet,0,NA,NA,NA,0
100,upi,0,NA,NA,NA,0
100,netbanking,0,NA,NA,NA,0
100,upi,0,NA,NA,NA,0
100,pay later,0,NA,NA,NA,0
100,card,0,Visa,credit,ICICI,0
100,netbanking,0,NA,NA,NA,0
100,netbanking,0,NA,NA,NA,0
100,card,0,Visa,credit,Axis,0
100,pay later,0,NA,NA,NA,0
100,upi,0,NA,NA,NA,0
100,upi,0,NA,NA,NA,0
100,netbanking,0,NA,NA,NA,1
100,upi,0,NA,NA,NA,0
100,emi,0,Mastercard,credit,Axis,0
100,upi,0,NA,NA,NA,1
100,card,0,RuPay,credit,HDFC,0
100,upi,0,NA,NA,NA,0
100,card,0,Visa,credit,HDFC,0
100,netbanking,0,NA,NA,NA,0
100,upi,0,NA,NA,NA,0
100,netbanking,0,NA,NA,NA,0
100,card,0,Mastercard,credit,ICICI,0
100,emi,0,RuPay,credit,Yes Bank,0
100,upi,0,NA,NA,NA,0
100,upi,0,NA,NA,NA,0
100,card,0,American Express,debit,Bank of Baroda,0
100,wallet,0,NA,NA,NA,0
100,netbanking,0,NA,NA,NA,0
100,netbanking,0,NA,NA,NA,0
100,upi,0,NA,NA,NA,0
100,card,0,RuPay,credit,HDFC,0
100,netbanking,0,NA,NA,NA,1
100,emi,0,Mastercard,debit,RBL,0
100,card,0,Mastercard,debit,RBL,1
100,upi,0,NA,NA,NA,0
100,card,0,Visa,debit,SBI,0
100,pay later,0,NA,NA,NA,0
100,upi,0,NA,NA,NA,0
100,upi,0,NA,NA,NA,0
100,emi,0,Mastercard,credit,HDFC,0
100,emi,0,RuPay,credit,ICICI,0
100,upi,0,NA,NA,NA,0
100,wallet,0,NA,NA,NA,0
100,card,0,Visa,prepaid,SBI,0
100,card,0,Mastercard,credit,Bank of Baroda,0
100,upi,0,NA,NA,NA,0
100,card,0,Mastercard,debit,Kotak Mahindra,0
100,pay later,0,NA,NA,NA,0
100,card,0,RuPay,debit,Bank of Baroda,0
100,upi,0,NA,NA,NA,0
100,upi,0,NA,NA,NA,0
100,upi,0,NA,NA,NA,0
100,card,0,RuPay,credit,Kotak Mahindra,0
100,card,0,Mastercard,credit,Axis,0
100,upi,0,NA,NA,NA,0
100,card,0,Discover,credit,ICICI,0
100,upi,0,NA,NA,NA,0
100,card,0,Mastercard,debit,Yes Bank,0
100,upi,0,NA,NA,NA,0
100,pay later,0,NA,NA,NA,0
100,card,0,Visa,credit,HDFC,0
100,card,0,Visa,credit,RBL,0
100,upi,0,NA,NA,NA,0
100,card,0,Discover,debit,ICICI,0
100,upi,0,NA,NA,NA,1
100,upi,0,NA,NA,NA,0
100,emi,0,Diners,prepaid,IndusInd,0
100,wallet,0,NA,NA,NA,0
100,upi,0,NA,NA,NA,0
100,card,0,Visa,debit,IDFC First,0
100,upi,0,NA,NA,NA,0
100,card,0,Mastercard,credit,Federal Bank,0
100,upi,0,NA,NA,NA,0
100,upi,0,NA,NA,NA,0
100,card,0,Mastercard,credit,Punjab National Bank,0
100,netbanking,0,NA,NA,NA,0
100,wallet,0,NA,NA,NA,0
100,netbanking,0,NA,NA,NA,0
100,upi,0,NA,NA,NA,0
100,upi,0,NA,NA,NA,0
100,card,0,Mastercard,credit,Axis,0
100,upi,0,NA,NA,NA,0
100,upi,0,NA,NA,NA,0
100,pay later,0,NA,NA,NA,0
100,wallet,0,NA,NA,NA,0
100,upi,0,NA,NA,NA,0
100,card,0,Visa,credit,SBI,0
100,upi,0,NA,NA,NA,0
100,emi,0,Visa,credit,Canara Bank,1
100,card,0,Visa,credit,Axis,0
100,upi,0,NA,NA,NA,0
100,card,0,Mastercard,credit,SBI,0
100,card,0,Mastercard,credit,ICICI,0
100,card,0,Discover,credit,Federal Bank,0
100,card,0,Mastercard,credit,RBL,0
100,netbanking,0,NA,NA,NA,0
100,card,0,Mastercard,credit,Punjab National Bank,0
100,upi,0,NA,NA,NA,1
100,card,0,Mastercard,credit,Axis,0
100,upi,0,NA,NA,NA,0
100,upi,0,NA,NA,NA,0
100,upi,0,NA,NA,NA,0
100,upi,0,NA,NA,NA,0
100,card,0,RuPay,credit,ICICI,0
100,upi,0,NA,NA,NA,0
100,upi,0,NA,NA,NA,0
100,card,0,RuPay,credit,Yes Bank,0
100,upi,0,NA,NA,NA,0
100,upi,0,NA,NA,NA,0
100,card,0,Visa,debit,ICICI,0
100,pay later,0,NA,NA,NA,1
100,pay later,0,NA,NA,NA,0
100,upi,0,NA,NA,NA,0
100,card,0,Visa,credit,Bank of Baroda,1
100,card,0,Mastercard,debit,IndusInd,0
100,upi,0,NA,NA,NA,0
100,card,0,Visa,credit,HDFC,0
100,card,0,RuPay,debit,Federal Bank,0
100,netbanking,0,NA,NA,NA,0
100,emi,0,RuPay,credit,Axis,0
100,emi,0,American Express,credit,HDFC,0
100,emi,0,Visa,debit,Kotak Mahindra,0
100,card,0,Mastercard,debit,SBI,1
100,card,0,RuPay,debit,Bank of Baroda,0
100,netbanking,0,NA,NA,NA,0
100,card,0,RuPay,debit,ICICI,0
100,upi,0,NA,NA,NA,0
100,pay later,0,NA,NA,NA,0
100,upi,0,NA,NA,NA,0
100,upi,0,NA,NA,NA,0
100,card,0,Visa,credit,Federal Bank,0
100,upi,0,NA,NA,NA,1
100,card,0,Mastercard,credit,ICICI,0
100,upi,0,NA,NA,NA,0
100,card,0,Visa,credit,ICICI,0
100,upi,0,NA,NA,NA,0
100,card,0,Visa,credit,Canara Bank,0
100,emi,0,Visa,prepaid,ICICI,0
100,card,0,RuPay,debit,Union Bank,0
100,card,0,RuPay,debit,Axis,1
100,card,0,Visa,debit,ICICI,0
100,upi,0,NA,NA,NA,0
100,emi,0,American Express,debit,IndusInd,0
100,upi,0,NA,NA,NA,0
100,card,0,Visa,debit,Yes Bank,0
100,card,0,Mastercard,debit,Canara Bank,0
100,pay later,0,NA,NA,NA,0
100,netbanking,0,NA,NA,NA,0
100,upi,0,NA,NA,NA,0
100,upi,0,NA,NA,NA,0
100,emi,0,Mastercard,credit,Kotak Mahindra,0
100,card,0,Mastercard,debit,Kotak Mahindra,0
100,upi,0,NA,NA,NA,0
100,card,0,Visa,credit,HDFC,0
100,netbanking,0,NA,NA,NA,0
100,card,0,RuPay,debit,Kotak Mahindra,0
100,card,0,Mastercard,credit,SBI,0
100,card,0,Visa,credit,ICICI,0
100,upi,0,NA,NA,NA,0
100,upi,0,NA,NA,NA,0
100,emi,0,Visa,credit,IndusInd,0
100,card,0,RuPay,debit,Canara Bank,1
100,card,0,Visa,debit,Yes Bank,0
100,emi,0,Mastercard,credit,Canara Bank,0
100,upi,0,NA,NA,NA,0
100,card,0,RuPay,debit,Kotak Mahindra,0
100,wallet,0,NA,NA,NA,0
100,card,0,Mastercard,debit,Kotak Mahindra,0
100,emi,0,RuPay,prepaid,Axis,0
100,card,0,Mastercard,debit,HDFC,0
100,emi,0,Mastercard,credit,Bank of Baroda,0
100,card,0,RuPay,credit,Axis,1
100,card,0,Mastercard,debit,HDFC,0
100,upi,0,NA,NA,NA,0
100,upi,0,NA,NA,NA,0
100,upi,0,NA,NA,NA,0
100,upi,0,NA,NA,NA,0
100,netbanking,0,NA,NA,NA,0
100,card,0,Mastercard,debit,SBI,0
100,wallet,0,NA,NA,NA,0
100,emi,0,Mastercard,debit,SBI,0
100,netbanking,0,NA,NA,NA,0
100,wallet,0,NA,NA,NA,0
100,card,0,Visa,credit,SBI,0
100,card,0,American Express,debit,HDFC,0
100,card,0,Mastercard,debit,Axis,0
100,netbanking,0,NA,NA,NA,1
100,emi,0,RuPay,debit,Bank of Baroda,0
100,emi,0,Visa,credit,HDFC,0
100,upi,0,NA,NA,NA,0
100,netbanking,0,NA,NA,NA,1
100,upi,0,NA,NA,NA,0
100,upi,0,NA,NA,NA,0
100,upi,0,NA,NA,NA,0
100,card,0,Visa,debit,IndusInd,0
100,pay later,0,NA,NA,NA,0
100,upi,0,NA,NA,NA,0
100,netbanking,0,NA,NA,NA,1
100,card,0,Visa,credit,IDFC First,0
100,upi,0,NA,NA,NA,1
100,wallet,0,NA,NA,NA,0
100,emi,0,Visa,debit,RBL,0
100,card,0,Mastercard,credit,Bank of Baroda,0
100,upi,0,NA,NA,NA,0
100,netbanking,0,NA,NA,NA,0
100,emi,0,Visa,debit,Kotak Mahindra,0
100,card,0,Visa,credit,Federal Bank,0
100,pay later,0,NA,NA,NA,0
100,upi,0,NA,NA,NA,0
100,netbanking,0,NA,NA,NA,0
100,upi,0,NA,NA,NA,0
100,card,0,Discover,credit,ICICI,0
100,upi,0,NA,NA,NA,0
100,netbanking,0,NA,NA,NA,0
100,card,0,Mastercard,debit,Union Bank,0
100,upi,0,NA,NA,NA,0
100,card,0,Mastercard,credit,SBI,0
100,wallet,0,NA,NA,NA,1
100,upi,0,NA,NA,NA,0
100,upi,0,NA,NA,NA,0
100,upi,0,NA,NA,NA,0
100,upi,0,NA,NA,NA,0
100,upi,0,NA,NA,NA,0
100,upi,0,NA,NA,NA,0
100,card,0,Visa,debit,Kotak Mahindra,0
100,card,0,Visa,credit,Axis,0
100,netbanking,0,NA,NA,NA,0
100,card,0,Visa,debit,ICICI,0
100,netbanking,0,NA,NA,NA,0
100,netbanking,0,NA,NA,NA,0
100,card,0,Visa,debit,Punjab National Bank,0
100,upi,0,NA,NA,NA,0
100,upi,0,NA,NA,NA,0
100,upi,0,NA,NA,NA,0
100,card,0,Visa,debit,HDFC,0
100,card,0,Visa,debit,IndusInd,0
100,emi,0,Discover,credit,HDFC,0
100,card,0,Visa,credit,HDFC,0
100,netbanking,0,NA,NA,NA,0
100,card,0,Mastercard,credit,IndusInd,0
100,wallet,0,NA,NA,NA,0
100,upi,0,NA,NA,NA,0
100,emi,0,Diners,debit,Kotak Mahindra,1
100,card,0,RuPay,credit,Axis,0
100,upi,0,NA,NA,NA,0
100,card,0,Visa,credit,Kotak Mahindra,0
100,upi,0,NA,NA,NA,0
100,upi,0,NA,NA,NA,1
100,pay later,0,NA,NA,NA,0
100,card,0,Visa,credit,Bank of Baroda,0
100,emi,0,Visa,credit,Kotak Mahindra,0
100,card,0,Visa,debit,HDFC,0
100,wallet,0,NA,NA,NA,0
100,upi,0,NA,NA,NA,0
100,upi,0,NA,NA,NA,0
100,upi,0,NA,NA,NA,1
100,card,0,Mastercard,credit,Canara Bank,0
100,card,0,Visa,credit,Yes Bank,1
100,upi,0,NA,NA,NA,0
100,upi,0,NA,NA,NA,1
100,wallet,0,NA,NA,NA,0
100,upi,0,NA,NA,NA,1
100,upi,0,NA,NA,NA,0
100,netbanking,0,NA,NA,NA,0
100,upi,0,NA,NA,NA,0
100,upi,0,NA,NA,NA,0
100,upi,0,NA,NA,NA,0
100,card,0,Mastercard,credit,Union Bank,0
100,card,0,Mastercard,credit,IDFC First,0
100,card,0,Visa,debit,ICICI,0
100,card,0,Visa,debit,Yes Bank,0
100,pay later,0,NA,NA,NA,0
100,emi,0,RuPay,credit,ICICI,1
100,card,0,American Express,credit,SBI,0
100,upi,0,NA,NA,NA,0
100,netbanking,0,NA,NA,NA,0
100,card,0,Visa,debit,Federal Bank,0
100,wallet,0,NA,NA,NA,0
100,card,0,Visa,prepaid,Union Bank,0
100,upi,0,NA,NA,NA,0
100,emi,0,RuPay,debit,ICICI,1
100,upi,0,NA,NA,NA,0
100,upi,0,NA,NA,NA,0
100,upi,0,NA,NA,NA,0
100,netbanking,0,NA,NA,NA,0
100,upi,0,NA,NA,NA,0
100,card,0,Visa,credit,ICICI,0
100,card,0,Visa,credit,SBI,0
100,upi,0,NA,NA,NA,0
100,pay later,0,NA,NA,NA,0
100,netbanking,0,NA,NA,NA,1
100,wallet,0,NA,NA,NA,0
100,upi,0,NA,NA,NA,0
100,emi,0,Visa,credit,Bank of Baroda,0
100,card,0,Visa,credit,SBI,0
100,card,0,American Express,debit,Axis,0
100,upi,0,NA,NA,NA,0
100,wallet,0,NA,NA,NA,0
100,upi,0,NA,NA,NA,0
100,upi,0,NA,NA,NA,0
100,upi,0,NA,NA,NA,0
100,card,0,RuPay,credit,IDFC First,0
100,pay later,0,NA,NA,NA,0
100,upi,0,NA,NA,NA,0
100,wallet,0,NA,NA,NA,0
100,upi,0,NA,NA,NA,0
100,card,0,Mastercard,credit,SBI,0
100,upi,0,NA,NA,NA,0
100,netbanking,0,NA,NA,NA,0
100,card,0,Visa,debit,IndusInd,0
100,upi,0,NA,NA,NA,0
100,card,0,Visa,credit,Canara Bank,0
100,card,0,Mastercard,credit,IDFC First,0
100,card,0,Diners,debit,SBI,0
100,emi,0,Visa,debit,Kotak Mahindra,1
100,upi,0,NA,NA,NA,0
100,upi,0,NA,NA,NA,0
100,emi,0,Mastercard,debit,Yes Bank,0
100,pay later,0,NA,NA,NA,0
100,card,0,Visa,credit,Canara Bank,0
100,upi,0,NA,NA,NA,0
100,upi,0,NA,NA,NA,0
100,card,0,Mastercard,debit,HDFC,0
100,card,0,Visa,credit,Bank of Baroda,0
100,card,0,Visa,prepaid,ICICI,0
100,upi,0,NA,NA,NA,0
100,upi,0,NA,NA,NA,0
100,netbanking,0,NA,NA,NA,0
100,card,0,RuPay,credit,Bank of Baroda,0
100,upi,0,NA,NA,NA,0
100,upi,0,NA,NA,NA,0
100,card,0,American Express,debit,Canara Bank,0
100,upi,0,NA,NA,NA,0
100,upi,0,NA,NA,NA,0
100,upi,0,NA,NA,NA,0
100,card,0,Visa,debit,Axis,0
100,upi,0,NA,NA,NA,0
100,netbanking,0,NA,NA,NA,0
100,upi,0,NA,NA,NA,0
100,upi,0,NA,NA,NA,0
100,upi,0,NA,NA,NA,0
100,card,0,RuPay,debit,IndusInd,0
100,card,0,Visa,credit,ICICI,0
100,netbanking,0,NA,NA,NA,0
100,upi,0,NA,NA,NA,0
100,upi,0,NA,NA,NA,0
100,emi,0,Diners,debit,SBI,0
100,netbanking,0,NA,NA,NA,0
100,emi,0,Discover,debit,ICICI,0
100,upi,0,NA,NA,NA,0
100,netbanking,0,NA,NA,NA,1
100,netbanking,0,NA,NA,NA,0
100,pay later,0,NA,NA,NA,0
100,wallet,0,NA,NA,NA,0
100,card,0,Discover,debit,HDFC,0
100,netbanking,0,NA,NA,NA,0
100,emi,0,Mastercard,credit,IndusInd,0
100,card,0,Mastercard,debit,Kotak Mahindra,0
100,wallet,0,NA,NA,NA,0
100,card,0,American Express,credit,IndusInd,0
100,card,0,Diners,debit,Canara Bank,0
100,card,0,Mastercard,debit,ICICI,0
100,card,0,Mastercard,debit,Axis,0
100,emi,0,Visa,debit,IDFC First,0
100,netbanking,0,NA,NA,NA,0
100,netbanking,0,NA,NA,NA,0
100,wallet,0,NA,NA,NA,0
100,emi,0,Diners,credit,HDFC,0
100,upi,0,NA,NA,NA,0
100,emi,0,Mastercard,debit,Yes Bank,0
100,upi,0,NA,NA,NA,0
100,upi,0,NA,NA,NA,0
100,card,0,Mastercard,debit,HDFC,0
100,upi,0,NA,NA,NA,0
100,emi,0,Mastercard,credit,HDFC,0
100,card,0,Visa,credit,IndusInd,0
100,netbanking,0,NA,NA,NA,0
100,emi,0,Mastercard,credit,ICICI,0
100,netbanking,0,NA,NA,NA,0
100,card,0,Mastercard,credit,IDFC First,0
100,upi,0,NA,NA,NA,0
100,card,0,Mastercard,debit,ICICI,0
100,emi,0,American Express,debit,Kotak Mahindra,0
100,card,0,Mastercard,credit,IndusInd,0
100,card,0,Visa,credit,RBL,0
100,netbanking,0,NA,NA,NA,0
100,card,0,RuPay,credit,ICICI,1
100,upi,0,NA,NA,NA,0
100,netbanking,0,NA,NA,NA,0
100,upi,0,NA,NA,NA,0
100,card,0,RuPay,prepaid,SBI,0
100,upi,0,NA,NA,NA,1
100,card,0,American Express,debit,Axis,0
100,card,0,Mastercard,debit,HDFC,1
100,card,0,Mastercard,prepaid,Kotak Mahindra,0
100,upi,0,NA,NA,NA,0
100,card,0,American Express,credit,Indian Bank,0
100,emi,0,Mastercard,credit,ICICI,0
100,upi,0,NA,NA,NA,1
100,netbanking,0,NA,NA,NA,0
100,card,0,RuPay,credit,Canara Bank,0
100,netbanking,0,NA,NA,NA,0
100,card,0,Visa,prepaid,Kotak Mahindra,0
100,emi,0,Diners,credit,IndusInd,0
100,netbanking,0,NA,NA,NA,0
100,upi,0,NA,NA,NA,0
100,upi,0,NA,NA,NA,0
100,upi,0,NA,NA,NA,0
100,pay later,0,NA,NA,NA,0
100,upi,0,NA,NA,NA,0
100,netbanking,0,NA,NA,NA,0
100,card,0,Discover,debit,Axis,0
100,wallet,0,NA,NA,NA,0
100,upi,0,NA,NA,NA,0
100,pay later,0,NA,NA,NA,0
100,card,0,American Express,debit,HDFC,0
100,netbanking,0,NA,NA,NA,0
100,upi,0,NA,NA,NA,0
100,upi,0,NA,NA,NA,0
100,card,0,Mastercard,debit,RBL,0
100,netbanking,0,NA,NA,NA,0
100,card,0,Mastercard,debit,Canara Bank,0
100,netbanking,0,NA,NA,NA,0
100,netbanking,0,NA,NA,NA,0
100,card,0,Diners,credit,IndusInd,0
100,upi,0,NA,NA,NA,0
100,wallet,0,NA,NA,NA,0
100,netbanking,0,NA,NA,NA,0
100,netbanking,0,NA,NA,NA,0
100,card,0,Mastercard,debit,SBI,0
100,card,0,Discover,debit,Bank of Baroda,0
100,emi,0,American Express,debit,SBI,0
100,upi,0,NA,NA,NA,0
100,upi,0,NA,NA,NA,0
100,pay later,0,NA,NA,NA,0
100,card,0,Visa,debit,HDFC,0
100,card,0,Visa,debit,ICICI,0
100,pay later,0,NA,NA,NA,1
100,card,0,Mastercard,credit,ICICI,0
100,card,0,American Express,credit,Kotak Mahindra,0
100,upi,0,NA,NA,NA,0
100,upi,0,NA,NA,NA,0
100,pay later,0,NA,NA,NA,0
100,card,0,Diners,credit,Yes Bank,0
100,card,0,RuPay,debit,HDFC,0
100,upi,0,NA,NA,NA,0
100,upi,0,NA,NA,NA,1
100,card,0,Visa,debit,Axis,0
100,upi,0,NA,NA,NA,0
100,upi,0,NA,NA,NA,0
100,netbanking,0,NA,NA,NA,0
100,upi,0,NA,NA,NA,0
100,card,0,RuPay,debit,SBI,0
100,upi,0,NA,NA,NA,0
100,upi,0,NA,NA,NA,0
100,upi,0,NA,NA,NA,0
100,card,0,Mastercard,debit,Axis,0
100,netbanking,0,NA,NA,NA,0
100,card,0,Visa,credit,Federal Bank,0
100,upi,0,NA,NA,NA,0
100,card,0,American Express,debit,ICICI,0
100,upi,0,NA,NA,NA,0
100,upi,0,NA,NA,NA,0
100,card,0,Visa,debit,ICICI,0
100,upi,0,NA,NA,NA,0
100,upi,0,NA,NA,NA,0
100,netbanking,0,NA,NA,NA,0
100,wallet,0,NA,NA,NA,0
100,upi,0,NA,NA,NA,0
100,card,0,American Express,credit,ICICI,0
100,upi,0,NA,NA,NA,0
100,netbanking,0,NA,NA,NA,0
100,wallet,0,NA,NA,NA,0
100,wallet,0,NA,NA,NA,0
100,upi,0,NA,NA,NA,0
100,netbanking,0,NA,NA,NA,0
100,upi,0,NA,NA,NA,0
100,upi,0,NA,NA,NA,0
100,upi,0,NA,NA,NA,0
100,card,0,RuPay,credit,Yes Bank,0
100,card,0,American Express,credit,ICICI,0
100,upi,0,NA,NA,NA,0
100,wallet,0,NA,NA,NA,0
100,card,0,RuPay,debit,Axis,0
100,netbanking,0,NA,NA,NA,1
100,wallet,0,NA,NA,NA,0
100,pay later,0,NA,NA,NA,0
100,netbanking,0,NA,NA,NA,0
100,card,0,Visa,debit,Yes Bank,0
100,upi,0,NA,NA,NA,0
100,card,0,Visa,debit,Kotak Mahindra,1
100,wallet,0,NA,NA,NA,0
100,upi,0,NA,NA,NA,1
100,netbanking,0,NA,NA,NA,0
100,upi,0,NA,NA,NA,0
100,upi,0,NA,NA,NA,0
100,emi,0,RuPay,credit,SBI,0
100,wallet,0,NA,NA,NA,0
100,upi,0,NA,NA,NA,0
100,card,0,Mastercard,credit,ICICI,0
100,card,0,American Express,debit,ICICI,0
100,upi,0,NA,NA,NA,0
100,upi,0,NA,NA,NA,0
100,netbanking,0,NA,NA,NA,0
100,wallet,0,NA,NA,NA,0
100,wallet,0,NA,NA,NA,0
100,card,0,American Express,credit,Kotak Mahindra,0
100,netbanking,0,NA,NA,NA,0
100,upi,0,NA,NA,NA,0
100,wallet,0,NA,NA,NA,0
100,netbanking,0,NA,NA,NA,0
100,upi,0,NA,NA,NA,0
100,netbanking,0,NA,NA,NA,0
100,upi,0,NA,NA,NA,0
100,netbanking,0,NA,NA,NA,0
100,upi,0,NA,NA,NA,0
100,pay later,0,NA,NA,NA,0
100,emi,0,Mastercard,debit,Axis,0
100,card,0,Discover,debit,HDFC,1
100,emi,0,Mastercard,credit,Axis,0
100,emi,0,Visa,credit,Kotak Mahindra,0
100,upi,0,NA,NA,NA,0
100,upi,0,NA,NA,NA,1
100,card,0,Mastercard,credit,SBI,1
100,netbanking,0,NA,NA,NA,0
100,pay later,0,NA,NA,NA,0
100,netbanking,0,NA,NA,NA,0
100,upi,0,NA,NA,NA,0
100,upi,0,NA,NA,NA,0
100,card,0,Visa,credit,HDFC,0
100,upi,0,NA,NA,NA,0
100,card,0,Mastercard,credit,SBI,0
100,netbanking,0,NA,NA,NA,0
100,card,0,Mastercard,debit,IDFC First,0
100,pay later,0,NA,NA,NA,0
100,card,0,Visa,credit,Kotak Mahindra,0
100,card,0,RuPay,credit,ICICI,0
100,emi,0,Diners,credit,Bank of Baroda,0
100,pay later,0,NA,NA,NA,0
100,upi,0,NA,NA,NA,0
100,upi,0,NA,NA,NA,0
100,card,0,Mastercard,debit,Kotak Mahindra,0
100,upi,0,NA,NA,NA,0
100,upi,0,NA,NA,NA,0
100,card,0,Visa,credit,SBI,1
100,upi,0,NA,NA,NA,0
100,card,0,Visa,credit,Canara Bank,1
100,wallet,0,NA,NA,NA,0
100,card,0,Mastercard,credit,Union Bank,0
100,wallet,0,NA,NA,NA,0
100,card,0,Visa,credit,ICICI,0
100,upi,0,NA,NA,NA,0
100,pay later,0,NA,NA,NA,0
100,card,0,Visa,debit,ICICI,1
100,card,0,Discover,credit,IndusInd,1
100,upi,0,NA,NA,NA,0
100,card,0,Visa,prepaid,HDFC,0
100,upi,0,NA,NA,NA,0
100,card,0,RuPay,debit,Bank of Baroda,0
100,card,0,Diners,prepaid,Axis,0
100,netbanking,0,NA,NA,NA,0
100,netbanking,0,NA,NA,NA,0
100,pay later,0,NA,NA,NA,0
100,upi,0,NA,NA,NA,0
100,wallet,0,NA,NA,NA,0
100,card,0,Visa,debit,HDFC,0
100,netbanking,0,NA,NA,NA,0
100,netbanking,0,NA,NA,NA,0
100,upi,0,NA,NA,NA,0
100,card,0,Diners,debit,Union Bank,0
100,card,0,Visa,credit,Axis,0
100,upi,0,NA,NA,NA,0
100,upi,0,NA,NA,NA,0
100,upi,0,NA,NA,NA,0
100,upi,0,NA,NA,NA,0
100,upi,0,NA,NA,NA,0
100,wallet,0,NA,NA,NA,0
100,netbanking,0,NA,NA,NA,0
100,pay later,0,NA,NA,NA,0
100,emi,0,Mastercard,prepaid,HDFC,0
100,card,0,RuPay,credit,HDFC,0
100,upi,0,NA,NA,NA,0
100,upi,0,NA,NA,NA,0
100,pay later,0,NA,NA,NA,0
100,card,0,RuPay,credit,Indian Bank,0
100,card,0,Mastercard,prepaid,SBI,0
100,emi,0,Visa,debit,ICICI,0
100,upi,0,NA,NA,NA,0
100,upi,0,NA,NA,NA,0
100,card,0,American Express,prepaid,Yes Bank,0
100,upi,0,NA,NA,NA,0
100,emi,0,Visa,debit,ICICI,0
100,emi,0,Visa,credit,Yes Bank,1
100,upi,0,NA,NA,NA,0
100,pay later,0,NA,NA,NA,1
100,upi,0,NA,NA,NA,0
100,upi,0,NA,NA,NA,0
100,upi,0,NA,NA,NA,0
100,card,0,Mastercard,prepaid,Axis,0
100,upi,0,NA,NA,NA,0
100,upi,0,NA,NA,NA,0
100,upi,0,NA,NA,NA,0
100,netbanking,0,NA,NA,NA,0
100,upi,0,NA,NA,NA,0
100,upi,0,NA,NA,NA,0
100,upi,0,NA,NA,NA,1
100,card,0,RuPay,credit,RBL,0
100,card,0,Visa,debit,Indian Bank,0
100,card,0,Visa,credit,Axis,0
100,wallet,0,NA,NA,NA,0
100,netbanking,0,NA,NA,NA,0
100,upi,0,NA,NA,NA,0
100,upi,0,NA,NA,NA,0
100,pay later,0,NA,NA,NA,0
100,netbanking,0,NA,NA,NA,0
100,wallet,0,NA,NA,NA,0
100,card,0,Mastercard,credit,ICICI,0
100,card,0,Visa,debit,HDFC,0
100,upi,0,NA,NA,NA,0
100,upi,0,NA,NA,NA,0
100,card,0,American Express,credit,SBI,0
100,card,0,Diners,debit,HDFC,0
100,emi,0,Visa,credit,ICICI,1
100,upi,0,NA,NA,NA,0
100,wallet,0,NA,NA,NA,0
100,upi,0,NA,NA,NA,0
100,upi,0,NA,NA,NA,0
100,card,0,RuPay,debit,Punjab National Bank,0
100,upi,0,NA,NA,NA,0
100,upi,0,NA,NA,NA,0
100,upi,0,NA,NA,NA,0
100,upi,0,NA,NA,NA,0
100,card,0,American Express,credit,Yes Bank,0
100,card,0,Mastercard,debit,ICICI,0
100,emi,0,Visa,debit,IndusInd,0
100,pay later,0,NA,NA,NA,0
100,upi,0,NA,NA,NA,0
100,netbanking,0,NA,NA,NA,0
100,netbanking,0,NA,NA,NA,0
100,upi,0,NA,NA,NA,1
100,upi,0,NA,NA,NA,0
100,card,0,Visa,debit,Bank of Baroda,1
100,card,0,Mastercard,credit,ICICI,0
100,card,0,Mastercard,debit,SBI,0
100,card,0,Visa,debit,Kotak Mahindra,0
100,upi,0,NA,NA,NA,0
100,card,0,Discover,credit,Canara Bank,0
100,upi,0,NA,NA,NA,0
100,upi,0,NA,NA,NA,1
100,pay later,0,NA,NA,NA,0
100,card,0,Visa,credit,HDFC,0
100,card,0,Visa,credit,ICICI,0
100,wallet,0,NA,NA,NA,0
100,upi,0,NA,NA,NA,0
100,wallet,0,NA,NA,NA,0
100,upi,0,NA,NA,NA,0
100,netbanking,0,NA,NA,NA,0
100,upi,0,NA,NA,NA,0
100,upi,0,NA,NA,NA,0
100,card,0,Visa,credit,Axis,0
100,emi,0,Mastercard,credit,SBI,0
100,emi,0,Mastercard,debit,Bank of Baroda,0
100,upi,0,NA,NA,NA,0
100,card,0,Visa,credit,Kotak Mahindra,0
100,netbanking,0,NA,NA,NA,0
100,card,0,American Express,debit,SBI,0
100,upi,0,NA,NA,NA,0
100,upi,0,NA,NA,NA,0
100,emi,0,Mastercard,credit,Kotak Mahindra,0
100,card,0,RuPay,debit,SBI,0
100,card,0,Mastercard,credit,RBL,0
100,card,0,Mastercard,credit,Punjab National Bank,0
100,card,0,RuPay,debit,IndusInd,1
100,card,0,Visa,debit,SBI,0
100,upi,0,NA,NA,NA,0
100,upi,0,NA,NA,NA,0
100,netbanking,0,NA,NA,NA,0
100,upi,0,NA,NA,NA,0
100,emi,0,Visa,credit,HDFC,1
100,emi,0,RuPay,debit,SBI,0
100,card,0,Discover,credit,Yes Bank,0
100,netbanking,0,NA,NA,NA,0
100,wallet,0,NA,NA,NA,0
100,card,0,Visa,credit,HDFC,0
100,wallet,0,NA,NA,NA,0
100,card,0,Visa,credit,Axis,0
100,upi,0,NA,NA,NA,0
100,card,0,Mastercard,credit,IDFC First,0
100,netbanking,0,NA,NA,NA,0
100,upi,0,NA,NA,NA,0
100,card,0,Visa,credit,HDFC,0
100,upi,0,NA,NA,NA,0
100,netbanking,0,NA,NA,NA,0
100,card,0,Mastercard,debit,HDFC,0
100,emi,0,Mastercard,credit,HDFC,0
100,netbanking,0,NA,NA,NA,0
100,card,0,Mastercard,credit,Bank of Baroda,0
100,emi,0,RuPay,credit,ICICI,0
100,upi,0,NA,NA,NA,0
100,card,0,Visa,debit,HDFC,0
100,netbanking,0,NA,NA,NA,0
100,wallet,0,NA,NA,NA,0
100,upi,0,NA,NA,NA,0
100,upi,0,NA,NA,NA,0
100,upi,0,NA,NA,NA,0
100,card,0,Mastercard,debit,IndusInd,0
100,card,0,Visa,credit,IDFC First,0
100,card,0,Mastercard,debit,ICICI,0
100,wallet,0,NA,NA,NA,0
100,card,0,RuPay,credit,HDFC,1
100,upi,0,NA,NA,NA,0
100,card,0,Mastercard,credit,Punjab National Bank,0
100,emi,0,Visa,debit,Kotak Mahindra,0
100,emi,0,Mastercard,debit,Indian Bank,0
100,emi,0,Visa,credit,Yes Bank,0
100,card,0,American Express,debit,RBL,0
100,pay later,0,NA,NA,NA,0
100,wallet,0,NA,NA,NA,0
100,card,0,Diners,credit,Axis,1
100,card,0,Mastercard,debit,Axis,0
100,upi,0,NA,NA,NA,0
100,upi,0,NA,NA,NA,0
100,upi,0,NA,NA,NA,0
100,card,0,Diners,debit,Kotak Mahindra,0
100,card,0,Visa,prepaid,ICICI,0
100,upi,0,NA,NA,NA,0
100,wallet,0,NA,NA,NA,0
100,card,0,Mastercard,debit,SBI,0
100,netbanking,0,NA,NA,NA,0
100,emi,0,Mastercard,credit,Union Bank,0
100,card,0,Visa,debit,Union Bank,0
100,emi,0,Visa,credit,HDFC,0
100,pay later,0,NA,NA,NA,0
100,card,0,Mastercard,credit,HDFC,0
100,wallet,0,NA,NA,NA,0
100,card,0,Visa,credit,Bank of Baroda,0
100,wallet,0,NA,NA,NA,0
100,card,0,American Express,credit,Kotak Mahindra,0
100,emi,0,Discover,credit,SBI,0
100,netbanking,0,NA,NA,NA,0
100,upi,0,NA,NA,NA,0
100,upi,0,NA,NA,NA,0
100,emi,0,Visa,credit,RBL,1
100,netbanking,0,NA,NA,NA,0
100,emi,0,Mastercard,debit,Yes Bank,0
100,card,0,American Express,debit,Kotak Mahindra,0
100,card,0,RuPay,debit,Axis,0
100,netbanking,0,NA,NA,NA,1
100,card,0,RuPay,credit,IndusInd,0
100,wallet,0,NA,NA,NA,0
100,card,0,Visa,debit,Axis,0
100,upi,0,NA,NA,NA,0
100,upi,0,NA,NA,NA,0
100,netbanking,0,NA,NA,NA,0
100,emi,0,Mastercard,credit,ICICI,0
100,netbanking,0,NA,NA,NA,0
100,card,0,Visa,credit,ICICI,0
100,upi,0,NA,NA,NA,0
100,upi,0,NA,NA,NA,0
100,card,0,Visa,credit,Bank of Baroda,0
100,upi,0,NA,NA,NA,0
100,upi,0,NA,NA,NA,0
100,card,0,Visa,debit,Axis,0
100,upi,0,NA,NA,NA,0
100,upi,0,NA,NA,NA,0
100,upi,0,NA,NA,NA,0
100,card,0,Visa,debit,Kotak Mahindra,0
100,netbanking,0,NA,NA,NA,0
100,upi,0,NA,NA,NA,0
100,card,0,Discover,credit,SBI,0
100,emi,0,American Express,credit,SBI,0
100,upi,0,NA,NA,NA,0
100,netbanking,0,NA,NA,NA,1
100,netbanking,0,NA,NA,NA,0
100,pay later,0,NA,NA,NA,0
100,wallet,0,NA,NA,NA,0
100,card,0,Mastercard,debit,IndusInd,0
100,card,0,Visa,credit,Union Bank,0
100,netbanking,0,NA,NA,NA,0
100,emi,0,Visa,debit,Canara Bank,0
100,emi,0,Mastercard,debit,ICICI,0
100,upi,0,NA,NA,NA,1
100,netbanking,0,NA,NA,NA,1
100,wallet,0,NA,NA,NA,0
100,upi,0,NA,NA,NA,0
100,upi,0,NA,NA,NA,0
100,netbanking,0,NA,NA,NA,0
100,upi,0,NA,NA,NA,0
100,pay later,0,NA,NA,NA,0
100,netbanking,0,NA,NA,NA,0
100,upi,0,NA,NA,NA,0
100,upi,0,NA,NA,NA,0
100,upi,0,NA,NA,NA,0
100,upi,0,NA,NA,NA,0
100,wallet,0,NA,NA,NA,0
100,upi,0,NA,NA,NA,0
100,card,0,Visa,debit,Kotak Mahindra,1
100,netbanking,0,NA,NA,NA,0
100,netbanking,0,NA,NA,NA,0
100,upi,0,NA,NA,NA,0
100,card,0,Diners,credit,SBI,0
100,emi,0,American Express,credit,Punjab National Bank,0
100,wallet,0,NA,NA,NA,0
100,upi,0,NA,NA,NA,0
100,upi,0,NA,NA,NA,0
100,upi,0,NA,NA,NA,0
100,emi,0,RuPay,debit,Kotak Mahindra,0
100,upi,0,NA,NA,NA,0
100,card,0,Visa,debit,Axis,0
100,upi,0,NA,NA,NA,0
100,upi,0,NA,NA,NA,0
100,card,0,Mastercard,credit,Axis,0
100,card,0,American Express,debit,Axis,1
100,upi,0,NA,NA,NA,0
100,netbanking,0,NA,NA,NA,0
100,upi,0,NA,NA,NA,0
100,card,0,Visa,credit,Kotak Mahindra,0
100,netbanking,0,NA,NA,NA,0
100,pay later,0,NA,NA,NA,0
100,card,0,Mastercard,credit,HDFC,0
100,wallet,0,NA,NA,NA,1
100,card,0,Visa,debit,SBI,0
100,upi,0,NA,NA,NA,1
100,netbanking,0,NA,NA,NA,0
100,card,0,RuPay,credit,IndusInd,0
100,upi,0,NA,NA,NA,0
100,upi,0,NA,NA,NA,0
100,card,0,Visa,debit,Kotak Mahindra,0
100,upi,0,NA,NA,NA,0
100,upi,0,NA,NA,NA,0
100,emi,0,RuPay,debit,IndusInd,0
100,card,0,Mastercard,credit,RBL,0
100,upi,0,NA,NA,NA,0
100,emi,0,Visa,credit,Union Bank,0
100,upi,0,NA,NA,NA,0
100,card,0,Mastercard,prepaid,Yes Bank,0
100,card,0,Mastercard,debit,Kotak Mahindra,0
100,upi,0,NA,NA,NA,0
100,netbanking,0,NA,NA,NA,0
100,netbanking,0,NA,NA,NA,0
100,upi,0,NA,NA,NA,0
100,netbanking,0,NA,NA,NA,0
100,netbanking,0,NA,NA,NA,0
100,upi,0,NA,NA,NA,0
100,card,0,RuPay,credit,SBI,0
100,upi,0,NA,NA,NA,0
100,upi,0,NA,NA,NA,0
100,netbanking,0,NA,NA,NA,0
100,upi,0,NA,NA,NA,0
100,upi,0,NA,NA,NA,0
100,netbanking,0,NA,NA,NA,0
100,upi,0,NA,NA,NA,0
100,wallet,0,NA,NA,NA,0
100,pay later,0,NA,NA,NA,0
100,wallet,0,NA,NA,NA,0
100,pay later,0,NA,NA,NA,0
100,card,0,Mastercard,debit,ICICI,0
100,card,0,Visa,credit,IDFC First,0
100,card,0,RuPay,debit,ICICI,0
100,pay later,0,NA,NA,NA,0
100,upi,0,NA,NA,NA,0
100,card,0,Mastercard,credit,Canara Bank,0
100,upi,0,NA,NA,NA,0
100,upi,0,NA,NA,NA,0
100,upi,0,NA,NA,NA,0
100,card,0,Mastercard,debit,IDFC First,0
100,emi,0,Visa,credit,Yes Bank,0
100,card,0,Visa,debit,ICICI,0
100,upi,0,NA,NA,NA,0
100,upi,0,NA,NA,NA,0
100,wallet,0,NA,NA,NA,0
100,upi,0,NA,NA,NA,0
100,upi,0,NA,NA,NA,0
100,upi,0,NA,NA,NA,0
100,netbanking,0,NA,NA,NA,0
100,card,0,Mastercard,credit,Canara Bank,0
100,upi,0,NA,NA,NA,0
100,netbanking,0,NA,NA,NA,0
100,wallet,0,NA,NA,NA,0
100,upi,0,NA,NA,NA,0
100,emi,0,Visa,credit,Axis,0
100,pay later,0,NA,NA,NA,1
100,upi,0,NA,NA,NA,0
100,card,0,RuPay,debit,ICICI,0
100,wallet,0,NA,NA,NA,0
100,card,0,Visa,credit,Federal Bank,0
100,upi,0,NA,NA,NA,0
100,wallet,0,NA,NA,NA,0
100,wallet,0,NA,NA,NA,0
100,pay later,0,NA,NA,NA,1
100,card,0,Mastercard,debit,SBI,0
100,upi,0,NA,NA,NA,0
100,card,0,RuPay,credit,Axis,0
100,upi,0,NA,NA,NA,0
100,upi,0,NA,NA,NA,0
100,upi,0,NA,NA,NA,0
100,upi,0,NA,NA,NA,1
100,pay later,0,NA,NA,NA,0
100,upi,0,NA,NA,NA,0
100,emi,0,Mastercard,debit,SBI,0
100,upi,0,NA,NA,NA,0
100,upi,0,NA,NA,NA,0
100,upi,0,NA,NA,NA,0
100,emi,0,RuPay,credit,Axis,0
100,netbanking,0,NA,NA,NA,0
100,upi,0,NA,NA,NA,0
100,upi,0,NA,NA,NA,0
100,upi,0,NA,NA,NA,0
100,wallet,0,NA,NA,NA,0
100,pay later,0,NA,NA,NA,0
100,wallet,0,NA,NA,NA,0
100,card,0,Visa,credit,ICICI,0
100,netbanking,0,NA,NA,NA,0
100,upi,0,NA,NA,NA,0
100,upi,0,NA,NA,NA,0
100,upi,0,NA,NA,NA,0
100,card,0,Discover,debit,RBL,0
100,card,0,RuPay,prepaid,Kotak Mahindra,0
100,emi,0,Mastercard,debit,ICICI,0
100,card,0,Visa,credit,Axis,0
100,emi,0,American Express,credit,Kotak Mahindra,0
100,card,0,Mastercard,credit,HDFC,0
100,card,0,RuPay,debit,Bank of Baroda,0
100,emi,0,Mastercard,debit,Yes Bank,0
100,upi,0,NA,NA,NA,0
100,card,0,Visa,credit,ICICI,0
100,netbanking,0,NA,NA,NA,0
100,card,0,American Express,debit,IDFC First,0
100,upi,0,NA,NA,NA,0
100,upi,0,NA,NA,NA,0
100,card,0,Mastercard,credit,Canara Bank,0
100,upi,0,NA,NA,NA,0
100,emi,0,RuPay,credit,Federal Bank,0
100,upi,0,NA,NA,NA,0
100,netbanking,0,NA,NA,NA,0
100,netbanking,0,NA,NA,NA,0
100,card,0,Mastercard,debit,SBI,0
100,netbanking,0,NA,NA,NA,0
100,netbanking,0,NA,NA,NA,0
100,upi,0,NA,NA,NA,0
100,upi,0,NA,NA,NA,1
100,upi,0,NA,NA,NA,0
100,emi,0,Mastercard,credit,RBL,0
100,card,0,Mastercard,credit,Axis,0
100,netbanking,0,NA,NA,NA,0
100,netbanking,0,NA,NA,NA,0
100,card,0,Visa,credit,HDFC,0
100,upi,0,NA,NA,NA,0
100,upi,0,NA,NA,NA,0
100,upi,0,NA,NA,NA,0
100,wallet,0,NA,NA,NA,0
100,wallet,0,NA,NA,NA,0
100,upi,0,NA,NA,NA,0
100,card,0,Diners,credit,HDFC,0
100,card,0,Mastercard,credit,ICICI,0
100,card,0,American Express,debit,IDFC First,0
100,card,0,Mastercard,debit,Canara Bank,0
100,pay later,0,NA,NA,NA,0
100,netbanking,0,NA,NA,NA,0
100,wallet,0,NA,NA,NA,0
100,card,0,RuPay,credit,SBI,0
100,upi,0,NA,NA,NA,0
100,netbanking,0,NA,NA,NA,0
100,netbanking,0,NA,NA,NA,0
100,netbanking,0,NA,NA,NA,0
100,card,0,Visa,debit,HDFC,0
100,card,0,Visa,debit,HDFC,0
100,upi,0,NA,NA,NA,0
100,upi,0,NA,NA,NA,1
100,upi,0,NA,NA,NA,0
100,card,0,Mastercard,debit,Bank of Baroda,0
100,upi,0,NA,NA,NA,0
100,upi,0,NA,NA,NA,0
100,upi,0,NA,NA,NA,0
100,card,0,Mastercard,debit,HDFC,0
100,card,0,Visa,credit,Indian Bank,0
100,card,0,Visa,credit,ICICI,0
100,card,0,Visa,credit,HDFC,0
100,upi,0,NA,NA,NA,0
100,card,0,Mastercard,debit,Kotak Mahindra,0
100,wallet,0,NA,NA,NA,1
100,emi,0,Mastercard,credit,SBI,0
100,upi,0,NA,NA,NA,0
100,upi,0,NA,NA,NA,0
100,netbanking,0,NA,NA,NA,0
100,upi,0,NA,NA,NA,0
100,wallet,0,NA,NA,NA,0
100,netbanking,0,NA,NA,NA,0
100,card,0,Visa,credit,RBL,0
100,card,0,Mastercard,debit,Axis,0
100,card,0,Visa,debit,IDFC First,0
100,wallet,0,NA,NA,NA,0
100,upi,0,NA,NA,NA,0
100,upi,0,NA,NA,NA,0
100,upi,0,NA,NA,NA,0
100,card,0,RuPay,credit,HDFC,0
100,card,0,RuPay,debit,SBI,0
100,card,0,Visa,debit,IndusInd,0
100,card,0,Mastercard,credit,IndusInd,0
100,upi,0,NA,NA,NA,0
100,upi,0,NA,NA,NA,1
100,upi,0,NA,NA,NA,0
100,netbanking,0,NA,NA,NA,0
100,card,0,Visa,debit,Kotak Mahindra,0
100,upi,0,NA,NA,NA,0
100,upi,0,NA,NA,NA,0
100,upi,0,NA,NA,NA,0
100,pay later,0,NA,NA,NA,0
100,card,0,Mastercard,credit,Canara Bank,1
100,card,0,Mastercard,credit,Indian Bank,0
100,upi,0,NA,NA,NA,0
100,upi,0,NA,NA,NA,0
100,pay later,0,NA,NA,NA,0
100,netbanking,0,NA,NA,NA,0
100,wallet,0,NA,NA,NA,0
100,upi,0,NA,NA,NA,0
100,card,0,Mastercard,debit,ICICI,1
100,emi,0,Visa,debit,Punjab National Bank,0
100,netbanking,0,NA,NA,NA,0
100,upi,0,NA,NA,NA,0
100,netbanking,0,NA,NA,NA,0
100,card,0,Visa,debit,Axis,1
100,upi,0,NA,NA,NA,0
100,netbanking,0,NA,NA,NA,1
100,upi,0,NA,NA,NA,0
100,card,0,RuPay,credit,SBI,0
100,pay later,0,NA,NA,NA,0
100,card,0,Visa,credit,IDFC First,0
100,card,0,Diners,debit,SBI,0
100,card,0,American Express,credit,IDFC First,1
100,wallet,0,NA,NA,NA,0
100,emi,0,Visa,debit,Bank of Baroda,0
100,card,0,Visa,debit,SBI,0
100,card,0,Visa,debit,ICICI,0
100,card,0,Mastercard,debit,HDFC,0
100,card,0,Visa,credit,ICICI,0
100,netbanking,0,NA,NA,NA,0
100,card,0,Visa,credit,ICICI,0
100,upi,0,NA,NA,NA,0
100,upi,0,NA,NA,NA,0
100,card,0,Visa,debit,IDFC First,0
100,upi,0,NA,NA,NA,0
100,upi,0,NA,NA,NA,1
100,upi,0,NA,NA,NA,0
100,card,0,Visa,debit,Axis,1
100,upi,0,NA,NA,NA,0
100,card,0,Diners,credit,ICICI,0
100,netbanking,0,NA,NA,NA,0
100,upi,0,NA,NA,NA,0
100,wallet,0,NA,NA,NA,1
100,card,0,Mastercard,credit,ICICI,0
100,card,0,RuPay,debit,Axis,0
100,upi,0,NA,NA,NA,0
100,card,0,Visa,debit,SBI,0
100,card,0,RuPay,credit,Axis,0
100,upi,0,NA,NA,NA,1
100,netbanking,0,NA,NA,NA,0
100,card,0,RuPay,debit,Indian Bank,0
100,upi,0,NA,NA,NA,0
100,netbanking,0,NA,NA,NA,0
100,wallet,0,NA,NA,NA,0
100,card,0,RuPay,debit,Axis,0
100,upi,0,NA,NA,NA,0
100,wallet,0,NA,NA,NA,0
100,pay later,0,NA,NA,NA,0
100,card,0,RuPay,debit,RBL,0
100,upi,0,NA,NA,NA,0
100,card,0,Visa,credit,SBI,0
100,card,0,Discover,debit,HDFC,0
100,upi,0,NA,NA,NA,0
100,card,0,Mastercard,debit,Canara Bank,0
100,netbanking,0,NA,NA,NA,0
100,card,0,Mastercard,prepaid,RBL,0
100,netbanking,0,NA,NA,NA,0
100,card,0,Mastercard,debit,SBI,0
100,upi,0,NA,NA,NA,0
100,card,0,Mastercard,credit,ICICI,0
100,emi,0,Visa,debit,Kotak Mahindra,0
100,wallet,0,NA,NA,NA,0
100,card,0,RuPay,credit,ICICI,0
100,card,0,Mastercard,credit,Axis,0
100,card,0,Mastercard,debit,ICICI,0
100,netbanking,0,NA,NA,NA,0
100,card,0,Discover,credit,Punjab National Bank,0
100,card,0,Visa,credit,Federal Bank,0
100,upi,0,NA,NA,NA,1
100,emi,0,RuPay,debit,Yes Bank,0
100,card,0,Mastercard,credit,IndusInd,0
100,netbanking,0,NA,NA,NA,0
100,netbanking,0,NA,NA,NA,0
100,netbanking,0,NA,NA,NA,0
100,netbanking,0,NA,NA,NA,0
100,card,0,Diners,credit,IndusInd,0
100,netbanking,0,NA,NA,NA,0
100,card,0,Mastercard,credit,Federal Bank,0
100,wallet,0,NA,NA,NA,0
100,netbanking,0,NA,NA,NA,0
100,upi,0,NA,NA,NA,0
100,pay later,0,NA,NA,NA,0
100,emi,0,RuPay,debit,Federal Bank,0
100,card,0,Visa,credit,IDFC First,0
100,upi,0,NA,NA,NA,0
100,card,0,Visa,credit,HDFC,0
100,card,0,Mastercard,prepaid,ICICI,0
100,upi,0,NA,NA,NA,0
100,wallet,0,NA,NA,NA,0
100,wallet,0,NA,NA,NA,0
100,card,0,Visa,debit,Axis,0
100,card,0,Mastercard,credit,Yes Bank,0
100,upi,0,NA,NA,NA,0
100,upi,0,NA,NA,NA,0
100,upi,0,NA,NA,NA,0
100,card,0,Diners,debit,SBI,0
100,emi,0,Mastercard,debit,ICICI,0
100,card,0,RuPay,credit,Axis,0
100,card,0,Visa,debit,SBI,0
100,pay later,0,NA,NA,NA,0
100,card,0,Visa,debit,ICICI,0
100,card,0,Visa,credit,ICICI,0
100,card,0,Visa,credit,Kotak Mahindra,0
100,upi,0,NA,NA,NA,0
100,emi,0,Mastercard,debit,Yes Bank,0
100,upi,0,NA,NA,NA,0
100,upi,0,NA,NA,NA,0
100,card,0,Mastercard,debit,SBI,0
100,card,0,Mastercard,debit,Axis,0
100,card,0,Mastercard,credit,ICICI,0
100,emi,0,Visa,debit,HDFC,0
100,wallet,0,NA,NA,NA,0
100,upi,0,NA,NA,NA,0
100,upi,0,NA,NA,NA,0
100,card,0,RuPay,debit,IndusInd,0
100,netbanking,0,NA,NA,NA,0
100,pay later,0,NA,NA,NA,0
100,upi,0,NA,NA,NA,0
100,card,0,Visa,credit,Indian Bank,0
100,upi,0,NA,NA,NA,0
100,netbanking,0,NA,NA,NA,0
100,emi,0,RuPay,credit,Axis,0
100,wallet,0,NA,NA,NA,0
100,upi,0,NA,NA,NA,0
100,upi,0,NA,NA,NA,0
100,card,0,Mastercard,credit,Kotak Mahindra,0
100,wallet,0,NA,NA,NA,0
100,card,0,Visa,credit,Kotak Mahindra,0
100,upi,0,NA,NA,NA,0
100,upi,0,NA,NA,NA,1
100,upi,0,NA,NA,NA,0
100,card,0,Mastercard,debit,ICICI,0
100,card,0,Mastercard,debit,RBL,0
100,card,0,Visa,credit,HDFC,0
100,upi,0,NA,NA,NA,0
100,netbanking,0,NA,NA,NA,0
100,card,0,RuPay,credit,HDFC,0
100,wallet,0,NA,NA,NA,0
100,upi,0,NA,NA,NA,0
100,upi,0,NA,NA,NA,0
100,emi,0,Visa,credit,HDFC,0
100,card,0,Visa,debit,Punjab National Bank,0
100,card,0,Mastercard,debit,Punjab National Bank,0
100,card,0,Visa,debit,Kotak Mahindra,0
100,card,0,Discover,prepaid,Canara Bank,0
100,pay later,0,NA,NA,NA,0
100,card,0,RuPay,credit,ICICI,0
100,upi,0,NA,NA,NA,0
100,pay later,0,NA,NA,NA,1
100,upi,0,NA,NA,NA,0
100,emi,0,Diners,debit,Canara Bank,1
100,card,0,Mastercard,debit,ICICI,0
100,netbanking,0,NA,NA,NA,1
100,card,0,Visa,credit,ICICI,0
100,upi,0,NA,NA,NA,0
100,card,0,Discover,credit,SBI,0
100,emi,0,Visa,debit,RBL,0
100,upi,0,NA,NA,NA,0
100,emi,0,Mastercard,credit,SBI,0
100,upi,0,NA,NA,NA,0
100,card,0,Visa,credit,HDFC,0
100,netbanking,0,NA,NA,NA,0
100,upi,0,NA,NA,NA,0
100,upi,0,NA,NA,NA,0
100,upi,0,NA,NA,NA,0
100,wallet,0,NA,NA,NA,0
100,wallet,0,NA,NA,NA,0
100,card,0,Mastercard,credit,Union Bank,0
100,netbanking,0,NA,NA,NA,0
100,netbanking,0,NA,NA,NA,0
100,upi,0,NA,NA,NA,0
100,emi,0,Mastercard,debit,HDFC,0
100,upi,0,NA,NA,NA,0
100,card,0,Mastercard,credit,SBI,0
100,upi,0,NA,NA,NA,0
100,netbanking,0,NA,NA,NA,0
100,wallet,0,NA,NA,NA,0
100,wallet,0,NA,NA,NA,0
100,card,0,Mastercard,credit,HDFC,0
100,pay later,0,NA,NA,NA,0
100,card,0,Visa,prepaid,SBI,0
100,upi,0,NA,NA,NA,0
100,netbanking,0,NA,NA,NA,0
100,emi,0,Visa,credit,Canara Bank,0
100,pay later,0,NA,NA,NA,0
100,upi,0,NA,NA,NA,1
100,card,0,Mastercard,debit,HDFC,0
100,card,0,RuPay,debit,HDFC,0
100,pay later,0,NA,NA,NA,0
100,card,0,Mastercard,debit,Union Bank,0
100,upi,0,NA,NA,NA,0
100,upi,0,NA,NA,NA,1
100,card,0,RuPay,credit,Axis,0
100,upi,0,NA,NA,NA,0
100,pay later,0,NA,NA,NA,0
100,card,0,Mastercard,credit,Kotak Mahindra,0
100,upi,0,NA,NA,NA,0
100,upi,0,NA,NA,NA,0
100,card,0,Visa,debit,ICICI,0
100,netbanking,0,NA,NA,NA,1
100,netbanking,0,NA,NA,NA,0
100,upi,0,NA,NA,NA,0
100,card,0,Visa,credit,HDFC,1
100,upi,0,NA,NA,NA,0
100,netbanking,0,NA,NA,NA,1
100,netbanking,0,NA,NA,NA,1
100,card,0,Visa,debit,IDFC First,0
100,wallet,0,NA,NA,NA,0
100,netbanking,0,NA,NA,NA,0
100,card,0,Mastercard,debit,IDFC First,0
100,upi,0,NA,NA,NA,0
100,card,0,Mastercard,debit,ICICI,0
100,card,0,RuPay,debit,Axis,0
100,upi,0,NA,NA,NA,0
100,card,0,Visa,credit,RBL,0
100,card,0,Mastercard,debit,SBI,0
100,netbanking,0,NA,NA,NA,0
100,card,0,Diners,debit,IndusInd,0
100,wallet,0,NA,NA,NA,0
100,upi,0,NA,NA,NA,0
100,wallet,0,NA,NA,NA,0
100,card,0,Visa,credit,SBI,0
100,emi,0,Visa,credit,SBI,0
100,upi,0,NA,NA,NA,0
100,card,0,Visa,credit,ICICI,0
100,upi,0,NA,NA,NA,0
100,upi,0,NA,NA,NA,0
100,pay later,0,NA,NA,NA,0
100,upi,0,NA,NA,NA,0
100,wallet,0,NA,NA,NA,0
100,card,0,Visa,debit,HDFC,0
100,upi,0,NA,NA,NA,0
100,pay later,0,NA,NA,NA,0
100,upi,0,NA,NA,NA,0
100,upi,0,NA,NA,NA,0
100,upi,0,NA,NA,NA,0
100,card,0,RuPay,credit,Yes Bank,0
100,wallet,0,NA,NA,NA,0
100,pay later,0,NA,NA,NA,0
100,wallet,0,NA,NA,NA,0
100,wallet,0,NA,NA,NA,0
100,card,0,American Express,credit,IndusInd,0
100,pay later,0,NA,NA,NA,0
100,upi,0,NA,NA,NA,1
100,netbanking,0,NA,NA,NA,0
100,upi,0,NA,NA,NA,0
100,card,0,Mastercard,prepaid,SBI,0
100,upi,0,NA,NA,NA,0
100,emi,0,RuPay,debit,IDFC First,0
100,upi,0,NA,NA,NA,0
100,card,0,Discover,debit,IDFC First,0
100,wallet,0,NA,NA,NA,0
100,card,0,Mastercard,credit,Canara Bank,1
100,upi,0,NA,NA,NA,0
100,card,0,Mastercard,debit,Yes Bank,1
100,card,0,Mastercard,credit,Axis,0
100,card,0,RuPay,debit,ICICI,1
100,netbanking,0,NA,NA,NA,0
100,upi,0,NA,NA,NA,0
100,wallet,0,NA,NA,NA,0
100,card,0,Mastercard,credit,HDFC,0
100,card,0,Mastercard,debit,Axis,0
100,card,0,Mastercard,credit,IDFC First,0
100,upi,0,NA,NA,NA,0
100,netbanking,0,NA,NA,NA,1
100,upi,0,NA,NA,NA,0
100,card,0,RuPay,debit,Indian Bank,0
100,card,0,Mastercard,credit,Yes Bank,0
100,wallet,0,NA,NA,NA,0
100,upi,0,NA,NA,NA,0
100,upi,0,NA,NA,NA,0
100,card,0,Mastercard,debit,Union Bank,0
100,card,0,Mastercard,debit,SBI,0
100,upi,0,NA,NA,NA,0
100,card,0,Visa,debit,IndusInd,0
100,netbanking,0,NA,NA,NA,0
100,emi,0,RuPay,debit,SBI,1
100,wallet,0,NA,NA,NA,0
100,netbanking,0,NA,NA,NA,1
100,upi,0,NA,NA,NA,0
100,upi,0,NA,NA,NA,0
100,upi,0,NA,NA,NA,0
100,card,0,Visa,debit,Indian Bank,0
100,upi,0,NA,NA,NA,0
100,card,0,American Express,credit,Axis,0
100,upi,0,NA,NA,NA,0
100,upi,0,NA,NA,NA,0
100,wallet,0,NA,NA,NA,0
100,card,0,RuPay,credit,Axis,0
100,netbanking,0,NA,NA,NA,0
100,card,0,RuPay,debit,SBI,0
100,upi,0,NA,NA,NA,0
100,upi,0,NA,NA,NA,0
100,card,0,Mastercard,debit,IndusInd,0
100,card,0,Visa,credit,Axis,1
100,upi,0,NA,NA,NA,0
100,card,0,Visa,credit,Axis,0
100,upi,0,NA,NA,NA,0
100,upi,0,NA,NA,NA,0
100,upi,0,NA,NA,NA,0
100,wallet,0,NA,NA,NA,0
100,netbanking,0,NA,NA,NA,0
100,upi,0,NA,NA,NA,0
100,card,0,Visa,credit,SBI,0
100,emi,0,Visa,credit,HDFC,0
100,card,0,Visa,credit,HDFC,0
100,upi,0,NA,NA,NA,0
100,upi,0,NA,NA,NA,0
100,upi,0,NA,NA,NA,0
100,upi,0,NA,NA,NA,0
100,card,0,Mastercard,prepaid,Yes Bank,1
100,card,0,Mastercard,credit,HDFC,0
100,emi,0,Diners,credit,Axis,0
100,upi,0,NA,NA,NA,0
100,wallet,0,NA,NA,NA,0
100,upi,0,NA,NA,NA,0
100,upi,0,NA,NA,NA,0
100,netbanking,0,NA,NA,NA,0
100,card,0,RuPay,credit,Bank of Baroda,1
100,netbanking,0,NA,NA,NA,0
100,pay later,0,NA,NA,NA,0
100,card,0,RuPay,credit,RBL,0
100,card,0,RuPay,debit,Federal Bank,0
100,upi,0,NA,NA,NA,0
100,card,0,Mastercard,credit,HDFC,1
100,netbanking,0,NA,NA,NA,0
100,upi,0,NA,NA,NA,0
100,wallet,0,NA,NA,NA,0
100,upi,0,NA,NA,NA,0
100,upi,0,NA,NA,NA,0
100,upi,0,NA,NA,NA,0
100,netbanking,0,NA,NA,NA,0
100,card,0,Mastercard,credit,Indian Bank,0
100,pay later,0,NA,NA,NA,0
100,pay later,0,NA,NA,NA,0
100,emi,0,Diners,debit,IndusInd,0
100,pay later,0,NA,NA,NA,1
100,card,0,Mastercard,credit,Axis,0
100,upi,0,NA,NA,NA,0
100,upi,0,NA,NA,NA,0
100,pay later,0,NA,NA,NA,0
100,upi,0,NA,NA,NA,0
100,emi,0,Mastercard,credit,SBI,0
100,card,0,Visa,debit,RBL,0
100,pay later,0,NA,NA,NA,1
100,wallet,0,NA,NA,NA,0
100,card,0,Visa,credit,Punjab National Bank,0
100,upi,0,NA,NA,NA,0
100,upi,0,NA,NA,NA,0
100,pay later,0,NA,NA,NA,0
100,card,0,Visa,credit,SBI,0
100,wallet,0,NA,NA,NA,0
100,pay later,0,NA,NA,NA,0
100,card,0,RuPay,credit,SBI,0
100,pay later,0,NA,NA,NA,0
100,upi,0,NA,NA,NA,0
100,pay later,0,NA,NA,NA,0
100,netbanking,0,NA,NA,NA,0
100,card,0,Mastercard,debit,SBI,0
100,card,0,Visa,credit,IndusInd,0
100,upi,0,NA,NA,NA,0
100,upi,0,NA,NA,NA,0
100,card,0,Diners,debit,HDFC,0
100,netbanking,0,NA,NA,NA,0
100,wallet,0,NA,NA,NA,0
100,netbanking,0,NA,NA,NA,0
100,card,0,RuPay,credit,Axis,0
100,upi,0,NA,NA,NA,0
100,card,0,RuPay,debit,Axis,0
100,pay later,0,NA,NA,NA,0
100,upi,0,NA,NA,NA,0
100,upi,0,NA,NA,NA,0
100,card,0,Visa,debit,SBI,0
100,upi,0,NA,NA,NA,0
100,upi,0,NA,NA,NA,0
100,upi,0,NA,NA,NA,0
100,card,0,Diners,debit,Yes Bank,0
100,upi,0,NA,NA,NA,0
100,upi,0,NA,NA,NA,0
100,pay later,0,NA,NA,NA,0
100,upi,0,NA,NA,NA,0
100,netbanking,0,NA,NA,NA,0
100,upi,0,NA,NA,NA,0
100,netbanking,0,NA,NA,NA,0
100,netbanking,0,NA,NA,NA,0
100,emi,0,Mastercard,debit,Bank of Baroda,1
100,card,0,Mastercard,debit,Yes Bank,0
100,upi,0,NA,NA,NA,0
100,upi,0,NA,NA,NA,0
100,wallet,0,NA,NA,NA,1
100,wallet,0,NA,NA,NA,0
100,upi,0,NA,NA,NA,0
100,upi,0,NA,NA,NA,0
100,card,0,Diners,credit,SBI,0
100,upi,0,NA,NA,NA,0
100,wallet,0,NA,NA,NA,0
100,upi,0,NA,NA,NA,0
100,wallet,0,NA,NA,NA,0
100,card,0,Mastercard,credit,SBI,0
100,upi,0,NA,NA,NA,0
100,card,0,Visa,prepaid,Axis,0
100,netbanking,0,NA,NA,NA,1
100,wallet,0,NA,NA,NA,0
100,card,0,Visa,credit,Yes Bank,0
100,wallet,0,NA,NA,NA,0
100,card,0,Mastercard,credit,SBI,0
100,netbanking,0,NA,NA,NA,0
100,wallet,0,NA,NA,NA,0
100,upi,0,NA,NA,NA,0
100,upi,0,NA,NA,NA,0
100,emi,0,Visa,debit,Canara Bank,0
100,netbanking,0,NA,NA,NA,0
100,card,0,Visa,debit,SBI,0
100,upi,0,NA,NA,NA,0
100,card,0,RuPay,debit,ICICI,0
100,card,0,American Express,credit,IDFC First,0
100,upi,0,NA,NA,NA,0
100,upi,0,NA,NA,NA,0
100,card,0,RuPay,prepaid,ICICI,0
100,upi,0,NA,NA,NA,0
100,upi,0,NA,NA,NA,0
100,upi,0,NA,NA,NA,0
100,card,0,Visa,debit,Yes Bank,1
100,upi,0,NA,NA,NA,0
100,upi,0,NA,NA,NA,0
100,emi,0,Visa,credit,HDFC,0
100,netbanking,0,NA,NA,NA,0
100,pay later,0,NA,NA,NA,0
100,upi,0,NA,NA,NA,0
100,emi,0,Visa,prepaid,SBI,0
100,upi,0,NA,NA,NA,0
100,upi,0,NA,NA,NA,0
100,pay later,0,NA,NA,NA,0
100,upi,0,NA,NA,NA,0
100,upi,0,NA,NA,NA,0
100,upi,0,NA,NA,NA,0
100,upi,0,NA,NA,NA,0
100,card,0,Visa,credit,HDFC,0
100,card,0,RuPay,credit,ICICI,0
100,upi,0,NA,NA,NA,0
100,card,0,Mastercard,credit,Yes Bank,0
100,card,0,Visa,credit,SBI,0
100,card,0,Visa,credit,IndusInd,0
100,pay later,0,NA,NA,NA,0
100,upi,0,NA,NA,NA,0
100,upi,0,NA,NA,NA,0
100,upi,0,NA,NA,NA,0
100,upi,0,NA,NA,NA,0
100,wallet,0,NA,NA,NA,0
100,upi,0,NA,NA,NA,0
100,upi,0,NA,NA,NA,0
100,netbanking,0,NA,NA,NA,0
100,pay later,0,NA,NA,NA,0
100,netbanking,0,NA,NA,NA,0
100,emi,0,Visa,credit,Kotak Mahindra,0
100,netbanking,0,NA,NA,NA,1
100,card,0,Visa,debit,IndusInd,0
100,upi,0,NA,NA,NA,1
100,wallet,0,NA,NA,NA,0
100,upi,0,NA,NA,NA,0
100,card,0,Mastercard,debit,Axis,0
100,upi,0,NA,NA,NA,0
100,card,0,Visa,credit,Canara Bank,0
100,upi,0,NA,NA,NA,0
100,upi,0,NA,NA,NA,0
100,upi,0,NA,NA,NA,0
100,card,0,Mastercard,credit,ICICI,0
100,card,0,Mastercard,debit,Yes Bank,0
100,wallet,0,NA,NA,NA,0
100,upi,0,NA,NA,NA,0
100,wallet,0,NA,NA,NA,0
100,upi,0,NA,NA,NA,0
100,card,0,Mastercard,credit,Axis,0
100,wallet,0,NA,NA,NA,0
100,upi,0,NA,NA,NA,0
100,netbanking,0,NA,NA,NA,0
100,upi,0,NA,NA,NA,0
100,card,0,American Express,debit,RBL,1
100,card,0,Visa,credit,ICICI,0
100,wallet,0,NA,NA,NA,0
100,card,0,Visa,debit,HDFC,0
100,card,0,Mastercard,credit,Yes Bank,0
100,card,0,Visa,debit,Yes Bank,0
100,upi,0,NA,NA,NA,0
100,card,0,Mastercard,credit,RBL,0
100,upi,0,NA,NA,NA,0
100,card,0,Diners,credit,ICICI,0
100,card,0,Diners,debit,Axis,0
100,card,0,Visa,credit,Indian Bank,0
100,upi,0,NA,NA,NA,0
100,upi,0,NA,NA,NA,0
100,upi,0,NA,NA,NA,0
100,upi,0,NA,NA,NA,0
100,card,0,Mastercard,debit,Axis,0
100,wallet,0,NA,NA,NA,0
100,emi,0,Mastercard,debit,Canara Bank,0
100,netbanking,0,NA,NA,NA,0
100,netbanking,0,NA,NA,NA,0
100,card,0,RuPay,debit,ICICI,0
100,emi,0,Mastercard,prepaid,IndusInd,1
100,emi,0,Visa,credit,Indian Bank,0
100,pay later,0,NA,NA,NA,0
100,pay later,0,NA,NA,NA,0
100,netbanking,0,NA,NA,NA,0
100,pay later,0,NA,NA,NA,0
100,card,0,Mastercard,credit,Axis,0
100,card,0,RuPay,credit,HDFC,0
100,emi,0,American Express,prepaid,ICICI,0
100,card,0,Visa,debit,HDFC,0
100,card,0,Mastercard,credit,HDFC,0
100,netbanking,0,NA,NA,NA,1
100,upi,0,NA,NA,NA,0
100,upi,0,NA,NA,NA,0
100,upi,0,NA,NA,NA,0
100,card,0,Mastercard,credit,ICICI,0
100,card,0,RuPay,debit,SBI,0
100,card,0,Visa,credit,Kotak Mahindra,0
100,card,0,Mastercard,credit,Union Bank,0
100,upi,0,NA,NA,NA,0
100,card,0,Visa,credit,Kotak Mahindra,0
100,card,0,RuPay,debit,IndusInd,0
100,netbanking,0,NA,NA,NA,0
100,wallet,0,NA,NA,NA,0
100,upi,0,NA,NA,NA,0
100,upi,0,NA,NA,NA,0
100,upi,0,NA,NA,NA,0
100,card,0,RuPay,debit,IDFC First,0
100,wallet,0,NA,NA,NA,0
100,card,0,Visa,debit,Bank of Baroda,0
100,netbanking,0,NA,NA,NA,0
100,wallet,0,NA,NA,NA,1
100,upi,0,NA,NA,NA,0
100,netbanking,0,NA,NA,NA,0
100,upi,0,NA,NA,NA,1
100,card,0,Mastercard,prepaid,HDFC,0
100,upi,0,NA,NA,NA,0
100,upi,0,NA,NA,NA,0
100,upi,0,NA,NA,NA,0
100,emi,0,Visa,credit,RBL,1
100,upi,0,NA,NA,NA,0
100,card,0,Visa,credit,ICICI,0
100,card,0,Mastercard,credit,HDFC,0
100,wallet,0,NA,NA,NA,0
100,upi,0,NA,NA,NA,0
100,emi,0,RuPay,debit,HDFC,0
100,upi,0,NA,NA,NA,0
100,upi,0,NA,NA,NA,0
100,wallet,0,NA,NA,NA,1
100,card,0,Diners,debit,RBL,0
100,card,0,Visa,debit,SBI,0
100,emi,0,Diners,credit,HDFC,0
100,upi,0,NA,NA,NA,0
100,upi,0,NA,NA,NA,0
100,upi,0,NA,NA,NA,0
100,card,0,Visa,debit,SBI,0
100,card,0,Mastercard,debit,IDFC First,0
100,upi,0,NA,NA,NA,0
100,card,0,RuPay,prepaid,ICICI,0
100,wallet,0,NA,NA,NA,0
100,emi,0,RuPay,debit,ICICI,1
100,upi,0,NA,NA,NA,0
100,emi,0,Discover,credit,Union Bank,0
100,emi,0,American Express,debit,Yes Bank,0
100,upi,0,NA,NA,NA,0
100,upi,0,NA,NA,NA,0
100,wallet,0,NA,NA,NA,0
100,netbanking,0,NA,NA,NA,0
100,card,0,Diners,credit,HDFC,1
100,card,0,Visa,credit,ICICI,0
100,wallet,0,NA,NA,NA,0
100,upi,0,NA,NA,NA,0
100,upi,0,NA,NA,NA,0
100,upi,0,NA,NA,NA,0
100,emi,0,Mastercard,debit,ICICI,0
100,pay later,0,NA,NA,NA,0
100,upi,0,NA,NA,NA,0
100,emi,0,American Express,credit,ICICI,0
100,netbanking,0,NA,NA,NA,0
100,card,0,Discover,debit,Axis,0
100,upi,0,NA,NA,NA,0
100,pay later,0,NA,NA,NA,0
100,card,0,American Express,credit,Axis,0
100,card,0,RuPay,credit,RBL,0
100,netbanking,0,NA,NA,NA,0
100,upi,0,NA,NA,NA,0
100,netbanking,0,NA,NA,NA,1
100,upi,0,NA,NA,NA,0
100,upi,0,NA,NA,NA,0
100,netbanking,0,NA,NA,NA,0
100,emi,0,Diners,credit,Union Bank,0
100,wallet,0,NA,NA,NA,0
100,pay later,0,NA,NA,NA,0
100,card,0,Mastercard,credit,Axis,0
100,upi,0,NA,NA,NA,0
100,card,0,Visa,credit,SBI,0
100,wallet,0,NA,NA,NA,0
100,emi,0,Mastercard,credit,Yes Bank,0
100,card,0,Visa,credit,HDFC,0
100,wallet,0,NA,NA,NA,0
100,upi,0,NA,NA,NA,0
100,card,0,Discover,credit,Federal Bank,0
100,card,0,RuPay,debit,ICICI,1
100,card,0,Visa,credit,SBI,1
100,upi,0,NA,NA,NA,0
100,card,0,Discover,credit,HDFC,1
100,pay later,0,NA,NA,NA,0
100,pay later,0,NA,NA,NA,0
100,netbanking,0,NA,NA,NA,0
100,upi,0,NA,NA,NA,0
100,card,0,Mastercard,credit,Federal Bank,0
100,upi,0,NA,NA,NA,0
100,upi,0,NA,NA,NA,0
100,emi,0,Visa,debit,RBL,0
100,card,0,Visa,debit,Bank of Baroda,0
100,pay later,0,NA,NA,NA,0
100,pay later,0,NA,NA,NA,0
100,card,0,Visa,prepaid,Axis,0
100,upi,0,NA,NA,NA,0
100,card,0,Visa,debit,SBI,0
100,upi,0,NA,NA,NA,0
100,upi,0,NA,NA,NA,0
100,upi,0,NA,NA,NA,0
100,upi,0,NA,NA,NA,0
100,upi,0,NA,NA,NA,0
100,card,0,American Express,debit,Axis,0
100,pay later,0,NA,NA,NA,1
100,netbanking,0,NA,NA,NA,0
100,card,0,RuPay,credit,IndusInd,0
100,emi,0,RuPay,credit,HDFC,0
100,upi,0,NA,NA,NA,0
100,card,0,Mastercard,credit,Axis,0
100,netbanking,0,NA,NA,NA,0
100,card,0,Visa,debit,HDFC,0
100,card,0,Mastercard,debit,Bank of Baroda,0
100,upi,0,NA,NA,NA,0
100,emi,0,American Express,credit,Axis,0
100,netbanking,0,NA,NA,NA,0
100,netbanking,0,NA,NA,NA,0
100,card,0,Mastercard,credit,RBL,0
100,netbanking,0,NA,NA,NA,0
100,card,0,American Express,credit,Union Bank,1
100,card,0,Mastercard,debit,HDFC,0
100,upi,0,NA,NA,NA,0
100,upi,0,NA,NA,NA,0
100,card,0,Mastercard,credit,SBI,0
100,upi,0,NA,NA,NA,0
100,upi,0,NA,NA,NA,0
100,pay later,0,NA,NA,NA,0
100,card,0,Visa,credit,ICICI,0
100,upi,0,NA,NA,NA,0
100,pay later,0,NA,NA,NA,0
100,netbanking,0,NA,NA,NA,0
100,upi,0,NA,NA,NA,0
100,netbanking,0,NA,NA,NA,0
100,upi,0,NA,NA,NA,0
100,card,0,Mastercard,debit,SBI,0
100,emi,0,Diners,prepaid,ICICI,0
100,upi,0,NA,NA,NA,0
100,card,0,Visa,debit,Axis,0
100,pay later,0,NA,NA,NA,0
100,netbanking,0,NA,NA,NA,0
100,card,0,RuPay,credit,HDFC,0
100,card,0,RuPay,debit,Axis,0
100,emi,0,Mastercard,credit,Bank of Baroda,0
100,wallet,0,NA,NA,NA,0
100,emi,0,Mastercard,debit,Punjab National Bank,0
100,upi,0,NA,NA,NA,0
100,upi,0,NA,NA,NA,0
100,card,0,Visa,prepaid,Kotak Mahindra,0
100,card,0,Visa,debit,Union Bank,0
100,upi,0,NA,NA,NA,1
100,upi,0,NA,NA,NA,0
100,netbanking,0,NA,NA,NA,0
100,upi,0,NA,NA,NA,0
100,upi,0,NA,NA,NA,0
100,upi,0,NA,NA,NA,0
100,pay later,0,NA,NA,NA,1
100,upi,0,NA,NA,NA,0
100,upi,0,NA,NA,NA,0
100,netbanking,0,NA,NA,NA,0
100,netbanking,0,NA,NA,NA,1
100,upi,0,NA,NA,NA,0
100,upi,0,NA,NA,NA,0
100,netbanking,0,NA,NA,NA,0
100,upi,0,NA,NA,NA,0
100,pay later,0,NA,NA,NA,0
100,emi,0,Mastercard,credit,Kotak Mahindra,0
100,netbanking,0,NA,NA,NA,0
100,card,0,Mastercard,credit,HDFC,0
100,netbanking,0,NA,NA,NA,0
100,card,0,Visa,credit,Yes Bank,0
100,emi,0,American Express,credit,Axis,0
100,upi,0,NA,NA,NA,0
100,emi,0,Mastercard,credit,HDFC,0
100,card,0,Diners,debit,SBI,0
100,upi,0,NA,NA,NA,0
100,upi,0,NA,NA,NA,0
100,card,0,Visa,debit,IndusInd,0
100,upi,0,NA,NA,NA,0
100,card,0,Mastercard,credit,HDFC,0
100,emi,0,Visa,credit,Bank of Baroda,0
100,card,0,Visa,credit,ICICI,0
100,pay later,0,NA,NA,NA,0
100,wallet,0,NA,NA,NA,1
100,upi,0,NA,NA,NA,0
100,netbanking,0,NA,NA,NA,0
100,emi,0,Visa,credit,ICICI,0
100,emi,0,Visa,credit,Axis,0
100,netbanking,0,NA,NA,NA,0
100,upi,0,NA,NA,NA,0
100,card,0,Visa,debit,IndusInd,0
100,netbanking,0,NA,NA,NA,1
100,card,0,Discover,credit,HDFC,0
100,upi,0,NA,NA,NA,0
100,wallet,0,NA,NA,NA,0
100,netbanking,0,NA,NA,NA,1
100,card,0,Mastercard,credit,Federal Bank,0
100,upi,0,NA,NA,NA,0
100,wallet,0,NA,NA,NA,0
100,netbanking,0,NA,NA,NA,0
100,upi,0,NA,NA,NA,0
100,card,0,Mastercard,credit,Kotak Mahindra,0
100,upi,0,NA,NA,NA,0
100,netbanking,0,NA,NA,NA,0
100,card,0,Mastercard,credit,RBL,0
100,card,0,Visa,credit,Kotak Mahindra,0
100,upi,0,NA,NA,NA,0
100,upi,0,NA,NA,NA,0
100,card,0,Visa,debit,ICICI,1
100,emi,0,Mastercard,credit,SBI,0
100,upi,0,NA,NA,NA,1
100,upi,0,NA,NA,NA,0
100,card,0,Mastercard,credit,HDFC,0
100,upi,0,NA,NA,NA,0
100,card,0,Mastercard,credit,IDFC First,0
100,card,0,RuPay,credit,HDFC,0
100,netbanking,0,NA,NA,NA,0
100,upi,0,NA,NA,NA,0
100,upi,0,NA,NA,NA,0
100,pay later,0,NA,NA,NA,0
100,card,0,American Express,debit,HDFC,0
100,card,0,Mastercard,debit,HDFC,0
100,wallet,0,NA,NA,NA,0
100,upi,0,NA,NA,NA,0
100,upi,0,NA,NA,NA,0
100,upi,0,NA,NA,NA,0
100,card,0,Visa,prepaid,Canara Bank,0
100,card,0,Mastercard,credit,ICICI,0
100,card,0,Mastercard,credit,IDFC First,0
100,card,0,RuPay,credit,ICICI,0
100,card,0,American Express,credit,HDFC,0
100,card,0,RuPay,prepaid,SBI,0
100,card,0,Visa,debit,Yes Bank,0
100,netbanking,0,NA,NA,NA,0
100,card,0,Mastercard,credit,Kotak Mahindra,0
100,upi,0,NA,NA,NA,0
100,upi,0,NA,NA,NA,0
100,pay later,0,NA,NA,NA,0
100,card,0,American Express,credit,Axis,0
100,netbanking,0,NA,NA,NA,0
100,upi,0,NA,NA,NA,0
100,card,0,RuPay,debit,ICICI,0
100,card,0,Visa,prepaid,IndusInd,0
100,upi,0,NA,NA,NA,0
100,upi,0,NA,NA,NA,1
100,upi,0,NA,NA,NA,0
100,card,0,RuPay,debit,Bank of Baroda,0
100,netbanking,0,NA,NA,NA,0
100,upi,0,NA,NA,NA,0
100,upi,0,NA,NA,NA,0
100,card,0,American Express,debit,Canara Bank,0
100,card,0,Visa,credit,HDFC,1
100,card,0,Mastercard,debit,IndusInd,0
100,emi,0,Visa,debit,HDFC,0
100,card,0,American Express,credit,IndusInd,0
100,upi,0,NA,NA,NA,0
100,pay later,0,NA,NA,NA,0
100,emi,0,Visa,credit,Axis,0
100,card,0,American Express,debit,SBI,1
100,upi,0,NA,NA,NA,0
100,emi,0,Visa,debit,Axis,0
100,upi,0,NA,NA,NA,0
100,upi,0,NA,NA,NA,0
100,netbanking,0,NA,NA,NA,0
100,upi,0,NA,NA,NA,0
100,upi,0,NA,NA,NA,0
100,card,0,Visa,credit,Federal Bank,0
100,upi,0,NA,NA,NA,0
100,upi,0,NA,NA,NA,0
100,card,0,Mastercard,credit,Kotak Mahindra,0
100,upi,0,NA,NA,NA,0
100,upi,0,NA,NA,NA,1
100,wallet,0,NA,NA,NA,0
100,upi,0,NA,NA,NA,0
100,pay later,0,NA,NA,NA,0
100,card,0,American Express,credit,RBL,0
100,netbanking,0,NA,NA,NA,0
100,wallet,0,NA,NA,NA,0
100,card,0,Mastercard,credit,Canara Bank,0
100,upi,0,NA,NA,NA,0
100,upi,0,NA,NA,NA,0
100,upi,0,NA,NA,NA,0
100,upi,0,NA,NA,NA,0
100,upi,0,NA,NA,NA,0
100,netbanking,0,NA,NA,NA,0
100,netbanking,0,NA,NA,NA,0
100,emi,0,Visa,credit,HDFC,0
100,card,0,Visa,debit,Canara Bank,0
100,upi,0,NA,NA,NA,0
100,upi,0,NA,NA,NA,0
100,card,0,RuPay,debit,ICICI,0
100,wallet,0,NA,NA,NA,0
100,upi,0,NA,NA,NA,0
100,upi,0,NA,NA,NA,0
100,emi,0,Mastercard,credit,Axis,0
100,upi,0,NA,NA,NA,0
100,upi,0,NA,NA,NA,0
100,emi,0,RuPay,credit,ICICI,0
100,upi,0,NA,NA,NA,0
100,card,0,Visa,credit,RBL,0
100,card,0,Visa,debit,SBI,1
100,upi,0,NA,NA,NA,0
100,netbanking,0,NA,NA,NA,0
100,card,0,American Express,credit,HDFC,0
100,card,0,Discover,debit,IDFC First,0
100,upi,0,NA,NA,NA,0
100,wallet,0,NA,NA,NA,0
100,wallet,0,NA,NA,NA,0
100,upi,0,NA,NA,NA,0
100,netbanking,0,NA,NA,NA,1
100,emi,0,Visa,credit,ICICI,0
100,netbanking,0,NA,NA,NA,1
100,card,0,Visa,debit,Axis,1
100,pay later,0,NA,NA,NA,0
100,emi,0,Diners,credit,ICICI,0
100,upi,0,NA,NA,NA,0
100,upi,0,NA,NA,NA,0
100,pay later,0,NA,NA,NA,0
100,wallet,0,NA,NA,NA,0
100,card,0,Visa,debit,SBI,0
100,pay later,0,NA,NA,NA,0
100,wallet,0,NA,NA,NA,0
100,card,0,Mastercard,prepaid,SBI,0
100,netbanking,0,NA,NA,NA,0
100,upi,0,NA,NA,NA,0
100,wallet,0,NA,NA,NA,0
100,emi,0,Visa,debit,SBI,0
100,netbanking,0,NA,NA,NA,0
100,netbanking,0,NA,NA,NA,0
100,emi,0,Visa,credit,ICICI,0
100,card,0,Mastercard,credit,IDFC First,0
100,wallet,0,NA,NA,NA,0
100,card,0,RuPay,debit,ICICI,0
100,wallet,0,NA,NA,NA,0
100,upi,0,NA,NA,NA,0
100,card,0,Discover,debit,SBI,0
100,wallet,0,NA,NA,NA,0
100,card,0,RuPay,debit,Canara Bank,0
100,upi,0,NA,NA,NA,0
100,card,0,Mastercard,debit,Punjab National Bank,0
100,card,0,Visa,credit,Axis,0
100,upi,0,NA,NA,NA,0
100,card,0,Visa,credit,Kotak Mahindra,0
100,pay later,0,NA,NA,NA,0
100,card,0,American Express,debit,SBI,1
100,upi,0,NA,NA,NA,0
100,upi,0,NA,NA,NA,0
100,card,0,Mastercard,credit,HDFC,0
100,card,0,Mastercard,credit,SBI,0
100,emi,0,Diners,credit,IndusInd,0
100,card,0,Visa,debit,Axis,0
100,card,0,Visa,credit,HDFC,0
100,card,0,RuPay,credit,ICICI,0
100,pay later,0,NA,NA,NA,0
100,card,0,American Express,credit,Axis,1
100,upi,0,NA,NA,NA,0
100,card,0,Mastercard,credit,IndusInd,0
100,upi,0,NA,NA,NA,0
100,card,0,Visa,debit,IDFC First,0
100,upi,0,NA,NA,NA,0
100,card,0,Mastercard,credit,ICICI,0
100,upi,0,NA,NA,NA,0
100,card,0,Mastercard,credit,IndusInd,0
100,upi,0,NA,NA,NA,0
100,upi,0,NA,NA,NA,0
100,upi,0,NA,NA,NA,0
100,netbanking,0,NA,NA,NA,0
100,upi,0,NA,NA,NA,0
100,upi,0,NA,NA,NA,0
100,upi,0,NA,NA,NA,0
100,upi,0,NA,NA,NA,0
100,card,0,Visa,debit,Yes Bank,0
100,card,0,American Express,debit,Axis,0
100,card,0,Visa,credit,Canara Bank,0
100,upi,0,NA,NA,NA,0
100,card,0,Mastercard,credit,Bank of Baroda,0
100,upi,0,NA,NA,NA,0
100,emi,0,RuPay,credit,IndusInd,0
100,card,0,Visa,credit,Kotak Mahindra,0
100,netbanking,0,NA,NA,NA,0
100,upi,0,NA,NA,NA,0
100,card,0,Mastercard,credit,HDFC,0
100,card,0,American Express,debit,Kotak Mahindra,1
100,netbanking,0,NA,NA,NA,0
100,upi,0,NA,NA,NA,0
100,upi,0,NA,NA,NA,0
100,upi,0,NA,NA,NA,0
100,upi,0,NA,NA,NA,0
100,card,0,Mastercard,debit,IDFC First,0
100,netbanking,0,NA,NA,NA,0
100,upi,0,NA,NA,NA,1
100,upi,0,NA,NA,NA,0
100,emi,0,Visa,debit,SBI,0
100,upi,0,NA,NA,NA,0
100,card,0,Mastercard,prepaid,ICICI,0
100,netbanking,0,NA,NA,NA,0
100,card,0,Visa,debit,IDFC First,0
100,card,0,Visa,debit,IndusInd,0
100,upi,0,NA,NA,NA,0
100,card,0,Mastercard,credit,HDFC,0
100,upi,0,NA,NA,NA,1
100,upi,0,NA,NA,NA,0
100,upi,0,NA,NA,NA,0
100,upi,0,NA,NA,NA,0
100,card,0,Visa,debit,Bank of Baroda,0
100,upi,0,NA,NA,NA,0
100,upi,0,NA,NA,NA,0
100,wallet,0,NA,NA,NA,0
100,netbanking,0,NA,NA,NA,0
100,netbanking,0,NA,NA,NA,0
100,card,0,RuPay,credit,HDFC,0
100,upi,0,NA,NA,NA,0
100,card,0,American Express,debit,Kotak Mahindra,0
100,upi,0,NA,NA,NA,0
100,card,0,RuPay,debit,Kotak Mahindra,0
100,card,0,Mastercard,credit,IndusInd,0
100,upi,0,NA,NA,NA,0
100,netbanking,0,NA,NA,NA,1
100,netbanking,0,NA,NA,NA,0
100,emi,0,Visa,credit,IndusInd,0
100,upi,0,NA,NA,NA,0
100,upi,0,NA,NA,NA,0
100,card,0,American Express,debit,SBI,0
100,upi,0,NA,NA,NA,0
100,upi,0,NA,NA,NA,0
100,upi,0,NA,NA,NA,0
100,card,0,American Express,debit,HDFC,0
100,card,0,Visa,debit,IDFC First,0
100,emi,0,RuPay,debit,HDFC,0
100,upi,0,NA,NA,NA,0
100,upi,0,NA,NA,NA,0
100,emi,0,Mastercard,credit,Bank of Baroda,1
100,card,0,Visa,debit,SBI,0
100,card,0,American Express,credit,Kotak Mahindra,0
100,upi,0,NA,NA,NA,0
100,card,0,Visa,credit,ICICI,0
100,emi,0,Mastercard,credit,HDFC,0
100,wallet,0,NA,NA,NA,0
100,upi,0,NA,NA,NA,0
100,upi,0,NA,NA,NA,0
100,upi,0,NA,NA,NA,1
100,upi,0,NA,NA,NA,0
100,pay later,0,NA,NA,NA,1
100,netbanking,0,NA,NA,NA,0
100,wallet,0,NA,NA,NA,0
100,card,0,Discover,debit,IndusInd,0
100,emi,0,RuPay,credit,Union Bank,0
100,netbanking,0,NA,NA,NA,0
100,netbanking,0,NA,NA,NA,0
100,upi,0,NA,NA,NA,0
100,emi,0,Visa,debit,HDFC,0
100,upi,0,NA,NA,NA,0
100,wallet,0,NA,NA,NA,0
100,card,0,Visa,debit,Canara Bank,0
100,upi,0,NA,NA,NA,0
100,card,0,Mastercard,debit,SBI,0
100,wallet,0,NA,NA,NA,0
100,wallet,0,NA,NA,NA,0
100,wallet,0,NA,NA,NA,0
100,card,0,Visa,debit,Bank of Baroda,0
100,upi,0,NA,NA,NA,0
100,card,0,Visa,credit,HDFC,0
100,upi,0,NA,NA,NA,0
100,upi,0,NA,NA,NA,0
100,upi,0,NA,NA,NA,0
100,card,0,Mastercard,credit,ICICI,0
100,upi,0,NA,NA,NA,0
100,emi,0,Mastercard,debit,SBI,0
100,upi,0,NA,NA,NA,0
100,card,0,Mastercard,credit,Punjab National Bank,0
100,netbanking,0,NA,NA,NA,1
100,upi,0,NA,NA,NA,0
100,card,0,RuPay,debit,SBI,0
100,emi,0,Visa,credit,Punjab National Bank,0
100,wallet,0,NA,NA,NA,0
100,card,0,American Express,credit,SBI,0
100,card,0,Visa,credit,Canara Bank,0
100,card,0,RuPay,prepaid,HDFC,0
100,upi,0,NA,NA,NA,0
100,pay later,0,NA,NA,NA,0
100,card,0,Mastercard,credit,Indian Bank,0
100,upi,0,NA,NA,NA,0
100,emi,0,Mastercard,debit,IDFC First,0
100,upi,0,NA,NA,NA,0
100,upi,0,NA,NA,NA,0
100,upi,0,NA,NA,NA,1
100,card,0,RuPay,credit,IDFC First,0
100,emi,0,RuPay,debit,SBI,0
100,wallet,0,NA,NA,NA,0
100,card,0,Mastercard,credit,Canara Bank,0
100,pay later,0,NA,NA,NA,0
100,upi,0,NA,NA,NA,0
100,emi,0,Visa,debit,ICICI,0
100,upi,0,NA,NA,NA,0
100,wallet,0,NA,NA,NA,0
100,upi,0,NA,NA,NA,0
100,card,0,RuPay,credit,Union Bank,0
100,upi,0,NA,NA,NA,0
100,upi,0,NA,NA,NA,0
100,wallet,0,NA,NA,NA,0
100,card,0,Mastercard,credit,HDFC,0
100,emi,0,RuPay,credit,ICICI,0
100,card,0,Visa,debit,ICICI,0
100,card,0,Mastercard,credit,Yes Bank,0
100,card,0,RuPay,credit,Axis,0
100,upi,0,NA,NA,NA,0
100,netbanking,0,NA,NA,NA,0
100,upi,0,NA,NA,NA,0
100,netbanking,0,NA,NA,NA,0
100,card,0,American Express,debit,IndusInd,0
100,card,0,Visa,debit,SBI,0
100,netbanking,0,NA,NA,NA,0
100,card,0,Visa,credit,Canara Bank,0
100,upi,0,NA,NA,NA,0
100,wallet,0,NA,NA,NA,0
100,netbanking,0,NA,NA,NA,0
100,emi,0,RuPay,credit,Canara Bank,0
100,card,0,Mastercard,debit,ICICI,0
100,upi,0,NA,NA,NA,0
100,netbanking,0,NA,NA,NA,0
100,upi,0,NA,NA,NA,0
100,upi,0,NA,NA,NA,0
100,upi,0,NA,NA,NA,0
100,card,0,Visa,credit,ICICI,0
100,emi,0,Visa,debit,Punjab National Bank,0
100,upi,0,NA,NA,NA,0
100,upi,0,NA,NA,NA,0
100,upi,0,NA,NA,NA,0
100,card,0,Mastercard,debit,SBI,0
100,netbanking,0,NA,NA,NA,0
100,wallet,0,NA,NA,NA,0
100,upi,0,NA,NA,NA,0
100,emi,0,RuPay,credit,Canara Bank,0
100,upi,0,NA,NA,NA,0
100,upi,0,NA,NA,NA,0
100,upi,0,NA,NA,NA,0
100,upi,0,NA,NA,NA,0
100,card,0,Visa,credit,SBI,0
100,pay later,0,NA,NA,NA,0
100,upi,0,NA,NA,NA,0
100,card,0,Visa,credit,Union Bank,0
100,emi,0,Diners,credit,HDFC,0
100,emi,0,Discover,credit,IndusInd,0
100,card,0,Mastercard,debit,Kotak Mahindra,0
100,upi,0,NA,NA,NA,0
100,pay later,0,NA,NA,NA,1
100,pay later,0,NA,NA,NA,0
100,netbanking,0,NA,NA,NA,0
100,emi,0,Visa,credit,SBI,0
100,upi,0,NA,NA,NA,0
100,pay later,0,NA,NA,NA,1
100,card,0,RuPay,debit,HDFC,0
100,upi,0,NA,NA,NA,0
100,card,0,American Express,credit,Bank of Baroda,0
100,upi,0,NA,NA,NA,0
100,pay later,0,NA,NA,NA,0
100,card,0,Mastercard,debit,ICICI,0
100,upi,0,NA,NA,NA,0
100,upi,0,NA,NA,NA,0
100,emi,0,RuPay,debit,ICICI,0
100,emi,0,Visa,debit,HDFC,0
100,card,0,RuPay,credit,ICICI,0
100,card,0,Mastercard,prepaid,Bank of Baroda,0
100,card,0,Visa,debit,Canara Bank,0
100,upi,0,NA,NA,NA,0
100,upi,0,NA,NA,NA,0
100,upi,0,NA,NA,NA,1
100,wallet,0,NA,NA,NA,0
100,netbanking,0,NA,NA,NA,1
100,card,0,Mastercard,credit,SBI,0
100,netbanking,0,NA,NA,NA,0
100,netbanking,0,NA,NA,NA,0
100,card,0,Visa,debit,RBL,0
100,emi,0,RuPay,debit,ICICI,0
100,upi,0,NA,NA,NA,0
100,upi,0,NA,NA,NA,0
100,card,0,Mastercard,prepaid,Canara Bank,0
100,upi,0,NA,NA,NA,0
100,pay later,0,NA,NA,NA,1
100,wallet,0,NA,NA,NA,0
100,netbanking,0,NA,NA,NA,0
100,upi,0,NA,NA,NA,0
100,card,0,RuPay,debit,HDFC,0
100,emi,0,RuPay,debit,HDFC,0
100,card,0,Visa,prepaid,ICICI,0
100,card,0,Mastercard,credit,Kotak Mahindra,0
100,netbanking,0,NA,NA,NA,0
100,emi,0,Mastercard,prepaid,ICICI,0
100,upi,0,NA,NA,NA,0
100,wallet,0,NA,NA,NA,0
100,upi,0,NA,NA,NA,0
100,emi,0,Mastercard,credit,SBI,0
100,upi,0,NA,NA,NA,0
100,card,0,Diners,debit,Axis,0
100,emi,0,RuPay,credit,HDFC,0
100,card,0,RuPay,credit,HDFC,0
100,card,0,Mastercard,credit,Axis,0
100,card,0,RuPay,credit,Kotak Mahindra,0
100,emi,0,RuPay,debit,IndusInd,0
100,wallet,0,NA,NA,NA,0
100,upi,0,NA,NA,NA,0
100,wallet,0,NA,NA,NA,1
100,card,0,Visa,credit,SBI,1
100,upi,0,NA,NA,NA,0
100,netbanking,0,NA,NA,NA,1
100,card,0,Mastercard,credit,IndusInd,0
100,netbanking,0,NA,NA,NA,0
100,card,0,Visa,debit,Kotak Mahindra,0
100,upi,0,NA,NA,NA,0
100,card,0,Mastercard,debit,Canara Bank,0
100,upi,0,NA,NA,NA,0
100,upi,0,NA,NA,NA,0
100,upi,0,NA,NA,NA,1
100,emi,0,Mastercard,credit,ICICI,0
100,card,0,Visa,debit,Federal Bank,0
100,card,0,Mastercard,debit,Punjab National Bank,0
100,pay later,0,NA,NA,NA,0
100,upi,0,NA,NA,NA,0
100,card,0,Visa,debit,Yes Bank,0
100,emi,0,American Express,debit,Axis,1
100,upi,0,NA,NA,NA,0
100,card,0,Mastercard,credit,Indian Bank,0
100,upi,0,NA,NA,NA,0
100,card,0,RuPay,credit,RBL,0
100,netbanking,0,NA,NA,NA,0
100,card,0,RuPay,debit,IDFC First,0
100,card,0,RuPay,credit,HDFC,0
100,card,0,Discover,credit,Axis,0
100,wallet,0,NA,NA,NA,0
100,card,0,RuPay,debit,Federal Bank,0
100,upi,0,NA,NA,NA,1
100,upi,0,NA,NA,NA,0
100,card,0,Mastercard,credit,Kotak Mahindra,0
100,card,0,RuPay,credit,Kotak Mahindra,0
100,card,0,Mastercard,credit,Kotak Mahindra,0
100,netbanking,0,NA,NA,NA,0
100,card,0,American Express,credit,IndusInd,0
100,card,0,Mastercard,credit,IndusInd,0
100,upi,0,NA,NA,NA,0
100,upi,0,NA,NA,NA,0
100,card,0,Mastercard,credit,Indian Bank,0
100,card,0,Visa,debit,SBI,0
100,card,0,American Express,debit,Bank of Baroda,0
100,wallet,0,NA,NA,NA,0
100,netbanking,0,NA,NA,NA,0
100,pay later,0,NA,NA,NA,0
100,wallet,0,NA,NA,NA,0
100,upi,0,NA,NA,NA,0
100,upi,0,NA,NA,NA,0
100,wallet,0,NA,NA,NA,0
100,card,0,Mastercard,credit,ICICI,0
100,card,0,Mastercard,credit,Kotak Mahindra,0
100,upi,0,NA,NA,NA,0
100,card,0,Mastercard,debit,ICICI,0
100,upi,0,NA,NA,NA,0
100,netbanking,0,NA,NA,NA,0
100,emi,0,Diners,credit,SBI,0
100,emi,0,Mastercard,credit,ICICI,0
100,card,0,RuPay,debit,Axis,0
100,card,0,Mastercard,credit,Kotak Mahindra,0
100,netbanking,0,NA,NA,NA,0
100,netbanking,0,NA,NA,NA,0
100,upi,0,NA,NA,NA,0
100,wallet,0,NA,NA,NA,0
100,upi,0,NA,NA,NA,0
100,netbanking,0,NA,NA,NA,0
100,card,0,Visa,credit,ICICI,0
100,upi,0,NA,NA,NA,0
100,upi,0,NA,NA,NA,0
100,netbanking,0,NA,NA,NA,0
100,upi,0,NA,NA,NA,0
100,upi,0,NA,NA,NA,0
100,upi,0,NA,NA,NA,0
100,card,0,Visa,credit,Axis,1
100,netbanking,0,NA,NA,NA,0
100,emi,0,Visa,debit,Axis,0
100,wallet,0,NA,NA,NA,0
100,card,0,Visa,debit,SBI,0
100,wallet,0,NA,NA,NA,0
100,pay later,0,NA,NA,NA,0
100,card,0,RuPay,debit,ICICI,0
100,card,0,Mastercard,debit,Axis,0
100,netbanking,0,NA,NA,NA,0
100,upi,0,NA,NA,NA,0
100,upi,0,NA,NA,NA,0
100,netbanking,0,NA,NA,NA,0
100,card,0,Visa,debit,IDFC First,0
100,pay later,0,NA,NA,NA,1
100,upi,0,NA,NA,NA,0
100,netbanking,0,NA,NA,NA,0
100,pay later,0,NA,NA,NA,0
100,wallet,0,NA,NA,NA,0
100,upi,0,NA,NA,NA,0
100,upi,0,NA,NA,NA,0
100,upi,0,NA,NA,NA,0
100,upi,0,NA,NA,NA,1
100,pay later,0,NA,NA,NA,0
100,card,0,Mastercard,credit,Indian Bank,0
100,upi,0,NA,NA,NA,0
100,upi,0,NA,NA,NA,0
100,upi,0,NA,NA,NA,0
100,card,0,Mastercard,debit,ICICI,0
100,upi,0,NA,NA,NA,0
100,upi,0,NA,NA,NA,0
100,netbanking,0,NA,NA,NA,0
100,wallet,0,NA,NA,NA,0
100,upi,0,NA,NA,NA,0
100,emi,0,Mastercard,debit,HDFC,0
100,upi,0,NA,NA,NA,0
100,card,0,Mastercard,debit,SBI,0
100,card,0,Mastercard,credit,Union Bank,0
100,upi,0,NA,NA,NA,0
100,upi,0,NA,NA,NA,1
100,upi,0,NA,NA,NA,0
100,card,0,Mastercard,debit,Punjab National Bank,0
100,wallet,0,NA,NA,NA,0
100,netbanking,0,NA,NA,NA,0
100,emi,0,Mastercard,credit,RBL,0
100,upi,0,NA,NA,NA,0
100,upi,0,NA,NA,NA,0
100,card,0,Visa,credit,IndusInd,0
100,netbanking,0,NA,NA,NA,0
100,card,0,Mastercard,debit,Kotak Mahindra,1
100,netbanking,0,NA,NA,NA,0
100,card,0,RuPay,credit,HDFC,0
100,netbanking,0,NA,NA,NA,0
100,pay later,0,NA,NA,NA,0
100,card,0,Visa,credit,IDFC First,0
100,card,0,Visa,credit,IndusInd,0
100,pay later,0,NA,NA,NA,1
100,emi,0,Mastercard,credit,RBL,0
100,upi,0,NA,NA,NA,0
100,emi,0,RuPay,credit,ICICI,0
100,pay later,0,NA,NA,NA,0
100,card,0,Mastercard,credit,Canara Bank,1
100,netbanking,0,NA,NA,NA,0
100,card,0,Mastercard,debit,Punjab National Bank,0
100,netbanking,0,NA,NA,NA,0
100,upi,0,NA,NA,NA,0
100,upi,0,NA,NA,NA,1
100,card,0,Diners,credit,ICICI,0
100,card,0,Visa,debit,SBI,0
100,upi,0,NA,NA,NA,0
100,emi,0,Diners,credit,HDFC,0
100,emi,0,Visa,credit,Axis,0
100,upi,0,NA,NA,NA,0
100,card,0,American Express,debit,Kotak Mahindra,0
100,upi,0,NA,NA,NA,0
100,card,0,RuPay,credit,SBI,0
100,card,0,RuPay,debit,IndusInd,0
100,card,0,Visa,credit,ICICI,0
100,upi,0,NA,NA,NA,0
100,netbanking,0,NA,NA,NA,0
100,card,0,Visa,debit,Axis,0
100,card,0,RuPay,debit,Axis,0
100,emi,0,RuPay,debit,Kotak Mahindra,0
100,card,0,Discover,debit,Union Bank,0
100,upi,0,NA,NA,NA,0
100,wallet,0,NA,NA,NA,0
100,card,0,Diners,credit,RBL,0
100,netbanking,0,NA,NA,NA,0
100,card,0,Discover,credit,Canara Bank,0
100,netbanking,0,NA,NA,NA,0
100,upi,0,NA,NA,NA,0
100,emi,0,RuPay,debit,SBI,0
100,card,0,American Express,credit,HDFC,1
100,netbanking,0,NA,NA,NA,0
100,upi,0,NA,NA,NA,0
100,upi,0,NA,NA,NA,0
100,upi,0,NA,NA,NA,0
100,emi,0,Diners,credit,Kotak Mahindra,0
100,wallet,0,NA,NA,NA,0
100,upi,0,NA,NA,NA,0
100,upi,0,NA,NA,NA,0
100,emi,0,Visa,debit,Axis,1
100,upi,0,NA,NA,NA,0
100,upi,0,NA,NA,NA,0
100,card,0,RuPay,credit,Federal Bank,0
100,emi,0,RuPay,credit,SBI,0
100,emi,0,Visa,prepaid,Kotak Mahindra,0
100,emi,0,Visa,credit,ICICI,0
100,upi,0,NA,NA,NA,0
100,upi,0,NA,NA,NA,0
100,card,0,RuPay,debit,Axis,0
100,emi,0,Visa,debit,ICICI,0
100,emi,0,RuPay,debit,Yes Bank,0
100,card,0,RuPay,debit,Canara Bank,0
100,upi,0,NA,NA,NA,0
100,netbanking,0,NA,NA,NA,0
100,upi,0,NA,NA,NA,0
100,upi,0,NA,NA,NA,0
100,card,0,Visa,debit,Bank of Baroda,0
100,upi,0,NA,NA,NA,0
100,pay later,0,NA,NA,NA,1
100,emi,0,Diners,credit,SBI,0
100,card,0,Mastercard,credit,Kotak Mahindra,0
100,card,0,RuPay,debit,Yes Bank,0
100,card,0,Mastercard,credit,IDFC First,0
100,emi,0,Visa,debit,Yes Bank,0
100,upi,0,NA,NA,NA,0
100,upi,0,NA,NA,NA,0
100,wallet,0,NA,NA,NA,0
100,upi,0,NA,NA,NA,0
100,upi,0,NA,NA,NA,0
100,card,0,Diners,prepaid,Bank of Baroda,0
100,emi,0,Visa,prepaid,Axis,0
100,upi,0,NA,NA,NA,0
100,card,0,Mastercard,credit,IndusInd,1
100,upi,0,NA,NA,NA,0
100,upi,0,NA,NA,NA,0
100,emi,0,Visa,debit,Union Bank,0
100,netbanking,0,NA,NA,NA,0
100,pay later,0,NA,NA,NA,0
100,upi,0,NA,NA,NA,0
100,wallet,0,NA,NA,NA,0
100,emi,0,Visa,credit,Punjab National Bank,0
100,upi,0,NA,NA,NA,0
100,card,0,American Express,credit,ICICI,1
100,upi,0,NA,NA,NA,0
100,card,0,Visa,debit,Indian Bank,0
100,upi,0,NA,NA,NA,0
100,upi,0,NA,NA,NA,0
100,upi,0,NA,NA,NA,0
100,card,0,Visa,credit,Axis,1
100,card,0,Mastercard,credit,IDFC First,0
100,card,0,RuPay,debit,Axis,0
100,card,0,Mastercard,debit,ICICI,0
100,upi,0,NA,NA,NA,0
100,emi,0,Mastercard,credit,SBI,0
100,emi,0,Visa,credit,ICICI,0
100,card,0,American Express,credit,ICICI,0
100,upi,0,NA,NA,NA,0
100,card,0,Visa,credit,Axis,1
100,upi,0,NA,NA,NA,0
100,card,0,Visa,credit,IndusInd,0
100,upi,0,NA,NA,NA,0
100,upi,0,NA,NA,NA,0
100,upi,0,NA,NA,NA,0
100,emi,0,Mastercard,credit,IDFC First,0
100,upi,0,NA,NA,NA,0
100,upi,0,NA,NA,NA,0
100,emi,0,RuPay,credit,Kotak Mahindra,0
100,pay later,0,NA,NA,NA,0
100,card,0,Visa,credit,IDFC First,0
100,card,0,Mastercard,prepaid,Kotak Mahindra,1
100,wallet,0,NA,NA,NA,0
100,card,0,RuPay,debit,SBI,0
100,emi,0,RuPay,debit,SBI,0
100,card,0,Mastercard,debit,IDFC First,0
100,card,0,Visa,credit,Kotak Mahindra,0
100,upi,0,NA,NA,NA,0
100,netbanking,0,NA,NA,NA,0
100,upi,0,NA,NA,NA,0
100,card,0,Visa,debit,ICICI,0
100,upi,0,NA,NA,NA,0
100,emi,0,American Express,credit,Federal Bank,0
100,card,0,Diners,debit,IDFC First,0
100,emi,0,RuPay,credit,Axis,1
100,netbanking,0,NA,NA,NA,1
100,upi,0,NA,NA,NA,0
100,card,0,American Express,credit,IDFC First,0
100,wallet,0,NA,NA,NA,0
100,card,0,Visa,credit,SBI,0
100,card,0,American Express,prepaid,Punjab National Bank,0
100,upi,0,NA,NA,NA,0
100,upi,0,NA,NA,NA,0
100,wallet,0,NA,NA,NA,0
100,card,0,Mastercard,credit,HDFC,0
100,emi,0,Visa,credit,HDFC,0
100,card,0,Visa,credit,IDFC First,0
100,wallet,0,NA,NA,NA,0
100,netbanking,0,NA,NA,NA,0
100,card,0,Mastercard,credit,RBL,0
100,netbanking,0,NA,NA,NA,0
100,upi,0,NA,NA,NA,0
100,card,0,Mastercard,prepaid,ICICI,0
100,card,0,Diners,credit,HDFC,0
100,card,0,Visa,credit,SBI,0
100,netbanking,0,NA,NA,NA,0
100,pay later,0,NA,NA,NA,0
100,card,0,Mastercard,credit,Punjab National Bank,0
100,card,0,Discover,credit,Axis,1
100,upi,0,NA,NA,NA,0
100,emi,0,Discover,debit,HDFC,0
100,upi,0,NA,NA,NA,0
100,emi,0,American Express,credit,ICICI,0
100,upi,0,NA,NA,NA,0
100,card,0,Mastercard,debit,IndusInd,0
100,upi,0,NA,NA,NA,0
100,wallet,0,NA,NA,NA,0
100,netbanking,0,NA,NA,NA,0
100,netbanking,0,NA,NA,NA,0
100,upi,0,NA,NA,NA,0
100,card,0,American Express,credit,Axis,0
100,upi,0,NA,NA,NA,0
100,card,0,Diners,debit,Kotak Mahindra,0
100,upi,0,NA,NA,NA,0
100,netbanking,0,NA,NA,NA,0
100,netbanking,0,NA,NA,NA,1
100,upi,0,NA,NA,NA,0
100,upi,0,NA,NA,NA,0
100,upi,0,NA,NA,NA,0
100,emi,0,Mastercard,credit,Axis,0
100,card,0,Visa,credit,Union Bank,0
100,upi,0,NA,NA,NA,0
100,upi,0,NA,NA,NA,0
100,upi,0,NA,NA,NA,0
100,card,0,Mastercard,credit,HDFC,0
100,upi,0,NA,NA,NA,0
100,emi,0,Mastercard,debit,HDFC,0
100,emi,0,American Express,credit,Axis,0
100,card,0,Visa,credit,SBI,0
100,netbanking,0,NA,NA,NA,0
100,upi,0,NA,NA,NA,0
100,upi,0,NA,NA,NA,0
100,wallet,0,NA,NA,NA,0
100,pay later,0,NA,NA,NA,1
100,upi,0,NA,NA,NA,0
100,upi,0,NA,NA,NA,0
100,card,0,Visa,credit,Axis,0
100,upi,0,NA,NA,NA,0
100,emi,0,Mastercard,debit,SBI,0
100,card,0,Visa,debit,ICICI,0
100,upi,0,NA,NA,NA,0
100,upi,0,NA,NA,NA,0
100,upi,0,NA,NA,NA,0
100,card,0,RuPay,credit,Axis,0
100,pay later,0,NA,NA,NA,0
100,card,0,Diners,debit,SBI,1
100,upi,0,NA,NA,NA,0
100,card,0,Mastercard,credit,Axis,0
100,upi,0,NA,NA,NA,0
100,upi,0,NA,NA,NA,0
100,wallet,0,NA,NA,NA,0
100,upi,0,NA,NA,NA,0
100,wallet,0,NA,NA,NA,0
100,netbanking,0,NA,NA,NA,0
100,netbanking,0,NA,NA,NA,0
100,upi,0,NA,NA,NA,0
100,emi,0,Visa,debit,IDFC First,0
100,card,0,Visa,prepaid,Union Bank,1
100,wallet,0,NA,NA,NA,0
100,upi,0,NA,NA,NA,0
100,upi,0,NA,NA,NA,0
100,netbanking,0,NA,NA,NA,0
100,upi,0,NA,NA,NA,0
100,emi,0,American Express,credit,Kotak Mahindra,0
100,pay later,0,NA,NA,NA,0
100,upi,0,NA,NA,NA,0
100,upi,0,NA,NA,NA,0
100,wallet,0,NA,NA,NA,0
100,pay later,0,NA,NA,NA,1
100,upi,0,NA,NA,NA,0
100,upi,0,NA,NA,NA,0
100,upi,0,NA,NA,NA,0
100,card,0,RuPay,debit,Kotak Mahindra,0
100,upi,0,NA,NA,NA,0
100,wallet,0,NA,NA,NA,1
100,upi,0,NA,NA,NA,0
100,wallet,0,NA,NA,NA,0
100,pay later,0,NA,NA,NA,0
100,netbanking,0,NA,NA,NA,0
100,pay later,0,NA,NA,NA,0
100,upi,0,NA,NA,NA,1
100,upi,0,NA,NA,NA,0
100,card,0,Mastercard,debit,SBI,0
100,card,0,Visa,debit,HDFC,0
100,upi,0,NA,NA,NA,0
100,upi,0,NA,NA,NA,0
100,emi,0,Mastercard,debit,IDFC First,0
100,card,0,Mastercard,debit,RBL,0
100,card,0,Visa,credit,SBI,0
100,upi,0,NA,NA,NA,0
100,card,0,Mastercard,credit,ICICI,0
100,upi,0,NA,NA,NA,0
100,upi,0,NA,NA,NA,0
100,upi,0,NA,NA,NA,0
100,upi,0,NA,NA,NA,0
100,card,0,Visa,prepaid,Canara Bank,0
100,pay later,0,NA,NA,NA,0
100,emi,0,Visa,credit,IDFC First,0
100,wallet,0,NA,NA,NA,0
100,pay later,0,NA,NA,NA,0
100,wallet,0,NA,NA,NA,0
100,upi,0,NA,NA,NA,1
100,card,0,Mastercard,debit,Kotak Mahindra,1
100,upi,0,NA,NA,NA,1
100,wallet,0,NA,NA,NA,0
100,upi,0,NA,NA,NA,0
100,netbanking,0,NA,NA,NA,0
100,card,0,Visa,credit,IDFC First,0
100,card,0,RuPay,credit,HDFC,0
100,card,0,RuPay,debit,IndusInd,0
100,upi,0,NA,NA,NA,0
100,netbanking,0,NA,NA,NA,0
100,upi,0,NA,NA,NA,0
100,wallet,0,NA,NA,NA,0
100,card,0,RuPay,credit,HDFC,0
100,netbanking,0,NA,NA,NA,0
100,pay later,0,NA,NA,NA,0
100,upi,0,NA,NA,NA,0
100,card,0,American Express,debit,Yes Bank,0
100,upi,0,NA,NA,NA,0
100,card,0,Diners,credit,Axis,0
100,upi,0,NA,NA,NA,0
100,wallet,0,NA,NA,NA,0
100,card,0,Diners,credit,HDFC,0
100,card,0,Mastercard,credit,SBI,0
100,upi,0,NA,NA,NA,0
100,upi,0,NA,NA,NA,0
100,card,0,Discover,debit,Kotak Mahindra,0
100,upi,0,NA,NA,NA,0
100,upi,0,NA,NA,NA,0
100,netbanking,0,NA,NA,NA,0
100,upi,0,NA,NA,NA,0
100,wallet,0,NA,NA,NA,0
100,netbanking,0,NA,NA,NA,0
100,upi,0,NA,NA,NA,0
100,card,0,Mastercard,debit,HDFC,0
100,netbanking,0,NA,NA,NA,0
100,card,0,RuPay,credit,IndusInd,0
100,card,0,American Express,debit,Axis,0
100,card,0,Visa,debit,Union Bank,0
100,netbanking,0,NA,NA,NA,0
100,upi,0,NA,NA,NA,1
100,pay later,0,NA,NA,NA,1
100,upi,0,NA,NA,NA,0
100,upi,0,NA,NA,NA,0
100,card,0,Visa,credit,Canara Bank,0
100,card,0,Visa,debit,Kotak Mahindra,0
100,card,0,Visa,prepaid,IndusInd,0
100,card,0,Mastercard,credit,ICICI,0
100,upi,0,NA,NA,NA,0
100,card,0,Visa,debit,Yes Bank,0
100,card,0,Mastercard,debit,Indian Bank,0
100,upi,0,NA,NA,NA,0
100,upi,0,NA,NA,NA,0
100,upi,0,NA,NA,NA,0
100,emi,0,RuPay,debit,ICICI,0
100,upi,0,NA,NA,NA,0
100,emi,0,Discover,credit,Canara Bank,0
100,netbanking,0,NA,NA,NA,1
100,netbanking,0,NA,NA,NA,1
100,netbanking,0,NA,NA,NA,0
100,upi,0,NA,NA,NA,1
100,card,0,Mastercard,credit,ICICI,0
100,upi,0,NA,NA,NA,0
100,card,0,Mastercard,debit,Axis,0
100,upi,0,NA,NA,NA,0
100,upi,0,NA,NA,NA,0
100,upi,0,NA,NA,NA,0
100,upi,0,NA,NA,NA,0
100,netbanking,0,NA,NA,NA,0
100,emi,0,Visa,debit,Axis,0
100,upi,0,NA,NA,NA,0
100,wallet,0,NA,NA,NA,0
100,netbanking,0,NA,NA,NA,0
100,upi,0,NA,NA,NA,0
100,card,0,Visa,debit,ICICI,0
100,card,0,Mastercard,credit,Axis,1
100,upi,0,NA,NA,NA,1
100,netbanking,0,NA,NA,NA,0
100,upi,0,NA,NA,NA,0
100,upi,0,NA,NA,NA,0
100,upi,0,NA,NA,NA,0
100,emi,0,Mastercard,credit,Axis,0
100,card,0,RuPay,credit,ICICI,0
100,netbanking,0,NA,NA,NA,0
100,pay later,0,NA,NA,NA,0
100,upi,0,NA,NA,NA,0
100,upi,0,NA,NA,NA,0
100,card,0,Discover,debit,ICICI,0
100,upi,0,NA,NA,NA,0
100,card,0,Visa,prepaid,Kotak Mahindra,0
100,netbanking,0,NA,NA,NA,0
100,netbanking,0,NA,NA,NA,0
100,card,0,Visa,debit,SBI,0
100,wallet,0,NA,NA,NA,0
100,upi,0,NA,NA,NA,0
100,card,0,RuPay,credit,Yes Bank,0
100,netbanking,0,NA,NA,NA,0
100,wallet,0,NA,NA,NA,0
100,upi,0,NA,NA,NA,0
100,card,0,Visa,credit,HDFC,0
100,upi,0,NA,NA,NA,0
100,emi,0,Visa,credit,Indian Bank,0
100,upi,0,NA,NA,NA,1
100,upi,0,NA,NA,NA,0
100,netbanking,0,NA,NA,NA,1
100,card,0,Visa,credit,Indian Bank,0
100,netbanking,0,NA,NA,NA,0
100,upi,0,NA,NA,NA,0
100,card,0,Diners,credit,IDFC First,0
100,card,0,Mastercard,credit,Indian Bank,0
100,card,0,RuPay,debit,Axis,0
100,emi,0,Diners,prepaid,Axis,0
100,upi,0,NA,NA,NA,0
100,upi,0,NA,NA,NA,0
100,upi,0,NA,NA,NA,0
100,upi,0,NA,NA,NA,0
100,upi,0,NA,NA,NA,0
100,upi,0,NA,NA,NA,0
100,card,0,RuPay,credit,Axis,0
100,upi,0,NA,NA,NA,0
100,pay later,0,NA,NA,NA,0
100,upi,0,NA,NA,NA,0
100,wallet,0,NA,NA,NA,0
100,upi,0,NA,NA,NA,0
100,card,0,Mastercard,credit,SBI,0
100,netbanking,0,NA,NA,NA,0
100,upi,0,NA,NA,NA,0
100,upi,0,NA,NA,NA,0
100,upi,0,NA,NA,NA,0
100,upi,0,NA,NA,NA,0
100,wallet,0,NA,NA,NA,0
100,upi,0,NA,NA,NA,0
100,upi,0,NA,NA,NA,0
100,card,0,Diners,credit,IDFC First,0
100,card,0,RuPay,debit,Punjab National Bank,0
100,card,0,RuPay,credit,Kotak Mahindra,0
100,upi,0,NA,NA,NA,0
100,upi,0,NA,NA,NA,0
100,card,0,Mastercard,debit,ICICI,0
100,card,0,Mastercard,debit,Yes Bank,0
100,upi,0,NA,NA,NA,0
100,netbanking,0,NA,NA,NA,0
100,upi,0,NA,NA,NA,0
100,netbanking,0,NA,NA,NA,0
100,netbanking,0,NA,NA,NA,0
100,upi,0,NA,NA,NA,0
100,wallet,0,NA,NA,NA,0
100,card,0,RuPay,debit,Bank of Baroda,0
100,card,0,Mastercard,credit,IDFC First,0
100,upi,0,NA,NA,NA,0
100,card,0,Visa,prepaid,Axis,0
100,card,0,Mastercard,credit,Canara Bank,0
100,netbanking,0,NA,NA,NA,0
100,wallet,0,NA,NA,NA,0
100,netbanking,0,NA,NA,NA,0
100,upi,0,NA,NA,NA,0
100,card,0,RuPay,credit,Indian Bank,0
100,emi,0,Mastercard,debit,SBI,1
100,pay later,0,NA,NA,NA,0
100,upi,0,NA,NA,NA,0
100,upi,0,NA,NA,NA,0
100,card,0,American Express,credit,ICICI,1
100,wallet,0,NA,NA,NA,0
100,wallet,0,NA,NA,NA,0
100,netbanking,0,NA,NA,NA,0
100,wallet,0,NA,NA,NA,0
100,card,0,Mastercard,credit,Yes Bank,0
100,upi,0,NA,NA,NA,0
100,wallet,0,NA,NA,NA,0
100,card,0,Mastercard,credit,SBI,0
100,upi,0,NA,NA,NA,0
100,card,0,Visa,debit,ICICI,0
100,upi,0,NA,NA,NA,0
100,netbanking,0,NA,NA,NA,0
100,upi,0,NA,NA,NA,1
100,upi,0,NA,NA,NA,0
100,upi,0,NA,NA,NA,0
100,upi,0,NA,NA,NA,0
100,upi,0,NA,NA,NA,0
100,card,0,RuPay,debit,Bank of Baroda,0
100,upi,0,NA,NA,NA,0
100,upi,0,NA,NA,NA,0
100,card,0,Visa,debit,HDFC,0
100,upi,0,NA,NA,NA,0
100,emi,0,Visa,credit,HDFC,0
100,upi,0,NA,NA,NA,1
100,upi,0,NA,NA,NA,0
100,card,0,RuPay,credit,IndusInd,0
100,upi,0,NA,NA,NA,0
100,upi,0,NA,NA,NA,0
100,upi,0,NA,NA,NA,0
100,upi,0,NA,NA,NA,0
100,upi,0,NA,NA,NA,0
100,upi,0,NA,NA,NA,0
100,card,0,Mastercard,credit,HDFC,0
100,netbanking,0,NA,NA,NA,0
100,upi,0,NA,NA,NA,0
100,wallet,0,NA,NA,NA,0
100,card,0,RuPay,credit,SBI,0
100,netbanking,0,NA,NA,NA,0
100,upi,0,NA,NA,NA,0
100,wallet,0,NA,NA,NA,1
100,upi,0,NA,NA,NA,0
100,upi,0,NA,NA,NA,0
100,netbanking,0,NA,NA,NA,0
100,card,0,Mastercard,debit,Yes Bank,0
100,card,0,Visa,debit,Axis,0
100,card,0,Visa,debit,Punjab National Bank,0
100,netbanking,0,NA,NA,NA,0
100,card,0,American Express,credit,SBI,0
100,upi,0,NA,NA,NA,0
100,upi,0,NA,NA,NA,0
100,emi,0,Mastercard,credit,ICICI,0
100,netbanking,0,NA,NA,NA,0
100,upi,0,NA,NA,NA,0
100,netbanking,0,NA,NA,NA,0
100,card,0,Mastercard,debit,ICICI,0
100,netbanking,0,NA,NA,NA,1
100,card,0,Mastercard,debit,IndusInd,0
100,upi,0,NA,NA,NA,0
100,card,0,Visa,debit,Union Bank,0
100,card,0,Visa,credit,Union Bank,0
100,upi,0,NA,NA,NA,0
100,upi,0,NA,NA,NA,0
100,upi,0,NA,NA,NA,0
100,wallet,0,NA,NA,NA,0
100,netbanking,0,NA,NA,NA,0
100,upi,0,NA,NA,NA,0
100,card,0,Mastercard,credit,RBL,1
100,card,0,Mastercard,debit,Axis,0
100,card,0,Visa,credit,ICICI,0
100,pay later,0,NA,NA,NA,0
100,card,0,Visa,debit,Bank of Baroda,0
100,card,0,Visa,debit,ICICI,0
100,card,0,Diners,debit,HDFC,1
100,pay later,0,NA,NA,NA,0
100,upi,0,NA,NA,NA,0
100,netbanking,0,NA,NA,NA,0
100,upi,0,NA,NA,NA,0
100,card,0,Visa,debit,ICICI,0
100,upi,0,NA,NA,NA,0
100,upi,0,NA,NA,NA,0
100,upi,0,NA,NA,NA,0
100,upi,0,NA,NA,NA,1
100,wallet,0,NA,NA,NA,0
100,upi,0,NA,NA,NA,0
100,card,0,Visa,debit,Axis,0
100,card,0,Visa,credit,SBI,0
100,wallet,0,NA,NA,NA,0
100,card,0,Mastercard,debit,Kotak Mahindra,0
100,pay later,0,NA,NA,NA,0
100,pay later,0,NA,NA,NA,0
100,upi,0,NA,NA,NA,0
100,upi,0,NA,NA,NA,0
100,upi,0,NA,NA,NA,0
100,card,0,Discover,credit,Axis,0
100,netbanking,0,NA,NA,NA,0
100,card,0,Visa,debit,RBL,0
100,card,0,Mastercard,debit,Axis,1
100,card,0,Visa,credit,Federal Bank,0
100,card,0,American Express,debit,Axis,0
100,upi,0,NA,NA,NA,0
100,upi,0,NA,NA,NA,0
100,card,0,Visa,prepaid,SBI,0
100,emi,0,Mastercard,debit,IDFC First,0
100,wallet,0,NA,NA,NA,0
100,upi,0,NA,NA,NA,0
100,upi,0,NA,NA,NA,0
100,emi,0,Mastercard,credit,RBL,0
100,upi,0,NA,NA,NA,0
100,netbanking,0,NA,NA,NA,0
100,card,0,Mastercard,credit,Bank of Baroda,0
100,netbanking,0,NA,NA,NA,0
100,pay later,0,NA,NA,NA,0
100,card,0,Mastercard,debit,SBI,0
100,pay later,0,NA,NA,NA,0
100,emi,0,Visa,credit,Federal Bank,0
100,upi,0,NA,NA,NA,1
100,emi,0,Mastercard,credit,SBI,0
100,upi,0,NA,NA,NA,0
100,upi,0,NA,NA,NA,1
100,card,0,Visa,debit,Federal Bank,0
100,upi,0,NA,NA,NA,0
100,card,0,RuPay,debit,Axis,0
100,netbanking,0,NA,NA,NA,0
100,wallet,0,NA,NA,NA,0
100,card,0,American Express,debit,SBI,1
100,netbanking,0,NA,NA,NA,1
100,card,0,Visa,debit,Union Bank,1
100,upi,0,NA,NA,NA,0
100,netbanking,0,NA,NA,NA,0
100,emi,0,Diners,debit,Indian Bank,0
100,card,0,Mastercard,credit,ICICI,0
100,card,0,Discover,debit,IDFC First,0
100,netbanking,0,NA,NA,NA,0
100,netbanking,0,NA,NA,NA,0
100,card,0,Mastercard,debit,Yes Bank,0
100,upi,0,NA,NA,NA,0
100,emi,0,RuPay,credit,Bank of Baroda,1
100,card,0,Visa,debit,Bank of Baroda,0
100,card,0,RuPay,debit,ICICI,0
100,netbanking,0,NA,NA,NA,0
100,upi,0,NA,NA,NA,1
100,upi,0,NA,NA,NA,0
100,card,0,Mastercard,credit,Axis,0
100,upi,0,NA,NA,NA,1
100,emi,0,American Express,credit,Axis,0
100,emi,0,Visa,credit,Kotak Mahindra,0
100,card,0,Diners,debit,ICICI,0
100,upi,0,NA,NA,NA,0
100,card,0,RuPay,debit,ICICI,0
100,upi,0,NA,NA,NA,0
100,pay later,0,NA,NA,NA,0
100,upi,0,NA,NA,NA,0
100,upi,0,NA,NA,NA,0
100,card,0,Mastercard,credit,HDFC,0
100,netbanking,0,NA,NA,NA,0
100,pay later,0,NA,NA,NA,0
100,netbanking,0,NA,NA,NA,1
100,upi,0,NA,NA,NA,0
100,upi,0,NA,NA,NA,0
100,upi,0,NA,NA,NA,0
100,emi,0,Mastercard,debit,HDFC,0
100,netbanking,0,NA,NA,NA,0
100,wallet,0,NA,NA,NA,0
100,emi,0,Mastercard,credit,Canara Bank,0
100,wallet,0,NA,NA,NA,0
100,upi,0,NA,NA,NA,0
100,card,0,Discover,prepaid,HDFC,1
100,upi,0,NA,NA,NA,0
100,upi,0,NA,NA,NA,0
100,wallet,0,NA,NA,NA,0
100,card,0,American Express,credit,IDFC First,0
100,card,0,Mastercard,credit,SBI,0
100,pay later,0,NA,NA,NA,0
100,netbanking,0,NA,NA,NA,0
100,upi,0,NA,NA,NA,0
100,upi,0,NA,NA,NA,0
100,card,0,Mastercard,credit,HDFC,0
100,card,0,Discover,credit,ICICI,0
100,upi,0,NA,NA,NA,0
100,upi,0,NA,NA,NA,0
100,card,0,Visa,debit,Punjab National Bank,0
100,card,0,Mastercard,credit,HDFC,0
100,upi,0,NA,NA,NA,0
100,upi,0,NA,NA,NA,0
100,netbanking,0,NA,NA,NA,0
100,netbanking,0,NA,NA,NA,0
100,upi,0,NA,NA,NA,0
100,upi,0,NA,NA,NA,0
100,card,0,Mastercard,debit,HDFC,0
100,emi,0,RuPay,debit,HDFC,0
100,card,0,Mastercard,debit,ICICI,0
100,card,0,Diners,debit,SBI,0
100,upi,0,NA,NA,NA,0
100,upi,0,NA,NA,NA,0
100,upi,0,NA,NA,NA,0
100,emi,0,Mastercard,debit,IDFC First,1
100,netbanking,0,NA,NA,NA,0
100,card,0,Mastercard,credit,Axis,0
100,upi,0,NA,NA,NA,0
100,card,0,Mastercard,debit,ICICI,0
100,card,0,American Express,debit,Canara Bank,0
100,card,0,Diners,debit,RBL,1
100,emi,0,Discover,debit,Union Bank,0
100,wallet,0,NA,NA,NA,0
100,emi,0,Visa,debit,Axis,0
100,wallet,0,NA,NA,NA,0
100,upi,0,NA,NA,NA,0
100,upi,0,NA,NA,NA,0
100,card,0,Visa,debit,Canara Bank,0
100,netbanking,0,NA,NA,NA,0
100,card,0,Mastercard,credit,Yes Bank,0
100,wallet,0,NA,NA,NA,1
100,upi,0,NA,NA,NA,0
100,upi,0,NA,NA,NA,0
100,card,0,Visa,credit,Yes Bank,0
100,upi,0,NA,NA,NA,1
100,netbanking,0,NA,NA,NA,0
100,upi,0,NA,NA,NA,0
100,card,0,Visa,credit,HDFC,0
100,upi,0,NA,NA,NA,0
100,netbanking,0,NA,NA,NA,0
100,card,0,Visa,credit,HDFC,0
100,upi,0,NA,NA,NA,0
100,upi,0,NA,NA,NA,0
100,card,0,Diners,debit,SBI,0
100,upi,0,NA,NA,NA,0
100,netbanking,0,NA,NA,NA,0
100,upi,0,NA,NA,NA,0
100,upi,0,NA,NA,NA,0
100,card,0,American Express,credit,Axis,1
100,emi,0,American Express,credit,Canara Bank,0
100,card,0,Mastercard,credit,SBI,1
100,card,0,Mastercard,credit,IndusInd,0
100,netbanking,0,NA,NA,NA,1
100,upi,0,NA,NA,NA,0
100,wallet,0,NA,NA,NA,0
100,upi,0,NA,NA,NA,0
100,wallet,0,NA,NA,NA,0
100,card,0,Visa,debit,Bank of Baroda,0
100,card,0,Visa,credit,HDFC,0
100,upi,0,NA,NA,NA,0
100,upi,0,NA,NA,NA,0
100,upi,0,NA,NA,NA,0
100,upi,0,NA,NA,NA,0
100,upi,0,NA,NA,NA,0
100,card,0,Visa,debit,IndusInd,0
100,wallet,0,NA,NA,NA,0
100,netbanking,0,NA,NA,NA,1
100,netbanking,0,NA,NA,NA,0
100,pay later,0,NA,NA,NA,0
100,upi,0,NA,NA,NA,0
100,card,0,Visa,credit,SBI,0
100,card,0,Mastercard,credit,HDFC,0
100,upi,0,NA,NA,NA,0
100,netbanking,0,NA,NA,NA,0
100,card,0,Mastercard,debit,IDFC First,0
100,emi,0,Mastercard,debit,Kotak Mahindra,0
100,upi,0,NA,NA,NA,0
100,card,0,Mastercard,debit,SBI,0
100,upi,0,NA,NA,NA,0
100,netbanking,0,NA,NA,NA,0
100,pay later,0,NA,NA,NA,0
100,upi,0,NA,NA,NA,0
100,netbanking,0,NA,NA,NA,0
100,pay later,0,NA,NA,NA,0
100,netbanking,0,NA,NA,NA,0
100,upi,0,NA,NA,NA,0
100,emi,0,Mastercard,debit,ICICI,0
100,upi,0,NA,NA,NA,0
100,wallet,0,NA,NA,NA,0
100,card,0,Mastercard,debit,IDFC First,0
100,card,0,Visa,credit,Axis,0
100,emi,0,American Express,debit,Axis,0
100,emi,0,RuPay,debit,Axis,0
100,card,0,RuPay,credit,Axis,0
100,card,0,Mastercard,credit,RBL,0
100,upi,0,NA,NA,NA,0
100,upi,0,NA,NA,NA,0
100,upi,0,NA,NA,NA,0
100,netbanking,0,NA,NA,NA,0
100,upi,0,NA,NA,NA,0
100,upi,0,NA,NA,NA,1
100,upi,0,NA,NA,NA,0
100,pay later,0,NA,NA,NA,0
100,netbanking,0,NA,NA,NA,0
100,upi,0,NA,NA,NA,0
100,netbanking,0,NA,NA,NA,0
100,upi,0,NA,NA,NA,0
100,upi,0,NA,NA,NA,0
100,card,0,Visa,credit,Axis,0
100,card,0,Mastercard,credit,HDFC,0
100,upi,0,NA,NA,NA,0
100,upi,0,NA,NA,NA,0
100,upi,0,NA,NA,NA,0
100,upi,0,NA,NA,NA,0
100,card,0,Mastercard,credit,Canara Bank,0
100,card,0,Discover,credit,IndusInd,0
100,netbanking,0,NA,NA,NA,0
100,upi,0,NA,NA,NA,0
100,upi,0,NA,NA,NA,0
100,upi,0,NA,NA,NA,0
100,upi,0,NA,NA,NA,0
100,upi,0,NA,NA,NA,0
100,card,0,Visa,debit,Canara Bank,0
100,card,0,RuPay,debit,Canara Bank,0
100,upi,0,NA,NA,NA,1
100,pay later,0,NA,NA,NA,0
100,emi,0,Diners,debit,Axis,1
100,wallet,0,NA,NA,NA,0
100,card,0,RuPay,debit,IDFC First,0
100,upi,0,NA,NA,NA,0
100,emi,0,Discover,debit,Union Bank,0
100,pay later,0,NA,NA,NA,0
100,netbanking,0,NA,NA,NA,0
100,card,0,Visa,debit,RBL,0
100,upi,0,NA,NA,NA,1
100,upi,0,NA,NA,NA,0
100,upi,0,NA,NA,NA,0
100,wallet,0,NA,NA,NA,0
100,emi,0,American Express,debit,Union Bank,0
100,pay later,0,NA,NA,NA,0
100,emi,0,Visa,debit,IndusInd,0
100,card,0,Mastercard,debit,IDFC First,0
100,upi,0,NA,NA,NA,0
100,wallet,0,NA,NA,NA,0
100,netbanking,0,NA,NA,NA,0
100,emi,0,American Express,debit,Axis,0
100,netbanking,0,NA,NA,NA,1
100,upi,0,NA,NA,NA,0
100,upi,0,NA,NA,NA,0
100,card,0,Visa,credit,SBI,0
100,netbanking,0,NA,NA,NA,0
100,upi,0,NA,NA,NA,0
100,emi,0,American Express,debit,IDFC First,1
100,emi,0,Mastercard,credit,HDFC,0
100,upi,0,NA,NA,NA,0
100,pay later,0,NA,NA,NA,0
100,netbanking,0,NA,NA,NA,0
100,card,0,RuPay,credit,Kotak Mahindra,0
100,pay later,0,NA,NA,NA,0
100,upi,0,NA,NA,NA,0
100,upi,0,NA,NA,NA,0
100,upi,0,NA,NA,NA,0
100,upi,0,NA,NA,NA,1
100,card,0,RuPay,debit,Axis,0
100,card,0,Mastercard,debit,Bank of Baroda,0
100,upi,0,NA,NA,NA,0
100,upi,0,NA,NA,NA,0
100,card,0,Mastercard,credit,Union Bank,0
100,card,0,RuPay,credit,Kotak Mahindra,1
100,wallet,0,NA,NA,NA,0
100,upi,0,NA,NA,NA,0
100,upi,0,NA,NA,NA,0
100,upi,0,NA,NA,NA,0
100,netbanking,0,NA,NA,NA,0
100,card,0,Mastercard,debit,HDFC,0
100,wallet,0,NA,NA,NA,0
100,upi,0,NA,NA,NA,0
100,upi,0,NA,NA,NA,0
100,emi,0,Mastercard,credit,HDFC,0
100,upi,0,NA,NA,NA,0
100,netbanking,0,NA,NA,NA,0
100,upi,0,NA,NA,NA,0
100,upi,0,NA,NA,NA,0
100,emi,0,RuPay,credit,ICICI,0
100,upi,0,NA,NA,NA,0
100,card,0,RuPay,credit,Kotak Mahindra,0
100,card,0,American Express,credit,Axis,0
100,netbanking,0,NA,NA,NA,0
100,card,0,Mastercard,debit,IDFC First,0
100,upi,0,NA,NA,NA,0
100,upi,0,NA,NA,NA,0
100,upi,0,NA,NA,NA,0
100,card,0,Visa,credit,Yes Bank,0
100,card,0,Visa,debit,IDFC First,0
100,emi,0,Visa,credit,Yes Bank,0
100,wallet,0,NA,NA,NA,0
100,emi,0,RuPay,debit,SBI,0
100,upi,0,NA,NA,NA,0
100,netbanking,0,NA,NA,NA,0
100,netbanking,0,NA,NA,NA,0
100,card,0,Visa,credit,Axis,0
100,card,0,Visa,credit,Bank of Baroda,0
100,card,0,Mastercard,credit,Kotak Mahindra,0
100,wallet,0,NA,NA,NA,0
100,netbanking,0,NA,NA,NA,0
100,wallet,0,NA,NA,NA,0
100,upi,0,NA,NA,NA,0
100,upi,0,NA,NA,NA,0
100,upi,0,NA,NA,NA,0
100,emi,0,Mastercard,prepaid,HDFC,0
100,upi,0,NA,NA,NA,0
100,card,0,RuPay,debit,Axis,0
100,card,0,Diners,credit,ICICI,1
100,upi,0,NA,NA,NA,0
100,card,0,Visa,credit,Axis,0
100,upi,0,NA,NA,NA,0
100,card,0,Visa,debit,Axis,0
100,card,0,Mastercard,credit,ICICI,0
100,upi,0,NA,NA,NA,0
100,upi,0,NA,NA,NA,0
100,upi,0,NA,NA,NA,1
100,upi,0,NA,NA,NA,0
100,upi,0,NA,NA,NA,0
100,card,0,American Express,debit,SBI,0
100,wallet,0,NA,NA,NA,0
100,card,0,RuPay,debit,Kotak Mahindra,0
100,card,0,Diners,debit,ICICI,0
100,upi,0,NA,NA,NA,0
100,emi,0,Mastercard,debit,Punjab National Bank,0
100,upi,0,NA,NA,NA,1
100,card,0,Visa,debit,SBI,0
100,upi,0,NA,NA,NA,0
100,netbanking,0,NA,NA,NA,1
100,wallet,0,NA,NA,NA,0
100,card,0,RuPay,debit,HDFC,0
100,upi,0,NA,NA,NA,0
100,upi,0,NA,NA,NA,0
100,upi,0,NA,NA,NA,1
100,upi,0,NA,NA,NA,0
100,emi,0,Mastercard,credit,IndusInd,0
100,card,0,Discover,debit,ICICI,0
100,upi,0,NA,NA,NA,0
100,card,0,American Express,debit,IndusInd,0
100,wallet,0,NA,NA,NA,0
100,upi,0,NA,NA,NA,0
100,upi,0,NA,NA,NA,0
100,upi,0,NA,NA,NA,1
100,wallet,0,NA,NA,NA,0
100,wallet,0,NA,NA,NA,0
100,card,0,Discover,credit,RBL,0
100,card,0,RuPay,credit,Yes Bank,0
100,netbanking,0,NA,NA,NA,0
100,upi,0,NA,NA,NA,0
100,upi,0,NA,NA,NA,0
100,upi,0,NA,NA,NA,0
100,wallet,0,NA,NA,NA,0
100,card,0,Mastercard,credit,Federal Bank,0
100,card,0,Visa,credit,IDFC First,1
100,card,0,Mastercard,credit,Punjab National Bank,0
100,wallet,0,NA,NA,NA,0
100,upi,0,NA,NA,NA,0
100,upi,0,NA,NA,NA,0
100,wallet,0,NA,NA,NA,0
100,card,0,Mastercard,debit,SBI,0
100,wallet,0,NA,NA,NA,0
100,upi,0,NA,NA,NA,0
100,card,0,Mastercard,credit,Axis,0
100,upi,0,NA,NA,NA,0
100,card,0,RuPay,debit,HDFC,0
100,wallet,0,NA,NA,NA,0
100,netbanking,0,NA,NA,NA,0
100,pay later,0,NA,NA,NA,1
100,upi,0,NA,NA,NA,0
100,card,0,Diners,debit,SBI,0
100,card,0,Visa,debit,HDFC,0
100,card,0,Mastercard,debit,Union Bank,0
100,upi,0,NA,NA,NA,0
100,upi,0,NA,NA,NA,0
100,pay later,0,NA,NA,NA,0
100,upi,0,NA,NA,NA,0
100,card,0,RuPay,debit,Yes Bank,0
100,pay later,0,NA,NA,NA,0
100,card,0,Visa,debit,Indian Bank,0
100,upi,0,NA,NA,NA,0
100,upi,0,NA,NA,NA,0
100,upi,0,NA,NA,NA,1
100,card,0,RuPay,credit,SBI,0
100,card,0,Visa,credit,ICICI,0
100,card,0,Mastercard,credit,Bank of Baroda,0
100,card,0,Diners,debit,IndusInd,0
100,upi,0,NA,NA,NA,0
100,netbanking,0,NA,NA,NA,0
100,card,0,American Express,debit,HDFC,0
100,upi,0,NA,NA,NA,0
100,upi,0,NA,NA,NA,0
100,netbanking,0,NA,NA,NA,0
100,card,0,Mastercard,debit,Axis,0
100,card,0,Visa,credit,IDFC First,0
100,upi,0,NA,NA,NA,0
100,card,0,Mastercard,credit,Axis,0
100,upi,0,NA,NA,NA,0
100,upi,0,NA,NA,NA,0
100,upi,0,NA,NA,NA,0
100,upi,0,NA,NA,NA,0
100,card,0,Mastercard,credit,SBI,0
100,pay later,0,NA,NA,NA,0
100,upi,0,NA,NA,NA,0
100,upi,0,NA,NA,NA,0
100,upi,0,NA,NA,NA,0
100,card,0,RuPay,credit,Union Bank,0
100,upi,0,NA,NA,NA,0
100,upi,0,NA,NA,NA,0
100,wallet,0,NA,NA,NA,0
100,emi,0,Visa,debit,HDFC,0
100,card,0,Mastercard,debit,HDFC,0
100,upi,0,NA,NA,NA,0
100,card,0,RuPay,credit,ICICI,0
100,card,0,American Express,debit,SBI,0
100,card,0,Visa,debit,Indian Bank,1
100,upi,0,NA,NA,NA,0
100,wallet,0,NA,NA,NA,0
100,card,0,Visa,credit,Federal Bank,1
100,netbanking,0,NA,NA,NA,0
100,card,0,Visa,debit,RBL,0
100,card,0,Visa,credit,SBI,0
100,upi,0,NA,NA,NA,0
100,emi,0,Visa,debit,ICICI,0
100,upi,0,NA,NA,NA,0
100,wallet,0,NA,NA,NA,0
100,card,0,Discover,debit,IndusInd,0
100,card,0,Mastercard,debit,Bank of Baroda,1
100,card,0,Visa,credit,IndusInd,0
100,upi,0,NA,NA,NA,0
100,wallet,0,NA,NA,NA,0
100,wallet,0,NA,NA,NA,0
100,netbanking,0,NA,NA,NA,0
100,upi,0,NA,NA,NA,0
100,wallet,0,NA,NA,NA,0
100,pay later,0,NA,NA,NA,0
100,emi,0,Discover,debit,IDFC First,0
100,upi,0,NA,NA,NA,0
100,netbanking,0,NA,NA,NA,0
100,card,0,Mastercard,debit,HDFC,0
100,emi,0,Visa,credit,Bank of Baroda,0
100,pay later,0,NA,NA,NA,0
100,emi,0,Visa,debit,IndusInd,0
100,netbanking,0,NA,NA,NA,0
100,netbanking,0,NA,NA,NA,0
100,upi,0,NA,NA,NA,0
100,card,0,Mastercard,credit,Canara Bank,0
100,card,0,Mastercard,credit,SBI,0
100,upi,0,NA,NA,NA,0
100,card,0,Mastercard,debit,Axis,0
100,netbanking,0,NA,NA,NA,0
100,card,0,Visa,debit,SBI,0
100,upi,0,NA,NA,NA,0
100,wallet,0,NA,NA,NA,1
100,upi,0,NA,NA,NA,0
100,card,0,Visa,credit,ICICI,0
100,netbanking,0,NA,NA,NA,0
100,upi,0,NA,NA,NA,0
100,upi,0,NA,NA,NA,0
100,emi,0,Visa,credit,Kotak Mahindra,0
100,upi,0,NA,NA,NA,0
100,upi,0,NA,NA,NA,0
100,card,0,RuPay,credit,HDFC,0
100,upi,0,NA,NA,NA,0
100,netbanking,0,NA,NA,NA,0
100,upi,0,NA,NA,NA,0
100,upi,0,NA,NA,NA,0
100,emi,0,Mastercard,credit,HDFC,0
100,pay later,0,NA,NA,NA,0
100,upi,0,NA,NA,NA,0
100,card,0,Diners,debit,RBL,0
100,upi,0,NA,NA,NA,0
100,upi,0,NA,NA,NA,0
100,upi,0,NA,NA,NA,0
100,pay later,0,NA,NA,NA,0
100,upi,0,NA,NA,NA,0
100,card,0,Mastercard,debit,SBI,0
100,pay later,0,NA,NA,NA,0
100,upi,0,NA,NA,NA,1
100,emi,0,RuPay,prepaid,ICICI,0
100,netbanking,0,NA,NA,NA,0
100,pay later,0,NA,NA,NA,0
100,pay later,0,NA,NA,NA,0
100,wallet,0,NA,NA,NA,0
100,card,0,Mastercard,debit,Kotak Mahindra,0
100,card,0,Mastercard,debit,ICICI,0
100,upi,0,NA,NA,NA,0
100,wallet,0,NA,NA,NA,0
100,card,0,Discover,debit,HDFC,0
100,wallet,0,NA,NA,NA,0
100,card,0,Mastercard,credit,HDFC,0
100,card,0,Visa,debit,ICICI,0
100,upi,0,NA,NA,NA,0
100,netbanking,0,NA,NA,NA,0
100,upi,0,NA,NA,NA,0
100,card,0,RuPay,credit,SBI,0
100,upi,0,NA,NA,NA,1
100,wallet,0,NA,NA,NA,0
100,emi,0,RuPay,debit,Canara Bank,0
100,wallet,0,NA,NA,NA,0
100,netbanking,0,NA,NA,NA,0
100,upi,0,NA,NA,NA,0
100,card,0,Mastercard,debit,Axis,0
100,card,0,Visa,prepaid,RBL,0
100,pay later,0,NA,NA,NA,0
100,card,0,RuPay,debit,SBI,0
100,card,0,RuPay,debit,Axis,0
100,card,0,RuPay,credit,Bank of Baroda,0
100,upi,0,NA,NA,NA,0
100,card,0,American Express,credit,SBI,0
100,upi,0,NA,NA,NA,0
100,card,0,Mastercard,debit,HDFC,0
100,emi,0,Mastercard,credit,HDFC,1
100,card,0,Mastercard,credit,SBI,0
100,pay later,0,NA,NA,NA,0
100,upi,0,NA,NA,NA,0
100,upi,0,NA,NA,NA,0
100,card,0,Visa,debit,Yes Bank,0
100,upi,0,NA,NA,NA,1
100,pay later,0,NA,NA,NA,0
100,upi,0,NA,NA,NA,0
100,upi,0,NA,NA,NA,0
100,netbanking,0,NA,NA,NA,0
100,upi,0,NA,NA,NA,0
100,wallet,0,NA,NA,NA,0
100,netbanking,0,NA,NA,NA,0
100,upi,0,NA,NA,NA,0
100,wallet,0,NA,NA,NA,0
100,netbanking,0,NA,NA,NA,0
100,card,0,Visa,credit,Bank of Baroda,0
100,emi,0,RuPay,debit,Union Bank,0
100,upi,0,NA,NA,NA,0
100,wallet,0,NA,NA,NA,0
100,upi,0,NA,NA,NA,0
100,netbanking,0,NA,NA,NA,0
100,card,0,Mastercard,credit,IDFC First,0
100,upi,0,NA,NA,NA,0
100,emi,0,RuPay,prepaid,HDFC,0
100,card,0,Visa,debit,IndusInd,0
100,pay later,0,NA,NA,NA,0
100,upi,0,NA,NA,NA,0
100,card,0,Visa,credit,Union Bank,0
100,card,0,Mastercard,debit,ICICI,0
100,upi,0,NA,NA,NA,0
100,card,0,American Express,credit,Axis,0
100,upi,0,NA,NA,NA,0
100,card,0,RuPay,credit,Union Bank,0
100,card,0,Mastercard,credit,IDFC First,0
100,card,0,Visa,debit,ICICI,0
100,netbanking,0,NA,NA,NA,0
100,card,0,Visa,debit,IndusInd,0
100,card,0,Mastercard,debit,ICICI,0
100,upi,0,NA,NA,NA,0
100,wallet,0,NA,NA,NA,0
100,upi,0,NA,NA,NA,0
100,card,0,RuPay,debit,Axis,0
100,pay later,0,NA,NA,NA,0
100,card,0,Discover,credit,Axis,0
100,upi,0,NA,NA,NA,0
100,card,0,Visa,debit,SBI,0
100,wallet,0,NA,NA,NA,0
100,card,0,RuPay,debit,Punjab National Bank,0
100,wallet,0,NA,NA,NA,0
100,wallet,0,NA,NA,NA,0
100,emi,0,Visa,debit,Yes Bank,0
100,upi,0,NA,NA,NA,0
100,card,0,Visa,debit,IndusInd,0
100,netbanking,0,NA,NA,NA,0
100,netbanking,0,NA,NA,NA,0
100,upi,0,NA,NA,NA,0
100,card,0,Visa,prepaid,HDFC,1
100,upi,0,NA,NA,NA,0
100,card,0,RuPay,debit,IDFC First,0
100,card,0,Diners,debit,Yes Bank,0
100,emi,0,American Express,credit,IDFC First,0
100,pay later,0,NA,NA,NA,0
100,card,0,Mastercard,credit,ICICI,0
100,upi,0,NA,NA,NA,0
100,upi,0,NA,NA,NA,0
100,card,0,Visa,credit,Axis,0
100,netbanking,0,NA,NA,NA,0
100,pay later,0,NA,NA,NA,0
100,netbanking,0,NA,NA,NA,0
100,card,0,Visa,debit,ICICI,0
100,card,0,Mastercard,debit,Yes Bank,1
100,pay later,0,NA,NA,NA,0
100,upi,0,NA,NA,NA,0
100,upi,0,NA,NA,NA,0
100,pay later,0,NA,NA,NA,0
100,pay later,0,NA,NA,NA,1
100,emi,0,Visa,credit,Canara Bank,0
100,card,0,Mastercard,credit,ICICI,0
100,netbanking,0,NA,NA,NA,0
100,netbanking,0,NA,NA,NA,0
100,card,0,RuPay,prepaid,HDFC,0
100,card,0,Visa,debit,ICICI,0
100,pay later,0,NA,NA,NA,0
100,upi,0,NA,NA,NA,0
100,card,0,Mastercard,credit,Kotak Mahindra,0
100,wallet,0,NA,NA,NA,0
100,upi,0,NA,NA,NA,0
100,card,0,Mastercard,credit,Axis,0
100,netbanking,0,NA,NA,NA,0
100,upi,0,NA,NA,NA,0
100,card,0,Visa,debit,HDFC,0
100,wallet,0,NA,NA,NA,0
100,pay later,0,NA,NA,NA,0
100,upi,0,NA,NA,NA,0
100,card,0,Mastercard,debit,Axis,0
100,upi,0,NA,NA,NA,0
100,card,0,Visa,credit,HDFC,0
100,emi,0,Mastercard,credit,Punjab National Bank,0
100,upi,0,NA,NA,NA,0
100,upi,0,NA,NA,NA,1
100,netbanking,0,NA,NA,NA,0
100,emi,0,Visa,debit,Kotak Mahindra,0
100,upi,0,NA,NA,NA,0
100,card,0,RuPay,debit,ICICI,0
100,wallet,0,NA,NA,NA,0
100,card,0,RuPay,credit,IndusInd,0
100,wallet,0,NA,NA,NA,1
100,card,0,Mastercard,debit,Federal Bank,0
100,wallet,0,NA,NA,NA,0
100,netbanking,0,NA,NA,NA,0
100,card,0,Mastercard,credit,HDFC,0
100,upi,0,NA,NA,NA,0
100,emi,0,Mastercard,credit,IndusInd,0
100,wallet,0,NA,NA,NA,0
100,card,0,Mastercard,credit,Union Bank,0
100,netbanking,0,NA,NA,NA,0
100,upi,0,NA,NA,NA,0
100,upi,0,NA,NA,NA,0
100,upi,0,NA,NA,NA,0
100,pay later,0,NA,NA,NA,0
100,pay later,0,NA,NA,NA,0
100,card,0,Discover,credit,SBI,0
100,card,0,American Express,credit,RBL,0
100,upi,0,NA,NA,NA,0
100,card,0,Visa,credit,SBI,0
100,upi,0,NA,NA,NA,0
100,card,0,RuPay,debit,Kotak Mahindra,0
100,card,0,Mastercard,credit,SBI,0
100,card,0,American Express,credit,Axis,0
100,netbanking,0,NA,NA,NA,1
100,upi,0,NA,NA,NA,0
100,upi,0,NA,NA,NA,0
100,netbanking,0,NA,NA,NA,0
100,upi,0,NA,NA,NA,0
100,card,0,Visa,debit,Axis,0
100,upi,0,NA,NA,NA,0
100,card,0,Visa,debit,ICICI,0
100,upi,0,NA,NA,NA,0
100,upi,0,NA,NA,NA,0
100,card,0,Mastercard,prepaid,Punjab National Bank,0
100,netbanking,0,NA,NA,NA,0
100,emi,0,Visa,credit,SBI,0
100,upi,0,NA,NA,NA,0
100,pay later,0,NA,NA,NA,0
100,upi,0,NA,NA,NA,0
100,netbanking,0,NA,NA,NA,0
100,netbanking,0,NA,NA,NA,1
100,upi,0,NA,NA,NA,0
100,card,0,Visa,debit,HDFC,0
100,card,0,American Express,credit,HDFC,0
100,upi,0,NA,NA,NA,0
100,card,0,Discover,credit,IDFC First,0
100,card,0,RuPay,credit,HDFC,0
100,wallet,0,NA,NA,NA,0
100,upi,0,NA,NA,NA,0
100,upi,0,NA,NA,NA,0
100,wallet,0,NA,NA,NA,0
100,card,0,Diners,credit,IDFC First,0
100,netbanking,0,NA,NA,NA,1
100,upi,0,NA,NA,NA,0
100,upi,0,NA,NA,NA,0
100,upi,0,NA,NA,NA,0
100,card,0,Mastercard,credit,SBI,0
100,card,0,Visa,credit,Axis,0
100,upi,0,NA,NA,NA,0
100,card,0,Mastercard,debit,SBI,0
100,emi,0,RuPay,prepaid,RBL,0
100,upi,0,NA,NA,NA,0
100,upi,0,NA,NA,NA,0
100,card,0,Mastercard,prepaid,SBI,0
100,emi,0,Mastercard,credit,Kotak Mahindra,0
100,netbanking,0,NA,NA,NA,0
100,wallet,0,NA,NA,NA,0
100,netbanking,0,NA,NA,NA,0
100,upi,0,NA,NA,NA,0
100,card,0,Visa,credit,IndusInd,0
100,wallet,0,NA,NA,NA,0
100,pay later,0,NA,NA,NA,0
100,upi,0,NA,NA,NA,0
100,card,0,American Express,debit,ICICI,0
100,wallet,0,NA,NA,NA,0
100,card,0,RuPay,debit,Union Bank,0
100,upi,0,NA,NA,NA,0
100,upi,0,NA,NA,NA,0
100,card,0,RuPay,debit,ICICI,0
100,card,0,Diners,credit,IndusInd,0
100,pay later,0,NA,NA,NA,0
100,upi,0,NA,NA,NA,0
100,wallet,0,NA,NA,NA,0
100,upi,0,NA,NA,NA,0
100,pay later,0,NA,NA,NA,0
100,upi,0,NA,NA,NA,0
100,upi,0,NA,NA,NA,0
100,upi,0,NA,NA,NA,0
100,wallet,0,NA,NA,NA,0
100,upi,0,NA,NA,NA,1
100,upi,0,NA,NA,NA,0
100,netbanking,0,NA,NA,NA,0
100,netbanking,0,NA,NA,NA,0
100,card,0,Visa,prepaid,Indian Bank,0
100,upi,0,NA,NA,NA,0
100,card,0,Visa,credit,HDFC,0
100,upi,0,NA,NA,NA,1
100,pay later,0,NA,NA,NA,0
100,upi,0,NA,NA,NA,0
100,upi,0,NA,NA,NA,0
100,card,0,Discover,credit,Punjab National Bank,0
100,netbanking,0,NA,NA,NA,0
100,card,0,Mastercard,credit,Federal Bank,0
100,upi,0,NA,NA,NA,0
100,card,0,Mastercard,credit,Kotak Mahindra,0
100,card,0,Visa,credit,Kotak Mahindra,0
100,upi,0,NA,NA,NA,0
100,card,0,Mastercard,debit,Bank of Baroda,0
100,card,0,Mastercard,credit,ICICI,0
100,upi,0,NA,NA,NA,0
100,card,0,Visa,credit,ICICI,0
100,upi,0,NA,NA,NA,0
100,card,0,RuPay,credit,SBI,0
100,upi,0,NA,NA,NA,0
100,netbanking,0,NA,NA,NA,0
100,pay later,0,NA,NA,NA,0
100,upi,0,NA,NA,NA,0
100,wallet,0,NA,NA,NA,0
100,netbanking,0,NA,NA,NA,0
100,emi,0,Visa,debit,HDFC,0
100,emi,0,American Express,debit,SBI,1
100,upi,0,NA,NA,NA,0
100,upi,0,NA,NA,NA,0
100,upi,0,NA,NA,NA,0
100,upi,0,NA,NA,NA,0
100,netbanking,0,NA,NA,NA,0
100,netbanking,0,NA,NA,NA,0
100,pay later,0,NA,NA,NA,0
100,wallet,0,NA,NA,NA,0
100,upi,0,NA,NA,NA,0
100,card,0,Visa,credit,Yes Bank,0
100,netbanking,0,NA,NA,NA,0
100,upi,0,NA,NA,NA,0
100,card,0,Visa,credit,Yes Bank,0
100,upi,0,NA,NA,NA,0
100,card,0,Diners,debit,Kotak Mahindra,0
100,upi,0,NA,NA,NA,0
100,card,0,RuPay,debit,HDFC,0
100,card,0,Diners,credit,Yes Bank,1
100,netbanking,0,NA,NA,NA,0
100,card,0,Visa,credit,HDFC,0
100,netbanking,0,NA,NA,NA,1
100,upi,0,NA,NA,NA,0
100,upi,0,NA,NA,NA,0
100,upi,0,NA,NA,NA,0
100,card,0,RuPay,debit,ICICI,0
100,upi,0,NA,NA,NA,0
100,netbanking,0,NA,NA,NA,0
100,upi,0,NA,NA,NA,0
100,emi,0,RuPay,debit,ICICI,0
100,card,0,Visa,credit,HDFC,0
100,upi,0,NA,NA,NA,0
100,upi,0,NA,NA,NA,0
100,upi,0,NA,NA,NA,0
100,upi,0,NA,NA,NA,0
100,netbanking,0,NA,NA,NA,0
100,upi,0,NA,NA,NA,0
100,upi,0,NA,NA,NA,0
100,pay later,0,NA,NA,NA,0
100,card,0,Visa,debit,SBI,0
100,card,0,Mastercard,credit,ICICI,0
100,upi,0,NA,NA,NA,0
100,upi,0,NA,NA,NA,0
100,upi,0,NA,NA,NA,0
100,wallet,0,NA,NA,NA,0
100,wallet,0,NA,NA,NA,0
100,upi,0,NA,NA,NA,0
100,upi,0,NA,NA,NA,0
100,upi,0,NA,NA,NA,0
100,netbanking,0,NA,NA,NA,0
100,upi,0,NA,NA,NA,0
100,netbanking,0,NA,NA,NA,0
100,emi,0,Visa,debit,HDFC,0
100,wallet,0,NA,NA,NA,0
100,card,0,Visa,debit,RBL,0
100,upi,0,NA,NA,NA,0
100,upi,0,NA,NA,NA,0
100,wallet,0,NA,NA,NA,0
100,card,0,Visa,debit,Axis,0
100,card,0,RuPay,debit,Kotak Mahindra,1
100,card,0,Visa,credit,HDFC,0
100,netbanking,0,NA,NA,NA,0
100,pay later,0,NA,NA,NA,0
100,netbanking,0,NA,NA,NA,0
100,card,0,Visa,credit,SBI,0
100,card,0,RuPay,credit,Union Bank,0
100,upi,0,NA,NA,NA,0
100,card,0,Visa,credit,Indian Bank,0
100,card,0,Visa,debit,Axis,0
100,upi,0,NA,NA,NA,0
100,wallet,0,NA,NA,NA,0
100,upi,0,NA,NA,NA,0
100,upi,0,NA,NA,NA,0
100,upi,0,NA,NA,NA,0
100,upi,0,NA,NA,NA,0
100,card,0,Visa,credit,IndusInd,0
100,card,0,Diners,debit,Punjab National Bank,0
100,pay later,0,NA,NA,NA,0
100,card,0,Mastercard,debit,Yes Bank,0
100,upi,0,NA,NA,NA,0
100,wallet,0,NA,NA,NA,0
100,upi,0,NA,NA,NA,0
100,emi,0,Mastercard,debit,IndusInd,0
100,card,0,Mastercard,debit,ICICI,0
100,upi,0,NA,NA,NA,0
100,emi,0,Mastercard,credit,ICICI,0
100,card,0,Visa,debit,IndusInd,0
100,card,0,Mastercard,credit,Punjab National Bank,0
100,netbanking,0,NA,NA,NA,0
100,upi,0,NA,NA,NA,0
100,card,0,Visa,prepaid,ICICI,0
100,upi,0,NA,NA,NA,0
100,card,0,Mastercard,credit,HDFC,0
100,upi,0,NA,NA,NA,0
100,netbanking,0,NA,NA,NA,0
100,netbanking,0,NA,NA,NA,0
100,emi,0,RuPay,debit,Indian Bank,0
100,wallet,0,NA,NA,NA,0
100,netbanking,0,NA,NA,NA,0
100,upi,0,NA,NA,NA,0
100,pay later,0,NA,NA,NA,0
100,card,0,Diners,debit,IDFC First,0
100,upi,0,NA,NA,NA,0
100,upi,0,NA,NA,NA,0
100,wallet,0,NA,NA,NA,0
100,card,0,Visa,credit,IDFC First,0
100,upi,0,NA,NA,NA,0
100,upi,0,NA,NA,NA,0
100,card,0,Visa,debit,Axis,0
100,emi,0,Discover,credit,IndusInd,0
100,card,0,Mastercard,debit,RBL,0
100,upi,0,NA,NA,NA,0
100,emi,0,RuPay,credit,Axis,0
100,upi,0,NA,NA,NA,1
100,upi,0,NA,NA,NA,0
100,upi,0,NA,NA,NA,0
100,card,0,Mastercard,credit,Indian Bank,0
100,pay later,0,NA,NA,NA,0
100,upi,0,NA,NA,NA,0
100,pay later,0,NA,NA,NA,1
100,upi,0,NA,NA,NA,0
100,card,0,Mastercard,credit,Kotak Mahindra,0
100,upi,0,NA,NA,NA,1
100,card,0,RuPay,debit,Kotak Mahindra,1
100,card,0,Visa,debit,SBI,0
100,pay later,0,NA,NA,NA,0
100,netbanking,0,NA,NA,NA,0
100,netbanking,0,NA,NA,NA,0
100,wallet,0,NA,NA,NA,0
100,upi,0,NA,NA,NA,0
100,netbanking,0,NA,NA,NA,0
100,card,0,Discover,credit,Indian Bank,0
100,upi,0,NA,NA,NA,0
100,upi,0,NA,NA,NA,0
100,upi,0,NA,NA,NA,0
100,upi,0,NA,NA,NA,0
100,upi,0,NA,NA,NA,0
100,upi,0,NA,NA,NA,0
100,upi,0,NA,NA,NA,0
100,card,0,Mastercard,debit,Canara Bank,0
100,card,0,Mastercard,credit,SBI,0
100,wallet,0,NA,NA,NA,1
100,card,0,Visa,prepaid,Yes Bank,0
100,pay later,0,NA,NA,NA,0
100,upi,0,NA,NA,NA,0
100,upi,0,NA,NA,NA,0
100,upi,0,NA,NA,NA,0
100,upi,0,NA,NA,NA,0
100,upi,0,NA,NA,NA,0
100,wallet,0,NA,NA,NA,0
100,wallet,0,NA,NA,NA,0
100,upi,0,NA,NA,NA,0
100,upi,0,NA,NA,NA,0
100,upi,0,NA,NA,NA,0
100,upi,0,NA,NA,NA,0
100,card,0,RuPay,debit,HDFC,0
100,pay later,0,NA,NA,NA,0
100,upi,0,NA,NA,NA,0
100,upi,0,NA,NA,NA,0
100,netbanking,0,NA,NA,NA,0
100,card,0,Mastercard,credit,Union Bank,0
100,card,0,Visa,credit,Yes Bank,0
100,pay later,0,NA,NA,NA,0
100,upi,0,NA,NA,NA,0
100,card,0,Visa,credit,Kotak Mahindra,0
100,pay later,0,NA,NA,NA,0
100,upi,0,NA,NA,NA,0
100,card,0,Visa,credit,Canara Bank,0
100,emi,0,Visa,debit,Union Bank,0
100,wallet,0,NA,NA,NA,0
100,card,0,Mastercard,debit,Axis,0
100,pay later,0,NA,NA,NA,0
100,upi,0,NA,NA,NA,0
100,netbanking,0,NA,NA,NA,0
100,upi,0,NA,NA,NA,0
100,upi,0,NA,NA,NA,0
100,card,0,Visa,credit,HDFC,0
100,upi,0,NA,NA,NA,0
100,card,0,RuPay,debit,RBL,1
100,upi,0,NA,NA,NA,0
100,card,0,Visa,debit,Axis,0
100,upi,0,NA,NA,NA,0
100,card,0,Visa,credit,Federal Bank,0
100,upi,0,NA,NA,NA,0
100,upi,0,NA,NA,NA,0
100,card,0,Mastercard,debit,ICICI,0
100,upi,0,NA,NA,NA,0
100,upi,0,NA,NA,NA,0
100,upi,0,NA,NA,NA,1
100,wallet,0,NA,NA,NA,0
100,card,0,Visa,debit,Kotak Mahindra,0
100,upi,0,NA,NA,NA,0
100,upi,0,NA,NA,NA,0
100,card,0,Visa,prepaid,HDFC,0
100,upi,0,NA,NA,NA,0
100,netbanking,0,NA,NA,NA,0
100,upi,0,NA,NA,NA,0
100,emi,0,RuPay,debit,HDFC,0
100,upi,0,NA,NA,NA,0
100,upi,0,NA,NA,NA,0
100,upi,0,NA,NA,NA,0
100,emi,0,Mastercard,debit,Federal Bank,0
100,netbanking,0,NA,NA,NA,0
100,upi,0,NA,NA,NA,0
100,card,0,Mastercard,debit,IndusInd,0
100,card,0,Diners,prepaid,Kotak Mahindra,0
100,card,0,RuPay,credit,Federal Bank,0
100,wallet,0,NA,NA,NA,1
100,upi,0,NA,NA,NA,0
100,upi,0,NA,NA,NA,0
100,netbanking,0,NA,NA,NA,0
100,card,0,Mastercard,debit,ICICI,0
100,card,0,RuPay,prepaid,HDFC,0
100,pay later,0,NA,NA,NA,0
100,upi,0,NA,NA,NA,0
100,netbanking,0,NA,NA,NA,0
100,card,0,Visa,debit,Bank of Baroda,0
100,card,0,RuPay,debit,Canara Bank,0
100,card,0,Diners,debit,Axis,0
100,card,0,RuPay,credit,Union Bank,0
100,upi,0,NA,NA,NA,0
100,emi,0,Visa,credit,Indian Bank,0
100,upi,0,NA,NA,NA,0
100,card,0,American Express,credit,HDFC,0
100,upi,0,NA,NA,NA,0
100,card,0,Visa,credit,Bank of Baroda,0
100,netbanking,0,NA,NA,NA,0
100,upi,0,NA,NA,NA,1
100,card,0,Visa,debit,Axis,0
100,card,0,Mastercard,debit,SBI,0
100,emi,0,Visa,prepaid,HDFC,0
100,upi,0,NA,NA,NA,1
100,upi,0,NA,NA,NA,0
100,upi,0,NA,NA,NA,0
100,upi,0,NA,NA,NA,0
100,pay later,0,NA,NA,NA,0
100,card,0,Discover,debit,Axis,1
100,netbanking,0,NA,NA,NA,0
100,card,0,Diners,credit,IDFC First,0
100,card,0,Visa,debit,Axis,0
100,emi,0,Mastercard,prepaid,ICICI,0
100,emi,0,RuPay,credit,Federal Bank,0
100,netbanking,0,NA,NA,NA,0
100,emi,0,RuPay,debit,IDFC First,0
100,wallet,0,NA,NA,NA,0
100,netbanking,0,NA,NA,NA,0
100,emi,0,Visa,credit,Axis,0
100,netbanking,0,NA,NA,NA,0
100,card,0,Mastercard,credit,IDFC First,0
100,card,0,Visa,credit,ICICI,0
100,upi,0,NA,NA,NA,0
100,wallet,0,NA,NA,NA,0
100,upi,0,NA,NA,NA,0
100,upi,0,NA,NA,NA,0
100,upi,0,NA,NA,NA,0
100,upi,0,NA,NA,NA,0
100,upi,0,NA,NA,NA,0
100,emi,0,Visa,credit,Axis,0
100,emi,0,Visa,debit,HDFC,0
100,upi,0,NA,NA,NA,0
100,netbanking,0,NA,NA,NA,0
100,netbanking,0,NA,NA,NA,0
100,upi,0,NA,NA,NA,0
100,upi,0,NA,NA,NA,0
100,wallet,0,NA,NA,NA,0
100,emi,0,Visa,debit,SBI,0
100,upi,0,NA,NA,NA,0
100,emi,0,RuPay,credit,IDFC First,0
100,upi,0,NA,NA,NA,0
100,card,0,RuPay,credit,Yes Bank,0
100,netbanking,0,NA,NA,NA,0
100,card,0,RuPay,prepaid,Axis,0
100,upi,0,NA,NA,NA,0
100,upi,0,NA,NA,NA,0
100,card,0,Mastercard,credit,Bank of Baroda,0
100,card,0,American Express,credit,Indian Bank,0
100,pay later,0,NA,NA,NA,0
100,pay later,0,NA,NA,NA,0
100,upi,0,NA,NA,NA,0
100,wallet,0,NA,NA,NA,0
100,upi,0,NA,NA,NA,1
100,card,0,Visa,credit,Kotak Mahindra,0
100,netbanking,0,NA,NA,NA,0
100,pay later,0,NA,NA,NA,1
100,card,0,Visa,debit,SBI,0
100,netbanking,0,NA,NA,NA,0
100,card,0,Visa,credit,Kotak Mahindra,0
100,card,0,Visa,credit,Kotak Mahindra,1
100,card,0,RuPay,debit,HDFC,0
100,card,0,RuPay,credit,IndusInd,0
100,card,0,Diners,debit,HDFC,0
100,emi,0,Visa,credit,IDFC First,0
100,upi,0,NA,NA,NA,0
100,upi,0,NA,NA,NA,0
100,upi,0,NA,NA,NA,0
100,netbanking,0,NA,NA,NA,0
100,card,0,RuPay,credit,Punjab National Bank,0
100,upi,0,NA,NA,NA,0
100,upi,0,NA,NA,NA,0
100,netbanking,0,NA,NA,NA,1
100,card,0,American Express,credit,Punjab National Bank,1
100,upi,0,NA,NA,NA,0
100,upi,0,NA,NA,NA,0
100,emi,0,Visa,credit,Yes Bank,1
100,emi,0,Visa,debit,RBL,0
100,card,0,Visa,prepaid,RBL,0
100,upi,0,NA,NA,NA,0
100,upi,0,NA,NA,NA,0
100,upi,0,NA,NA,NA,0
100,pay later,0,NA,NA,NA,0
100,card,0,Visa,credit,ICICI,0
100,card,0,Visa,credit,HDFC,0
100,upi,0,NA,NA,NA,0
100,card,0,Visa,credit,SBI,0
100,card,0,Visa,prepaid,ICICI,0
100,upi,0,NA,NA,NA,0
100,card,0,Visa,credit,Union Bank,1
100,pay later,0,NA,NA,NA,0
100,upi,0,NA,NA,NA,0
100,card,0,Discover,debit,Bank of Baroda,0
100,upi,0,NA,NA,NA,0
100,card,0,Mastercard,credit,Kotak Mahindra,0
100,card,0,Diners,credit,Kotak Mahindra,0
100,card,0,Diners,credit,SBI,0
100,netbanking,0,NA,NA,NA,0
100,pay later,0,NA,NA,NA,0
100,emi,0,Visa,debit,IndusInd,0
100,upi,0,NA,NA,NA,0
100,upi,0,NA,NA,NA,0
100,upi,0,NA,NA,NA,0
100,pay later,0,NA,NA,NA,0
100,card,0,Visa,credit,Kotak Mahindra,0
100,emi,0,Discover,debit,IndusInd,0
100,card,0,RuPay,prepaid,Union Bank,1
100,emi,0,Mastercard,credit,HDFC,0
100,upi,0,NA,NA,NA,0
100,card,0,Visa,credit,HDFC,0
100,upi,0,NA,NA,NA,0
100,card,0,Discover,credit,HDFC,0
100,card,0,Visa,debit,IndusInd,0
100,card,0,Mastercard,credit,Canara Bank,1
100,emi,0,Visa,credit,HDFC,0
100,card,0,Visa,credit,HDFC,0
100,card,0,Visa,debit,Kotak Mahindra,0
100,upi,0,NA,NA,NA,1
100,wallet,0,NA,NA,NA,1
100,upi,0,NA,NA,NA,0
100,card,0,RuPay,debit,Punjab National Bank,0
100,upi,0,NA,NA,NA,0
100,netbanking,0,NA,NA,NA,0
100,card,0,RuPay,credit,HDFC,0
100,upi,0,NA,NA,NA,0
100,netbanking,0,NA,NA,NA,0
100,pay later,0,NA,NA,NA,0
100,card,0,Mastercard,credit,Kotak Mahindra,0
100,card,0,Visa,credit,IndusInd,0
100,card,0,RuPay,debit,RBL,0
100,upi,0,NA,NA,NA,0
100,card,0,Diners,debit,Axis,0
100,emi,0,Visa,debit,Kotak Mahindra,0
100,card,0,Mastercard,credit,SBI,1
100,upi,0,NA,NA,NA,0
100,emi,0,Discover,credit,Bank of Baroda,1
100,emi,0,Visa,credit,HDFC,0
100,netbanking,0,NA,NA,NA,0
100,emi,0,Mastercard,debit,Yes Bank,0
100,upi,0,NA,NA,NA,0
100,card,0,Mastercard,credit,ICICI,0
100,card,0,Mastercard,debit,Federal Bank,0
100,card,0,Mastercard,credit,Axis,0
100,upi,0,NA,NA,NA,0
100,upi,0,NA,NA,NA,0
100,upi,0,NA,NA,NA,0
100,upi,0,NA,NA,NA,0
100,upi,0,NA,NA,NA,0
100,card,0,Visa,debit,SBI,0
100,card,0,Mastercard,credit,IDFC First,0
100,wallet,0,NA,NA,NA,0
100,upi,0,NA,NA,NA,0
100,pay later,0,NA,NA,NA,1
100,netbanking,0,NA,NA,NA,0
100,card,0,Mastercard,debit,Kotak Mahindra,0
100,card,0,Visa,prepaid,ICICI,0
100,card,0,Discover,credit,Kotak Mahindra,0
100,card,0,American Express,debit,RBL,0
100,upi,0,NA,NA,NA,0
100,upi,0,NA,NA,NA,0
100,upi,0,NA,NA,NA,0
100,upi,0,NA,NA,NA,0
100,emi,0,Visa,credit,HDFC,0
100,wallet,0,NA,NA,NA,0
100,upi,0,NA,NA,NA,0
100,card,0,American Express,debit,Axis,0
100,card,0,RuPay,credit,SBI,0
100,card,0,Mastercard,debit,Axis,1
100,card,0,Mastercard,debit,HDFC,0
100,wallet,0,NA,NA,NA,0
100,netbanking,0,NA,NA,NA,0
100,netbanking,0,NA,NA,NA,0
100,card,0,Mastercard,credit,ICICI,0
100,card,0,RuPay,credit,Kotak Mahindra,0
100,card,0,Mastercard,debit,Yes Bank,0
100,card,0,Visa,credit,IndusInd,0
100,card,0,Visa,debit,HDFC,0
100,emi,0,Mastercard,credit,Axis,0
100,pay later,0,NA,NA,NA,0
100,upi,0,NA,NA,NA,0
100,wallet,0,NA,NA,NA,0
100,wallet,0,NA,NA,NA,0
100,card,0,Discover,debit,Bank of Baroda,0
100,netbanking,0,NA,NA,NA,0
100,upi,0,NA,NA,NA,0
100,upi,0,NA,NA,NA,0
100,netbanking,0,NA,NA,NA,0
100,upi,0,NA,NA,NA,0
100,pay later,0,NA,NA,NA,0
100,upi,0,NA,NA,NA,0
100,card,0,RuPay,credit,Axis,0
100,netbanking,0,NA,NA,NA,0
100,upi,0,NA,NA,NA,1
100,upi,0,NA,NA,NA,0
100,upi,0,NA,NA,NA,0
100,upi,0,NA,NA,NA,0
100,card,0,Mastercard,debit,Axis,1
100,netbanking,0,NA,NA,NA,0
100,upi,0,NA,NA,NA,1
100,wallet,0,NA,NA,NA,0
100,upi,0,NA,NA,NA,0
100,card,0,Mastercard,debit,Bank of Baroda,0
100,wallet,0,NA,NA,NA,0
100,emi,0,Visa,credit,IDFC First,0
100,emi,0,American Express,credit,SBI,0
100,upi,0,NA,NA,NA,0
100,card,0,Visa,debit,Union Bank,0
100,card,0,Visa,debit,ICICI,0
100,pay later,0,NA,NA,NA,0
100,upi,0,NA,NA,NA,0
100,upi,0,NA,NA,NA,0
100,upi,0,NA,NA,NA,0
100,upi,0,NA,NA,NA,0
100,emi,0,Mastercard,debit,Punjab National Bank,0
100,wallet,0,NA,NA,NA,0
100,card,0,Visa,debit,Kotak Mahindra,0
100,upi,0,NA,NA,NA,0
100,netbanking,0,NA,NA,NA,0
100,pay later,0,NA,NA,NA,0
100,upi,0,NA,NA,NA,0
100,card,0,Visa,credit,Axis,0
100,card,0,Mastercard,debit,ICICI,0
100,card,0,Visa,credit,ICICI,0
100,netbanking,0,NA,NA,NA,0
100,upi,0,NA,NA,NA,0
100,card,0,Mastercard,debit,Axis,0
100,card,0,RuPay,credit,ICICI,1
100,netbanking,0,NA,NA,NA,0
100,card,0,Mastercard,debit,Yes Bank,0
100,pay later,0,NA,NA,NA,0
100,card,0,Mastercard,credit,Yes Bank,0
100,netbanking,0,NA,NA,NA,0
100,emi,0,Visa,debit,Kotak Mahindra,0
100,upi,0,NA,NA,NA,0
100,card,0,Visa,debit,Axis,0
100,upi,0,NA,NA,NA,0
100,upi,0,NA,NA,NA,0
100,upi,0,NA,NA,NA,0
100,upi,0,NA,NA,NA,0
100,upi,0,NA,NA,NA,0
100,netbanking,0,NA,NA,NA,0
100,upi,0,NA,NA,NA,0
100,upi,0,NA,NA,NA,0
100,card,0,Visa,credit,Yes Bank,0
100,wallet,0,NA,NA,NA,0
100,netbanking,0,NA,NA,NA,0
100,upi,0,NA,NA,NA,0
100,netbanking,0,NA,NA,NA,1
100,upi,0,NA,NA,NA,0
100,upi,0,NA,NA,NA,0
100,emi,0,Visa,credit,IDFC First,0
100,card,0,Diners,debit,ICICI,0
100,upi,0,NA,NA,NA,0
100,upi,0,NA,NA,NA,0
100,upi,0,NA,NA,NA,0
100,upi,0,NA,NA,NA,0
100,card,0,Visa,credit,Union Bank,0
100,upi,0,NA,NA,NA,0
100,emi,0,Visa,debit,Yes Bank,0
100,upi,0,NA,NA,NA,0
100,upi,0,NA,NA,NA,0
100,card,0,RuPay,debit,HDFC,0
100,card,0,American Express,debit,Axis,1
100,upi,0,NA,NA,NA,0
100,netbanking,0,NA,NA,NA,1
100,card,0,Mastercard,credit,SBI,0
100,upi,0,NA,NA,NA,0
100,wallet,0,NA,NA,NA,0
100,card,0,Visa,credit,SBI,0
100,upi,0,NA,NA,NA,0
100,card,0,Mastercard,debit,HDFC,0
100,netbanking,0,NA,NA,NA,0
100,emi,0,RuPay,debit,SBI,0
100,upi,0,NA,NA,NA,0
100,upi,0,NA,NA,NA,0
100,wallet,0,NA,NA,NA,0
100,card,0,RuPay,credit,HDFC,0
100,card,0,Visa,prepaid,SBI,0
100,wallet,0,NA,NA,NA,0
100,card,0,RuPay,credit,SBI,0
100,wallet,0,NA,NA,NA,0
100,card,0,Visa,debit,Axis,0
100,netbanking,0,NA,NA,NA,1
100,upi,0,NA,NA,NA,0
100,wallet,0,NA,NA,NA,0
100,upi,0,NA,NA,NA,0
100,upi,0,NA,NA,NA,0
100,wallet,0,NA,NA,NA,0
100,card,0,RuPay,credit,Axis,1
100,upi,0,NA,NA,NA,0
100,upi,0,NA,NA,NA,0
100,upi,0,NA,NA,NA,0
100,upi,0,NA,NA,NA,0
100,upi,0,NA,NA,NA,0
100,card,0,Visa,credit,Kotak Mahindra,0
100,netbanking,0,NA,NA,NA,0
100,upi,0,NA,NA,NA,0
100,card,0,Mastercard,debit,Indian Bank,1
100,upi,0,NA,NA,NA,1
100,upi,0,NA,NA,NA,0
100,netbanking,0,NA,NA,NA,0
100,card,0,Mastercard,debit,Indian Bank,0
100,emi,0,Diners,credit,ICICI,0
100,netbanking,0,NA,NA,NA,0
100,card,0,American Express,debit,ICICI,0
100,card,0,RuPay,credit,IndusInd,0
100,upi,0,NA,NA,NA,0
100,upi,0,NA,NA,NA,0
100,emi,0,Mastercard,debit,ICICI,0
100,upi,0,NA,NA,NA,0
100,upi,0,NA,NA,NA,0
100,pay later,0,NA,NA,NA,0
100,card,0,Visa,debit,Axis,1
100,card,0,Mastercard,credit,HDFC,0
100,upi,0,NA,NA,NA,0
100,upi,0,NA,NA,NA,0
100,card,0,American Express,credit,IndusInd,0
100,emi,0,Mastercard,debit,Axis,0
100,netbanking,0,NA,NA,NA,0
100,card,0,Visa,debit,ICICI,0
100,upi,0,NA,NA,NA,0
100,netbanking,0,NA,NA,NA,0
100,wallet,0,NA,NA,NA,0
100,upi,0,NA,NA,NA,0
100,emi,0,RuPay,credit,IndusInd,0
100,upi,0,NA,NA,NA,0
100,card,0,Visa,credit,Punjab National Bank,0
100,pay later,0,NA,NA,NA,0
100,upi,0,NA,NA,NA,1
100,wallet,0,NA,NA,NA,0
100,netbanking,0,NA,NA,NA,0
100,emi,0,Visa,debit,HDFC,0
100,card,0,Diners,debit,Bank of Baroda,0
100,emi,0,Mastercard,credit,Axis,0
100,upi,0,NA,NA,NA,1
100,upi,0,NA,NA,NA,0
100,card,0,Visa,debit,Kotak Mahindra,0
100,upi,0,NA,NA,NA,0
100,pay later,0,NA,NA,NA,1
100,upi,0,NA,NA,NA,0
100,upi,0,NA,NA,NA,0
100,upi,0,NA,NA,NA,0
100,card,0,RuPay,credit,ICICI,0
100,wallet,0,NA,NA,NA,0
100,netbanking,0,NA,NA,NA,0
100,wallet,0,NA,NA,NA,0
100,card,0,Mastercard,debit,RBL,0
100,upi,0,NA,NA,NA,0
100,upi,0,NA,NA,NA,0
100,upi,0,NA,NA,NA,0
100,pay later,0,NA,NA,NA,0
100,wallet,0,NA,NA,NA,0
100,upi,0,NA,NA,NA,0
100,card,0,Mastercard,credit,Kotak Mahindra,0
100,upi,0,NA,NA,NA,0
100,upi,0,NA,NA,NA,0
100,upi,0,NA,NA,NA,1
100,wallet,0,NA,NA,NA,0
100,netbanking,0,NA,NA,NA,0
100,upi,0,NA,NA,NA,0
100,upi,0,NA,NA,NA,0
100,wallet,0,NA,NA,NA,0
100,card,0,Mastercard,credit,Canara Bank,0
100,card,0,Visa,debit,HDFC,0
100,card,0,Visa,debit,Axis,0
100,card,0,Mastercard,debit,IndusInd,0
100,card,0,RuPay,debit,IndusInd,0
100,upi,0,NA,NA,NA,0
100,card,0,Visa,debit,Bank of Baroda,0
100,netbanking,0,NA,NA,NA,0
100,emi,0,Mastercard,credit,HDFC,0
100,card,0,RuPay,credit,Federal Bank,0
100,card,0,Visa,debit,ICICI,0
100,upi,0,NA,NA,NA,0
100,upi,0,NA,NA,NA,1
100,upi,0,NA,NA,NA,0
100,card,0,RuPay,credit,SBI,0
100,card,0,Visa,credit,SBI,0
100,upi,0,NA,NA,NA,0
100,wallet,0,NA,NA,NA,0
100,emi,0,Visa,credit,IndusInd,0
100,emi,0,RuPay,debit,Union Bank,0
100,upi,0,NA,NA,NA,0
100,emi,0,RuPay,debit,Kotak Mahindra,0
100,emi,0,Mastercard,debit,IndusInd,0
100,card,0,RuPay,credit,HDFC,0
100,upi,0,NA,NA,NA,0
100,card,0,Visa,credit,HDFC,0
100,emi,0,Mastercard,credit,HDFC,0
100,wallet,0,NA,NA,NA,0
100,card,0,American Express,debit,Kotak Mahindra,0
100,card,0,Visa,credit,HDFC,1
100,upi,0,NA,NA,NA,0
100,card,0,Mastercard,debit,IndusInd,0
100,wallet,0,NA,NA,NA,0
100,card,0,Mastercard,debit,Axis,0
100,card,0,RuPay,debit,Axis,0
100,pay later,0,NA,NA,NA,0
100,card,0,Visa,credit,SBI,0
100,upi,0,NA,NA,NA,0
100,wallet,0,NA,NA,NA,0
100,upi,0,NA,NA,NA,0
100,netbanking,0,NA,NA,NA,0
100,card,0,American Express,credit,HDFC,0
100,upi,0,NA,NA,NA,0
100,upi,0,NA,NA,NA,0
100,pay later,0,NA,NA,NA,0
100,pay later,0,NA,NA,NA,0
100,netbanking,0,NA,NA,NA,0
100,pay later,0,NA,NA,NA,0
100,card,0,Mastercard,debit,SBI,0
100,netbanking,0,NA,NA,NA,0
100,card,0,Visa,credit,Union Bank,0
100,wallet,0,NA,NA,NA,0
100,pay later,0,NA,NA,NA,0
100,upi,0,NA,NA,NA,0
100,netbanking,0,NA,NA,NA,0
100,upi,0,NA,NA,NA,0
100,card,0,Mastercard,debit,HDFC,0
100,card,0,Mastercard,credit,Axis,0
100,upi,0,NA,NA,NA,0
100,pay later,0,NA,NA,NA,0
100,upi,0,NA,NA,NA,0
100,upi,0,NA,NA,NA,0
100,card,0,Visa,credit,Union Bank,0
100,card,0,Visa,credit,ICICI,0
100,upi,0,NA,NA,NA,0
100,pay later,0,NA,NA,NA,0
100,upi,0,NA,NA,NA,0
100,upi,0,NA,NA,NA,0
100,netbanking,0,NA,NA,NA,0
100,upi,0,NA,NA,NA,0
100,card,0,Mastercard,prepaid,SBI,0
100,card,0,Mastercard,prepaid,IndusInd,1
100,upi,0,NA,NA,NA,0
100,card,0,American Express,prepaid,IndusInd,0
100,upi,0,NA,NA,NA,0
100,pay later,0,NA,NA,NA,0
100,card,0,Mastercard,credit,ICICI,0
100,card,0,RuPay,credit,Federal Bank,0
100,pay later,0,NA,NA,NA,0
100,pay later,0,NA,NA,NA,0
100,card,0,Visa,debit,Kotak Mahindra,0
100,card,0,Discover,debit,Kotak Mahindra,0
100,upi,0,NA,NA,NA,0
100,upi,0,NA,NA,NA,0
100,emi,0,RuPay,credit,IndusInd,0
100,upi,0,NA,NA,NA,0
100,emi,0,Mastercard,debit,IDFC First,0
100,card,0,Mastercard,credit,ICICI,0
100,upi,0,NA,NA,NA,0
100,card,0,RuPay,debit,SBI,0
100,upi,0,NA,NA,NA,0
100,upi,0,NA,NA,NA,0
100,card,0,RuPay,debit,HDFC,0
100,upi,0,NA,NA,NA,0
100,netbanking,0,NA,NA,NA,0
100,upi,0,NA,NA,NA,0
100,upi,0,NA,NA,NA,0
100,card,0,Mastercard,debit,RBL,0
100,emi,0,Mastercard,debit,Kotak Mahindra,1
100,wallet,0,NA,NA,NA,0
100,upi,0,NA,NA,NA,0
100,netbanking,0,NA,NA,NA,0
100,upi,0,NA,NA,NA,0
100,upi,0,NA,NA,NA,0
100,wallet,0,NA,NA,NA,0
100,emi,0,Mastercard,debit,SBI,0
100,card,0,Mastercard,credit,Bank of Baroda,0
100,card,0,Mastercard,debit,Axis,0
100,card,0,Visa,prepaid,Federal Bank,0
100,pay later,0,NA,NA,NA,0
100,upi,0,NA,NA,NA,0
100,upi,0,NA,NA,NA,0
100,upi,0,NA,NA,NA,0
100,card,0,Visa,credit,HDFC,0
100,upi,0,NA,NA,NA,0
100,wallet,0,NA,NA,NA,0
100,card,0,Visa,credit,SBI,0
100,emi,0,Mastercard,prepaid,Kotak Mahindra,0
100,netbanking,0,NA,NA,NA,0
100,card,0,Visa,credit,ICICI,0
100,card,0,Mastercard,debit,ICICI,0
100,upi,0,NA,NA,NA,0
100,wallet,0,NA,NA,NA,0
100,emi,0,Discover,credit,RBL,0
100,upi,0,NA,NA,NA,0
100,upi,0,NA,NA,NA,0
100,wallet,0,NA,NA,NA,0
100,netbanking,0,NA,NA,NA,0
100,upi,0,NA,NA,NA,0
100,upi,0,NA,NA,NA,0
100,card,0,Visa,credit,SBI,0
100,card,0,Mastercard,credit,SBI,0
100,upi,0,NA,NA,NA,0
100,upi,0,NA,NA,NA,0
100,wallet,0,NA,NA,NA,0
100,pay later,0,NA,NA,NA,1
100,netbanking,0,NA,NA,NA,0
100,emi,0,Mastercard,credit,ICICI,0
100,upi,0,NA,NA,NA,0
100,emi,0,Visa,debit,HDFC,0
100,upi,0,NA,NA,NA,0
100,card,0,RuPay,credit,IDFC First,0
100,upi,0,NA,NA,NA,0
100,pay later,0,NA,NA,NA,0
100,upi,0,NA,NA,NA,0
100,upi,0,NA,NA,NA,0
100,upi,0,NA,NA,NA,0
100,card,0,Visa,credit,RBL,0
100,upi,0,NA,NA,NA,0
100,upi,0,NA,NA,NA,0
100,upi,0,NA,NA,NA,0
100,card,0,Visa,debit,SBI,0
100,card,0,Visa,credit,Axis,0
100,pay later,0,NA,NA,NA,0
100,emi,0,Visa,debit,Axis,0
100,wallet,0,NA,NA,NA,0
100,upi,0,NA,NA,NA,0
100,card,0,Mastercard,debit,Axis,0
100,card,0,RuPay,credit,HDFC,0
100,upi,0,NA,NA,NA,0
100,card,0,RuPay,debit,Kotak Mahindra,1
100,netbanking,0,NA,NA,NA,0
100,netbanking,0,NA,NA,NA,1
100,card,0,RuPay,credit,Axis,0
100,upi,0,NA,NA,NA,0
100,upi,0,NA,NA,NA,0
100,card,0,RuPay,credit,HDFC,0
100,upi,0,NA,NA,NA,0
100,card,0,Visa,debit,Canara Bank,0
100,card,0,Visa,credit,SBI,0
100,card,0,American Express,credit,HDFC,0
100,upi,0,NA,NA,NA,0
100,wallet,0,NA,NA,NA,0
100,card,0,RuPay,credit,ICICI,0
100,upi,0,NA,NA,NA,0
100,card,0,Mastercard,debit,ICICI,0
100,emi,0,Visa,debit,Axis,1
100,upi,0,NA,NA,NA,0
100,upi,0,NA,NA,NA,1
100,netbanking,0,NA,NA,NA,0
100,netbanking,0,NA,NA,NA,0
100,card,0,Visa,prepaid,Canara Bank,0
100,upi,0,NA,NA,NA,0
100,card,0,American Express,credit,IndusInd,0
100,card,0,Mastercard,debit,RBL,0
100,card,0,Visa,debit,SBI,0
100,pay later,0,NA,NA,NA,1
100,wallet,0,NA,NA,NA,0
100,upi,0,NA,NA,NA,0
100,emi,0,Mastercard,credit,SBI,0
100,pay later,0,NA,NA,NA,0
100,upi,0,NA,NA,NA,0
100,upi,0,NA,NA,NA,0
100,upi,0,NA,NA,NA,0
100,card,0,Mastercard,credit,HDFC,0
100,card,0,Visa,debit,SBI,0
100,upi,0,NA,NA,NA,0
100,card,0,Visa,credit,Yes Bank,1
100,emi,0,Mastercard,credit,ICICI,0
100,wallet,0,NA,NA,NA,0
100,upi,0,NA,NA,NA,0
100,netbanking,0,NA,NA,NA,1
100,upi,0,NA,NA,NA,0
100,card,0,Mastercard,credit,HDFC,0
100,card,0,American Express,debit,HDFC,1
100,upi,0,NA,NA,NA,0
100,upi,0,NA,NA,NA,0
100,card,0,Mastercard,credit,HDFC,0
100,upi,0,NA,NA,NA,0
100,card,0,RuPay,prepaid,HDFC,0
100,upi,0,NA,NA,NA,0
100,upi,0,NA,NA,NA,0
100,pay later,0,NA,NA,NA,1
100,wallet,0,NA,NA,NA,0
100,wallet,0,NA,NA,NA,1
100,card,0,RuPay,debit,SBI,0
100,wallet,0,NA,NA,NA,0
100,upi,0,NA,NA,NA,0
100,emi,0,Mastercard,debit,SBI,0
100,upi,0,NA,NA,NA,0
100,upi,0,NA,NA,NA,0
100,netbanking,0,NA,NA,NA,1
100,netbanking,0,NA,NA,NA,0
100,upi,0,NA,NA,NA,0
100,upi,0,NA,NA,NA,0
100,card,0,Mastercard,credit,HDFC,0
100,card,0,American Express,credit,IDFC First,0
100,card,0,Mastercard,credit,Canara Bank,0
100,card,0,RuPay,credit,Kotak Mahindra,0
100,netbanking,0,NA,NA,NA,1
100,upi,0,NA,NA,NA,0
100,upi,0,NA,NA,NA,0
100,upi,0,NA,NA,NA,0
100,upi,0,NA,NA,NA,0
100,card,0,Mastercard,debit,SBI,0
100,card,0,Visa,prepaid,Kotak Mahindra,0
100,card,0,Visa,credit,ICICI,0
100,card,0,RuPay,prepaid,HDFC,0
100,upi,0,NA,NA,NA,0
100,wallet,0,NA,NA,NA,0
100,card,0,Mastercard,debit,HDFC,0
100,wallet,0,NA,NA,NA,0
100,card,0,Visa,credit,Bank of Baroda,0
100,upi,0,NA,NA,NA,0
100,upi,0,NA,NA,NA,0
100,card,0,Visa,debit,ICICI,0
100,card,0,Mastercard,credit,IndusInd,1
100,card,0,Mastercard,debit,IndusInd,0
100,upi,0,NA,NA,NA,0
100,upi,0,NA,NA,NA,0
100,upi,0,NA,NA,NA,0
100,upi,0,NA,NA,NA,0
100,card,0,RuPay,credit,RBL,0
100,card,0,Mastercard,credit,HDFC,0
100,upi,0,NA,NA,NA,0
100,card,0,RuPay,debit,Axis,0
100,card,0,RuPay,credit,Bank of Baroda,1
100,card,0,Discover,debit,HDFC,0
100,emi,0,Discover,credit,Yes Bank,0
100,upi,0,NA,NA,NA,0
100,emi,0,Mastercard,debit,Kotak Mahindra,0
100,upi,0,NA,NA,NA,0
100,card,0,RuPay,credit,SBI,0
100,card,0,Mastercard,debit,Axis,0
100,upi,0,NA,NA,NA,0
100,emi,0,Mastercard,debit,SBI,0
100,card,0,RuPay,debit,Axis,0
100,upi,0,NA,NA,NA,0
100,card,0,Discover,credit,HDFC,0
100,upi,0,NA,NA,NA,0
100,upi,0,NA,NA,NA,0
100,upi,0,NA,NA,NA,0
100,netbanking,0,NA,NA,NA,0
100,upi,0,NA,NA,NA,0
100,upi,0,NA,NA,NA,0
100,wallet,0,NA,NA,NA,0
100,card,0,Mastercard,debit,HDFC,1
100,wallet,0,NA,NA,NA,0
100,upi,0,NA,NA,NA,0
100,upi,0,NA,NA,NA,0
100,upi,0,NA,NA,NA,0
100,upi,0,NA,NA,NA,0
100,emi,0,RuPay,credit,Axis,0
100,upi,0,NA,NA,NA,0
100,card,0,American Express,debit,Kotak Mahindra,0
100,upi,0,NA,NA,NA,1
100,card,0,RuPay,credit,Kotak Mahindra,0
100,wallet,0,NA,NA,NA,0
100,card,0,RuPay,credit,Bank of Baroda,1
100,emi,0,Mastercard,credit,Axis,0
100,card,0,Visa,credit,Indian Bank,0
100,upi,0,NA,NA,NA,0
100,emi,0,Mastercard,debit,ICICI,0
100,card,0,Mastercard,prepaid,HDFC,0
100,card,0,Visa,credit,Kotak Mahindra,0
100,upi,0,NA,NA,NA,0
100,pay later,0,NA,NA,NA,1
100,card,0,RuPay,debit,SBI,0
100,netbanking,0,NA,NA,NA,0
100,card,0,RuPay,credit,IndusInd,0
100,emi,0,Mastercard,credit,Kotak Mahindra,0
100,card,0,Mastercard,credit,SBI,0
100,netbanking,0,NA,NA,NA,0
100,emi,0,Visa,debit,SBI,1
100,pay later,0,NA,NA,NA,0
100,upi,0,NA,NA,NA,0
100,upi,0,NA,NA,NA,0
100,card,0,Diners,credit,Indian Bank,0
100,upi,0,NA,NA,NA,0
100,card,0,Diners,debit,RBL,1
100,card,0,RuPay,credit,ICICI,0
100,upi,0,NA,NA,NA,0
100,wallet,0,NA,NA,NA,0
100,upi,0,NA,NA,NA,0
100,upi,0,NA,NA,NA,1
100,netbanking,0,NA,NA,NA,0
100,wallet,0,NA,NA,NA,0
100,emi,0,Mastercard,credit,IDFC First,1
100,pay later,0,NA,NA,NA,0
100,upi,0,NA,NA,NA,0
100,upi,0,NA,NA,NA,0
100,card,0,Mastercard,credit,Federal Bank,0
100,upi,0,NA,NA,NA,0
100,emi,0,Visa,debit,SBI,0
100,card,0,Mastercard,credit,Bank of Baroda,0
100,wallet,0,NA,NA,NA,0
100,upi,0,NA,NA,NA,0
100,upi,0,NA,NA,NA,0
100,netbanking,0,NA,NA,NA,0
100,upi,0,NA,NA,NA,0
100,wallet,0,NA,NA,NA,0
100,card,0,RuPay,credit,Axis,0
100,upi,0,NA,NA,NA,0
100,card,0,Visa,debit,Yes Bank,0
100,emi,0,Mastercard,debit,IDFC First,0
100,netbanking,0,NA,NA,NA,0
100,netbanking,0,NA,NA,NA,0
100,upi,0,NA,NA,NA,0
100,card,0,RuPay,debit,IDFC First,0
100,upi,0,NA,NA,NA,0
100,card,0,American Express,debit,Punjab National Bank,0
100,upi,0,NA,NA,NA,0
100,wallet,0,NA,NA,NA,0
100,card,0,Visa,debit,SBI,0
100,card,0,Mastercard,credit,Bank of Baroda,0
100,card,0,RuPay,debit,HDFC,0
100,emi,0,Mastercard,debit,HDFC,0
100,card,0,Visa,credit,HDFC,1
100,netbanking,0,NA,NA,NA,0
100,emi,0,Visa,credit,HDFC,0
100,upi,0,NA,NA,NA,1
100,wallet,0,NA,NA,NA,0
100,card,0,Mastercard,debit,ICICI,0
100,upi,0,NA,NA,NA,0
100,upi,0,NA,NA,NA,0
100,upi,0,NA,NA,NA,0
100,card,0,American Express,credit,ICICI,0
100,card,0,RuPay,debit,HDFC,0
100,upi,0,NA,NA,NA,0
100,upi,0,NA,NA,NA,0
100,upi,0,NA,NA,NA,0
100,upi,0,NA,NA,NA,0
100,wallet,0,NA,NA,NA,0
100,pay later,0,NA,NA,NA,0
100,wallet,0,NA,NA,NA,0
100,pay later,0,NA,NA,NA,0
100,upi,0,NA,NA,NA,0
100,card,0,Visa,prepaid,Kotak Mahindra,0
100,pay later,0,NA,NA,NA,0
100,netbanking,0,NA,NA,NA,0
100,card,0,Visa,credit,ICICI,0
100,upi,0,NA,NA,NA,0
100,wallet,0,NA,NA,NA,0
100,upi,0,NA,NA,NA,0
100,card,0,Visa,credit,Union Bank,0
100,card,0,Mastercard,debit,Kotak Mahindra,0
100,upi,0,NA,NA,NA,0
100,upi,0,NA,NA,NA,0
100,emi,0,Visa,credit,RBL,0
100,netbanking,0,NA,NA,NA,0
100,upi,0,NA,NA,NA,0
100,pay later,0,NA,NA,NA,0
100,upi,0,NA,NA,NA,0
100,card,0,Visa,credit,IDFC First,0
100,upi,0,NA,NA,NA,0
100,card,0,American Express,debit,RBL,0
100,wallet,0,NA,NA,NA,0
100,netbanking,0,NA,NA,NA,0
100,card,0,Visa,credit,Canara Bank,0
100,wallet,0,NA,NA,NA,0
100,card,0,Visa,credit,HDFC,1
100,wallet,0,NA,NA,NA,0
100,emi,0,Visa,debit,Union Bank,0
100,card,0,Visa,credit,SBI,0
100,card,0,Mastercard,credit,IDFC First,0
100,card,0,Mastercard,debit,HDFC,0
100,card,0,Diners,debit,ICICI,0
100,netbanking,0,NA,NA,NA,0
100,netbanking,0,NA,NA,NA,0
100,emi,0,Diners,credit,HDFC,1
100,netbanking,0,NA,NA,NA,0
100,card,0,Mastercard,debit,IndusInd,0
100,emi,0,Diners,debit,Kotak Mahindra,0
100,upi,0,NA,NA,NA,0
100,upi,0,NA,NA,NA,0
100,upi,0,NA,NA,NA,0
100,card,0,American Express,debit,HDFC,0
100,upi,0,NA,NA,NA,0
100,upi,0,NA,NA,NA,0
100,upi,0,NA,NA,NA,0
100,upi,0,NA,NA,NA,0
100,netbanking,0,NA,NA,NA,0
100,card,0,RuPay,debit,Union Bank,0
100,upi,0,NA,NA,NA,0
100,upi,0,NA,NA,NA,0
100,upi,0,NA,NA,NA,0
100,upi,0,NA,NA,NA,0
100,upi,0,NA,NA,NA,0
100,upi,0,NA,NA,NA,0
100,pay later,0,NA,NA,NA,0
100,card,0,Mastercard,debit,IDFC First,0
100,netbanking,0,NA,NA,NA,0
100,card,0,Visa,credit,Canara Bank,0
100,upi,0,NA,NA,NA,0
100,upi,0,NA,NA,NA,0
100,netbanking,0,NA,NA,NA,0
100,netbanking,0,NA,NA,NA,0
100,card,0,Visa,credit,IndusInd,1
100,upi,0,NA,NA,NA,0
100,emi,0,RuPay,credit,HDFC,0
100,wallet,0,NA,NA,NA,0
100,card,0,Visa,credit,HDFC,0
100,card,0,Discover,debit,SBI,0
100,card,0,Discover,debit,Kotak Mahindra,0
100,upi,0,NA,NA,NA,0
100,card,0,RuPay,credit,HDFC,0
100,card,0,Visa,credit,Canara Bank,0
100,card,0,Diners,debit,Federal Bank,0
100,emi,0,Visa,credit,HDFC,1
100,netbanking,0,NA,NA,NA,0
100,upi,0,NA,NA,NA,0
100,wallet,0,NA,NA,NA,0
100,upi,0,NA,NA,NA,0
100,upi,0,NA,NA,NA,0
100,card,0,Mastercard,credit,Axis,0
100,card,0,American Express,debit,HDFC,0
100,upi,0,NA,NA,NA,0
100,card,0,Visa,debit,SBI,0
100,card,0,RuPay,debit,SBI,0
100,upi,0,NA,NA,NA,0
100,netbanking,0,NA,NA,NA,0
100,netbanking,0,NA,NA,NA,0
100,card,0,Visa,debit,ICICI,0
100,card,0,Visa,debit,Axis,1
100,wallet,0,NA,NA,NA,0
100,upi,0,NA,NA,NA,0
100,upi,0,NA,NA,NA,0
100,card,0,Visa,credit,Axis,0
100,netbanking,0,NA,NA,NA,0
100,card,0,Visa,credit,HDFC,0
100,emi,0,Visa,credit,SBI,0
100,upi,0,NA,NA,NA,0
100,card,0,Mastercard,debit,IndusInd,0
100,upi,0,NA,NA,NA,1
100,card,0,Mastercard,credit,SBI,0
100,card,0,RuPay,debit,RBL,0
100,card,0,American Express,credit,SBI,0
100,wallet,0,NA,NA,NA,0
100,upi,0,NA,NA,NA,0
100,upi,0,NA,NA,NA,0
100,netbanking,0,NA,NA,NA,0
100,upi,0,NA,NA,NA,0
100,emi,0,Visa,debit,Federal Bank,1
100,upi,0,NA,NA,NA,0
100,emi,0,Visa,debit,Axis,0
100,pay later,0,NA,NA,NA,0
100,upi,0,NA,NA,NA,1
100,emi,0,Mastercard,debit,ICICI,0
100,card,0,Diners,credit,Union Bank,0
100,card,0,RuPay,credit,HDFC,0
100,upi,0,NA,NA,NA,0
100,card,0,RuPay,debit,ICICI,0
100,upi,0,NA,NA,NA,0
100,upi,0,NA,NA,NA,0
100,netbanking,0,NA,NA,NA,0
100,upi,0,NA,NA,NA,0
100,wallet,0,NA,NA,NA,0
100,upi,0,NA,NA,NA,0
100,card,0,Mastercard,credit,Union Bank,0
100,card,0,RuPay,debit,SBI,0
100,netbanking,0,NA,NA,NA,0
100,upi,0,NA,NA,NA,0
100,pay later,0,NA,NA,NA,0
100,card,0,Diners,debit,HDFC,0
100,upi,0,NA,NA,NA,0
100,card,0,Mastercard,debit,Kotak Mahindra,0
100,card,0,Discover,credit,HDFC,0
100,card,0,Mastercard,debit,SBI,0
100,netbanking,0,NA,NA,NA,0
100,upi,0,NA,NA,NA,0
100,netbanking,0,NA,NA,NA,1
100,emi,0,Visa,credit,SBI,0
100,upi,0,NA,NA,NA,0
100,upi,0,NA,NA,NA,0
100,card,0,Mastercard,credit,ICICI,0
100,emi,0,Visa,credit,Axis,1
100,upi,0,NA,NA,NA,0
100,wallet,0,NA,NA,NA,0
100,upi,0,NA,NA,NA,0
100,card,0,Visa,debit,RBL,0
100,upi,0,NA,NA,NA,0
100,pay later,0,NA,NA,NA,0
100,card,0,American Express,debit,ICICI,0
100,upi,0,NA,NA,NA,0
100,pay later,0,NA,NA,NA,0
100,netbanking,0,NA,NA,NA,1
100,netbanking,0,NA,NA,NA,0
100,upi,0,NA,NA,NA,0
100,upi,0,NA,NA,NA,0
100,upi,0,NA,NA,NA,0
100,card,0,RuPay,credit,Federal Bank,0
100,netbanking,0,NA,NA,NA,0
100,emi,0,Visa,credit,HDFC,0
100,upi,0,NA,NA,NA,0
100,card,0,Visa,credit,Punjab National Bank,0
100,upi,0,NA,NA,NA,0
100,card,0,American Express,prepaid,Axis,0
100,card,0,Mastercard,credit,Bank of Baroda,0
100,wallet,0,NA,NA,NA,0
100,wallet,0,NA,NA,NA,0
100,card,0,American Express,debit,IndusInd,0
100,wallet,0,NA,NA,NA,0
100,wallet,0,NA,NA,NA,0
100,upi,0,NA,NA,NA,0
100,netbanking,0,NA,NA,NA,0
100,emi,0,Mastercard,credit,Canara Bank,0
100,wallet,0,NA,NA,NA,0
100,emi,0,Mastercard,debit,IDFC First,0
100,card,0,Mastercard,credit,RBL,0
100,emi,0,Mastercard,credit,ICICI,0
100,pay later,0,NA,NA,NA,0
100,emi,0,Visa,credit,SBI,1
100,upi,0,NA,NA,NA,0
100,pay later,0,NA,NA,NA,0
100,card,0,Mastercard,debit,IDFC First,0
100,card,0,American Express,credit,SBI,0
100,upi,0,NA,NA,NA,0
100,netbanking,0,NA,NA,NA,0
100,upi,0,NA,NA,NA,0
100,emi,0,Visa,debit,SBI,0
100,card,0,Visa,credit,Axis,0
100,upi,0,NA,NA,NA,0
100,card,0,RuPay,credit,Canara Bank,0
100,netbanking,0,NA,NA,NA,0
100,upi,0,NA,NA,NA,0
100,wallet,0,NA,NA,NA,1
100,netbanking,0,NA,NA,NA,0
100,upi,0,NA,NA,NA,0
100,card,0,RuPay,credit,Kotak Mahindra,0
100,upi,0,NA,NA,NA,0
100,card,0,Diners,debit,Federal Bank,0
100,card,0,Visa,credit,SBI,0
100,netbanking,0,NA,NA,NA,0
100,upi,0,NA,NA,NA,0
100,card,0,RuPay,credit,ICICI,0
100,upi,0,NA,NA,NA,0
100,emi,0,Visa,debit,Axis,0
100,upi,0,NA,NA,NA,0
100,upi,0,NA,NA,NA,0
100,card,0,American Express,debit,Indian Bank,0
100,netbanking,0,NA,NA,NA,0
100,upi,0,NA,NA,NA,0
100,wallet,0,NA,NA,NA,0
100,upi,0,NA,NA,NA,0
100,wallet,0,NA,NA,NA,0
100,emi,0,Mastercard,credit,Axis,0
100,card,0,Discover,debit,Bank of Baroda,0
100,wallet,0,NA,NA,NA,0
100,wallet,0,NA,NA,NA,0
100,card,0,Visa,credit,RBL,0
100,netbanking,0,NA,NA,NA,0
100,upi,0,NA,NA,NA,0
100,card,0,Visa,credit,Union Bank,0
100,upi,0,NA,NA,NA,0
100,card,0,Mastercard,credit,IDFC First,0
100,upi,0,NA,NA,NA,0
100,card,0,Visa,credit,ICICI,0
100,pay later,0,NA,NA,NA,0
100,card,0,Mastercard,credit,ICICI,0
100,card,0,RuPay,credit,HDFC,0
100,card,0,Visa,credit,Kotak Mahindra,0
100,card,0,Visa,credit,SBI,0
100,netbanking,0,NA,NA,NA,0
100,upi,0,NA,NA,NA,0
100,card,0,American Express,debit,Kotak Mahindra,0
100,upi,0,NA,NA,NA,0
100,upi,0,NA,NA,NA,0
100,card,0,Mastercard,debit,Axis,0
100,netbanking,0,NA,NA,NA,1
100,card,0,Mastercard,credit,HDFC,0
100,pay later,0,NA,NA,NA,0
100,card,0,Mastercard,credit,SBI,0
100,card,0,American Express,debit,SBI,0
100,card,0,Visa,debit,SBI,0
100,upi,0,NA,NA,NA,0
100,upi,0,NA,NA,NA,0
100,upi,0,NA,NA,NA,0
100,card,0,RuPay,debit,SBI,0
100,upi,0,NA,NA,NA,0
100,netbanking,0,NA,NA,NA,0
100,pay later,0,NA,NA,NA,0
100,upi,0,NA,NA,NA,0
100,card,0,Mastercard,credit,HDFC,0
100,emi,0,RuPay,credit,SBI,0
100,card,0,Visa,debit,ICICI,0
100,upi,0,NA,NA,NA,0
100,netbanking,0,NA,NA,NA,0
100,emi,0,Visa,debit,Canara Bank,0
100,upi,0,NA,NA,NA,0
100,card,0,RuPay,credit,ICICI,0
100,upi,0,NA,NA,NA,0
100,upi,0,NA,NA,NA,0
100,emi,0,Discover,debit,Kotak Mahindra,0
100,upi,0,NA,NA,NA,0
100,card,0,Visa,credit,ICICI,0
100,upi,0,NA,NA,NA,1
100,upi,0,NA,NA,NA,0
100,upi,0,NA,NA,NA,0
100,upi,0,NA,NA,NA,0
100,upi,0,NA,NA,NA,0
100,card,0,Visa,debit,ICICI,0
100,upi,0,NA,NA,NA,0
100,upi,0,NA,NA,NA,0
100,upi,0,NA,NA,NA,1
100,pay later,0,NA,NA,NA,0
100,upi,0,NA,NA,NA,0
100,card,0,Visa,credit,ICICI,0
100,wallet,0,NA,NA,NA,0
100,upi,0,NA,NA,NA,0
100,card,0,Visa,debit,ICICI,0
100,upi,0,NA,NA,NA,0
100,card,0,Visa,debit,SBI,0
100,upi,0,NA,NA,NA,0
100,upi,0,NA,NA,NA,0
100,card,0,Mastercard,credit,ICICI,0
100,pay later,0,NA,NA,NA,0
100,card,0,Visa,credit,HDFC,0
100,upi,0,NA,NA,NA,0
100,netbanking,0,NA,NA,NA,0
100,netbanking,0,NA,NA,NA,0
100,card,0,Visa,debit,Axis,0
100,emi,0,Visa,credit,Federal Bank,0
100,card,0,Visa,debit,Bank of Baroda,0
100,emi,0,Discover,credit,RBL,0
100,upi,0,NA,NA,NA,0
100,emi,0,RuPay,credit,IndusInd,0
100,card,0,RuPay,credit,SBI,0
100,card,0,RuPay,credit,Yes Bank,0
100,card,0,Visa,credit,SBI,0
100,wallet,0,NA,NA,NA,0
100,card,0,Diners,credit,ICICI,0
100,card,0,Visa,debit,SBI,0
100,upi,0,NA,NA,NA,0
100,netbanking,0,NA,NA,NA,0
100,emi,0,Visa,credit,Kotak Mahindra,0
100,card,0,RuPay,debit,Yes Bank,0
100,emi,0,RuPay,prepaid,ICICI,0
100,card,0,Diners,debit,Kotak Mahindra,0
100,upi,0,NA,NA,NA,0
100,card,0,Visa,debit,Federal Bank,0
100,card,0,Visa,credit,Yes Bank,0
100,upi,0,NA,NA,NA,0
100,card,0,Discover,credit,Bank of Baroda,0
100,upi,0,NA,NA,NA,0
100,upi,0,NA,NA,NA,0
100,upi,0,NA,NA,NA,0
100,card,0,RuPay,credit,SBI,0
100,upi,0,NA,NA,NA,0
100,upi,0,NA,NA,NA,0
100,netbanking,0,NA,NA,NA,0
100,wallet,0,NA,NA,NA,0
100,upi,0,NA,NA,NA,0
100,netbanking,0,NA,NA,NA,0
100,emi,0,Visa,credit,ICICI,0
100,upi,0,NA,NA,NA,0
100,card,0,Mastercard,debit,ICICI,0
100,pay later,0,NA,NA,NA,0
100,upi,0,NA,NA,NA,0
100,wallet,0,NA,NA,NA,0
100,card,0,Visa,credit,Kotak Mahindra,1
100,upi,0,NA,NA,NA,0
100,emi,0,Mastercard,debit,HDFC,1
100,pay later,0,NA,NA,NA,0
100,card,0,Visa,credit,HDFC,0
100,upi,0,NA,NA,NA,0
100,upi,0,NA,NA,NA,0
100,upi,0,NA,NA,NA,0
100,card,0,RuPay,credit,Bank of Baroda,0
100,emi,0,Visa,debit,RBL,0
100,upi,0,NA,NA,NA,0
100,upi,0,NA,NA,NA,0
100,pay later,0,NA,NA,NA,0
100,upi,0,NA,NA,NA,0
100,card,0,Diners,credit,HDFC,0
100,upi,0,NA,NA,NA,0
100,card,0,Discover,credit,Yes Bank,0
100,card,0,RuPay,debit,ICICI,0
100,card,0,Visa,credit,HDFC,0
100,emi,0,Visa,credit,SBI,0
100,card,0,Visa,debit,HDFC,0
100,card,0,RuPay,debit,IndusInd,0
100,card,0,RuPay,debit,Federal Bank,0
100,upi,0,NA,NA,NA,0
100,wallet,0,NA,NA,NA,0
100,upi,0,NA,NA,NA,0
100,pay later,0,NA,NA,NA,0
100,upi,0,NA,NA,NA,0
100,netbanking,0,NA,NA,NA,0
100,card,0,Mastercard,credit,HDFC,0
100,upi,0,NA,NA,NA,0
100,upi,0,NA,NA,NA,1
100,card,0,Discover,credit,ICICI,0
100,card,0,Mastercard,debit,Punjab National Bank,0
100,card,0,RuPay,credit,HDFC,0
100,card,0,Visa,credit,Yes Bank,0
100,upi,0,NA,NA,NA,0
100,upi,0,NA,NA,NA,0
100,card,0,Mastercard,prepaid,Bank of Baroda,0
100,card,0,Mastercard,credit,IDFC First,0
100,upi,0,NA,NA,NA,1
100,upi,0,NA,NA,NA,0
100,upi,0,NA,NA,NA,0
100,wallet,0,NA,NA,NA,0
100,card,0,Mastercard,debit,HDFC,0
100,wallet,0,NA,NA,NA,0
100,card,0,American Express,credit,Yes Bank,0
100,pay later,0,NA,NA,NA,1
100,emi,0,RuPay,prepaid,SBI,0
100,netbanking,0,NA,NA,NA,0
100,upi,0,NA,NA,NA,0
100,upi,0,NA,NA,NA,0
100,card,0,Visa,credit,RBL,0
100,emi,0,Visa,debit,ICICI,0
100,upi,0,NA,NA,NA,0
100,emi,0,Visa,debit,SBI,0
100,card,0,Visa,credit,HDFC,0
100,wallet,0,NA,NA,NA,0
100,emi,0,Diners,credit,HDFC,0
100,card,0,Visa,credit,HDFC,0
100,upi,0,NA,NA,NA,0
100,upi,0,NA,NA,NA,0
100,upi,0,NA,NA,NA,0
100,card,0,American Express,debit,Yes Bank,0
100,pay later,0,NA,NA,NA,0
100,upi,0,NA,NA,NA,0
100,card,0,Discover,credit,ICICI,0
100,upi,0,NA,NA,NA,0
100,netbanking,0,NA,NA,NA,0
100,netbanking,0,NA,NA,NA,1
100,upi,0,NA,NA,NA,0
100,upi,0,NA,NA,NA,0
100,card,0,Diners,debit,Indian Bank,0
100,emi,0,Visa,credit,HDFC,0
100,upi,0,NA,NA,NA,0
100,card,0,American Express,debit,HDFC,0
100,card,0,RuPay,debit,RBL,0
100,upi,0,NA,NA,NA,0
100,card,0,Visa,debit,Punjab National Bank,0
100,upi,0,NA,NA,NA,0
100,wallet,0,NA,NA,NA,0
100,card,0,Discover,credit,Indian Bank,1
100,upi,0,NA,NA,NA,0
100,upi,0,NA,NA,NA,0
100,netbanking,0,NA,NA,NA,0
100,netbanking,0,NA,NA,NA,0
100,wallet,0,NA,NA,NA,0
100,emi,0,Diners,credit,Axis,0
100,emi,0,Visa,credit,Canara Bank,0
100,upi,0,NA,NA,NA,0
100,upi,0,NA,NA,NA,0
100,emi,0,Mastercard,credit,Kotak Mahindra,0
100,upi,0,NA,NA,NA,0
100,emi,0,Discover,credit,Yes Bank,0
100,upi,0,NA,NA,NA,0
100,upi,0,NA,NA,NA,0
100,upi,0,NA,NA,NA,0
100,upi,0,NA,NA,NA,0
100,card,0,Visa,credit,IDFC First,0
100,card,0,Discover,credit,IndusInd,0
100,card,0,Diners,debit,HDFC,0
100,upi,0,NA,NA,NA,0
100,card,0,Diners,debit,Bank of Baroda,1
100,upi,0,NA,NA,NA,0
100,pay later,0,NA,NA,NA,0
100,card,0,Visa,credit,Kotak Mahindra,0
100,upi,0,NA,NA,NA,0
100,upi,0,NA,NA,NA,0
100,upi,0,NA,NA,NA,0
100,pay later,0,NA,NA,NA,0
100,wallet,0,NA,NA,NA,0
100,emi,0,Mastercard,debit,SBI,0
100,emi,0,Visa,debit,Canara Bank,0
100,upi,0,NA,NA,NA,1
100,pay later,0,NA,NA,NA,0
100,pay later,0,NA,NA,NA,1
100,card,0,Diners,credit,HDFC,1
100,upi,0,NA,NA,NA,0
100,card,0,Visa,credit,ICICI,0
100,netbanking,0,NA,NA,NA,0
100,netbanking,0,NA,NA,NA,0
100,pay later,0,NA,NA,NA,1
100,upi,0,NA,NA,NA,1
100,upi,0,NA,NA,NA,0
100,netbanking,0,NA,NA,NA,0
100,netbanking,0,NA,NA,NA,1
100,wallet,0,NA,NA,NA,0
100,wallet,0,NA,NA,NA,1
100,upi,0,NA,NA,NA,0
100,upi,0,NA,NA,NA,0
100,card,0,Visa,credit,Yes Bank,0
100,netbanking,0,NA,NA,NA,0
100,card,0,Mastercard,debit,HDFC,0
100,netbanking,0,NA,NA,NA,0
100,card,0,Diners,debit,HDFC,0
100,wallet,0,NA,NA,NA,1
100,upi,0,NA,NA,NA,0
100,upi,0,NA,NA,NA,1
100,upi,0,NA,NA,NA,0
100,wallet,0,NA,NA,NA,0
100,netbanking,0,NA,NA,NA,0
100,wallet,0,NA,NA,NA,0
100,upi,0,NA,NA,NA,0
100,card,0,Visa,credit,HDFC,0
100,pay later,0,NA,NA,NA,1
100,upi,0,NA,NA,NA,0
100,card,0,RuPay,debit,SBI,0
100,upi,0,NA,NA,NA,0
100,card,0,Diners,debit,ICICI,0
100,netbanking,0,NA,NA,NA,0
100,emi,0,Mastercard,credit,HDFC,0
100,card,0,RuPay,credit,HDFC,0
100,card,0,Visa,credit,Yes Bank,0
100,upi,0,NA,NA,NA,0
100,pay later,0,NA,NA,NA,0
100,wallet,0,NA,NA,NA,0
100,card,0,Discover,credit,SBI,1
100,pay later,0,NA,NA,NA,0
100,card,0,Mastercard,debit,Axis,0
100,card,0,Visa,debit,ICICI,1
100,upi,0,NA,NA,NA,0
100,upi,0,NA,NA,NA,0
100,card,0,Mastercard,credit,Bank of Baroda,0
100,netbanking,0,NA,NA,NA,0
100,upi,0,NA,NA,NA,1
100,pay later,0,NA,NA,NA,0
100,card,0,Visa,credit,Kotak Mahindra,0
100,netbanking,0,NA,NA,NA,0
100,netbanking,0,NA,NA,NA,0
100,upi,0,NA,NA,NA,0
100,upi,0,NA,NA,NA,0
100,upi,0,NA,NA,NA,0
100,card,0,American Express,debit,Kotak Mahindra,0
100,upi,0,NA,NA,NA,0
100,upi,0,NA,NA,NA,0
100,emi,0,RuPay,debit,Kotak Mahindra,0
100,upi,0,NA,NA,NA,0
100,wallet,0,NA,NA,NA,0
100,netbanking,0,NA,NA,NA,1
100,card,0,Mastercard,credit,Yes Bank,0
100,upi,0,NA,NA,NA,0
100,wallet,0,NA,NA,NA,0
100,card,0,Mastercard,debit,Kotak Mahindra,0
100,emi,0,Mastercard,debit,Axis,0
100,card,0,Visa,debit,Kotak Mahindra,0
100,upi,0,NA,NA,NA,0
100,upi,0,NA,NA,NA,0
100,netbanking,0,NA,NA,NA,0
100,card,0,Visa,credit,SBI,0
100,wallet,0,NA,NA,NA,0
100,card,0,RuPay,credit,Canara Bank,0
100,card,0,American Express,credit,ICICI,1
100,upi,0,NA,NA,NA,0
100,card,0,Diners,debit,Canara Bank,0
100,wallet,0,NA,NA,NA,0
100,card,0,Mastercard,credit,Axis,0
100,wallet,0,NA,NA,NA,0
100,upi,0,NA,NA,NA,0
100,upi,0,NA,NA,NA,0
100,card,0,Mastercard,credit,IndusInd,0
100,card,0,RuPay,credit,Axis,0
100,card,0,Discover,debit,Axis,0
100,card,0,RuPay,credit,ICICI,0
100,card,0,Visa,credit,ICICI,0
100,upi,0,NA,NA,NA,0
100,emi,0,Visa,debit,Union Bank,0
100,card,0,Mastercard,debit,Kotak Mahindra,0
100,upi,0,NA,NA,NA,0
100,card,0,Diners,credit,SBI,0
100,card,0,RuPay,credit,IndusInd,0
100,card,0,Mastercard,debit,Federal Bank,0
100,card,0,Visa,debit,Bank of Baroda,0
100,upi,0,NA,NA,NA,0
100,upi,0,NA,NA,NA,0
100,netbanking,0,NA,NA,NA,0
100,upi,0,NA,NA,NA,0
100,card,0,Visa,debit,Federal Bank,1
100,card,0,Mastercard,debit,Bank of Baroda,1
100,pay later,0,NA,NA,NA,0
100,card,0,Mastercard,credit,HDFC,0
100,upi,0,NA,NA,NA,0
100,card,0,Mastercard,debit,RBL,0
100,upi,0,NA,NA,NA,0
100,wallet,0,NA,NA,NA,0
100,upi,0,NA,NA,NA,0
100,wallet,0,NA,NA,NA,0
100,card,0,Discover,debit,Union Bank,0
100,upi,0,NA,NA,NA,0
100,upi,0,NA,NA,NA,0
100,card,0,Visa,credit,SBI,0
100,emi,0,Mastercard,debit,Axis,1
100,upi,0,NA,NA,NA,0
100,pay later,0,NA,NA,NA,0
100,upi,0,NA,NA,NA,0
100,emi,0,RuPay,debit,Yes Bank,0
100,upi,0,NA,NA,NA,0
100,card,0,Visa,credit,ICICI,0
100,wallet,0,NA,NA,NA,0
100,card,0,Mastercard,credit,ICICI,0
100,pay later,0,NA,NA,NA,0
100,upi,0,NA,NA,NA,0
100,card,0,RuPay,credit,ICICI,0
100,card,0,Diners,debit,IDFC First,0
100,card,0,Mastercard,debit,HDFC,0
100,emi,0,RuPay,credit,SBI,1
100,upi,0,NA,NA,NA,0
100,wallet,0,NA,NA,NA,0
100,card,0,RuPay,debit,IDFC First,0
100,upi,0,NA,NA,NA,0
100,card,0,Mastercard,debit,ICICI,0
100,card,0,Mastercard,credit,HDFC,0
100,upi,0,NA,NA,NA,0
100,upi,0,NA,NA,NA,0
100,wallet,0,NA,NA,NA,0
100,upi,0,NA,NA,NA,0
100,upi,0,NA,NA,NA,0
100,upi,0,NA,NA,NA,1
100,netbanking,0,NA,NA,NA,0
100,upi,0,NA,NA,NA,0
100,wallet,0,NA,NA,NA,0
100,upi,0,NA,NA,NA,0
100,emi,0,Mastercard,credit,HDFC,1
100,upi,0,NA,NA,NA,0
100,card,0,RuPay,credit,Canara Bank,0
100,pay later,0,NA,NA,NA,0
100,upi,0,NA,NA,NA,0
100,upi,0,NA,NA,NA,0
100,pay later,0,NA,NA,NA,0
100,upi,0,NA,NA,NA,0
100,netbanking,0,NA,NA,NA,0
100,emi,0,American Express,debit,Yes Bank,0
100,netbanking,0,NA,NA,NA,0
100,netbanking,0,NA,NA,NA,0
100,pay later,0,NA,NA,NA,1
100,upi,0,NA,NA,NA,0
100,upi,0,NA,NA,NA,0
100,upi,0,NA,NA,NA,0
100,card,0,Mastercard,debit,Canara Bank,0
100,pay later,0,NA,NA,NA,0
100,upi,0,NA,NA,NA,0
100,pay later,0,NA,NA,NA,0
100,emi,0,Mastercard,debit,HDFC,0
100,upi,0,NA,NA,NA,0
100,emi,0,Visa,credit,Axis,0
100,pay later,0,NA,NA,NA,0
100,upi,0,NA,NA,NA,0
100,upi,0,NA,NA,NA,0
100,pay later,0,NA,NA,NA,0
100,netbanking,0,NA,NA,NA,1
100,upi,0,NA,NA,NA,0
100,card,0,Mastercard,credit,Punjab National Bank,0
100,upi,0,NA,NA,NA,0
100,card,0,Visa,credit,RBL,0
100,upi,0,NA,NA,NA,0
100,netbanking,0,NA,NA,NA,1
100,upi,0,NA,NA,NA,0
100,card,0,Diners,debit,Indian Bank,0
100,upi,0,NA,NA,NA,0
100,upi,0,NA,NA,NA,0
100,emi,0,RuPay,debit,Axis,0
100,card,0,Mastercard,debit,IDFC First,0
100,netbanking,0,NA,NA,NA,0
100,card,0,RuPay,debit,Union Bank,0
100,netbanking,0,NA,NA,NA,0
100,card,0,Mastercard,debit,IndusInd,0
100,upi,0,NA,NA,NA,0
100,card,0,Mastercard,credit,ICICI,0
100,card,0,Diners,credit,ICICI,0
100,pay later,0,NA,NA,NA,0
100,pay later,0,NA,NA,NA,1
100,card,0,Visa,debit,Union Bank,0
100,card,0,American Express,debit,Union Bank,1
100,card,0,Mastercard,credit,HDFC,1
100,netbanking,0,NA,NA,NA,0
100,upi,0,NA,NA,NA,0
100,card,0,Visa,credit,Bank of Baroda,0
100,upi,0,NA,NA,NA,0
100,upi,0,NA,NA,NA,0
100,upi,0,NA,NA,NA,0
100,netbanking,0,NA,NA,NA,0
100,upi,0,NA,NA,NA,0
100,pay later,0,NA,NA,NA,1
100,card,0,Mastercard,credit,Axis,0
100,upi,0,NA,NA,NA,0
100,upi,0,NA,NA,NA,0
100,pay later,0,NA,NA,NA,0
100,netbanking,0,NA,NA,NA,1
100,card,0,American Express,credit,Bank of Baroda,0
100,upi,0,NA,NA,NA,0
100,upi,0,NA,NA,NA,0
100,card,0,Visa,debit,ICICI,0
100,netbanking,0,NA,NA,NA,0
100,card,0,Mastercard,debit,Kotak Mahindra,0
100,upi,0,NA,NA,NA,0
100,upi,0,NA,NA,NA,0
100,card,0,Discover,credit,SBI,0
100,upi,0,NA,NA,NA,0
100,upi,0,NA,NA,NA,0
100,netbanking,0,NA,NA,NA,0
100,upi,0,NA,NA,NA,0
100,card,0,Visa,credit,HDFC,0
100,upi,0,NA,NA,NA,0
100,upi,0,NA,NA,NA,0
100,wallet,0,NA,NA,NA,0
100,netbanking,0,NA,NA,NA,0
100,card,0,Mastercard,debit,IndusInd,0
100,upi,0,NA,NA,NA,0
100,upi,0,NA,NA,NA,0
100,upi,0,NA,NA,NA,0
100,upi,0,NA,NA,NA,0
100,card,0,Mastercard,credit,IDFC First,0
100,pay later,0,NA,NA,NA,0
100,upi,0,NA,NA,NA,0
100,upi,0,NA,NA,NA,0
100,pay later,0,NA,NA,NA,0
100,emi,0,Visa,credit,Axis,0
100,card,0,Mastercard,debit,SBI,0
100,wallet,0,NA,NA,NA,0
100,wallet,0,NA,NA,NA,0
100,card,0,RuPay,debit,ICICI,0
100,card,0,Visa,debit,HDFC,0
100,card,0,Discover,debit,Axis,0
100,netbanking,0,NA,NA,NA,0
100,upi,0,NA,NA,NA,0
100,card,0,RuPay,credit,HDFC,0
100,upi,0,NA,NA,NA,0
100,upi,0,NA,NA,NA,0
100,netbanking,0,NA,NA,NA,0
100,netbanking,0,NA,NA,NA,0
100,upi,0,NA,NA,NA,0
100,wallet,0,NA,NA,NA,0
100,upi,0,NA,NA,NA,1
100,card,0,RuPay,credit,ICICI,0
100,card,0,Diners,debit,Kotak Mahindra,1
100,pay later,0,NA,NA,NA,0
100,wallet,0,NA,NA,NA,0
100,card,0,Mastercard,prepaid,ICICI,0
100,pay later,0,NA,NA,NA,0
100,card,0,Visa,credit,Yes Bank,0
100,netbanking,0,NA,NA,NA,0
100,upi,0,NA,NA,NA,1
100,upi,0,NA,NA,NA,0
100,upi,0,NA,NA,NA,0
100,wallet,0,NA,NA,NA,0
100,card,0,RuPay,credit,Kotak Mahindra,1
100,upi,0,NA,NA,NA,0
100,card,0,Diners,credit,Yes Bank,0
100,wallet,0,NA,NA,NA,0
100,pay later,0,NA,NA,NA,0
100,upi,0,NA,NA,NA,0
100,upi,0,NA,NA,NA,0
100,netbanking,0,NA,NA,NA,0
100,card,0,Mastercard,credit,IndusInd,0
100,emi,0,Mastercard,debit,Axis,0
100,wallet,0,NA,NA,NA,0
100,card,0,Visa,credit,SBI,0
100,pay later,0,NA,NA,NA,0
100,emi,0,RuPay,debit,IndusInd,0
100,upi,0,NA,NA,NA,0
100,card,0,RuPay,credit,Canara Bank,0
100,netbanking,0,NA,NA,NA,0
100,upi,0,NA,NA,NA,0
100,upi,0,NA,NA,NA,1
100,upi,0,NA,NA,NA,0
100,upi,0,NA,NA,NA,1
100,upi,0,NA,NA,NA,0
100,netbanking,0,NA,NA,NA,0
100,upi,0,NA,NA,NA,0
100,card,0,Visa,debit,Canara Bank,0
100,upi,0,NA,NA,NA,0
100,upi,0,NA,NA,NA,0
100,card,0,Visa,debit,IndusInd,0
100,upi,0,NA,NA,NA,0
100,pay later,0,NA,NA,NA,0
100,wallet,0,NA,NA,NA,0
100,upi,0,NA,NA,NA,0
100,emi,0,RuPay,credit,IDFC First,0
100,upi,0,NA,NA,NA,0
100,wallet,0,NA,NA,NA,0
100,card,0,Mastercard,credit,HDFC,0
100,upi,0,NA,NA,NA,0
100,netbanking,0,NA,NA,NA,0
100,wallet,0,NA,NA,NA,0
100,wallet,0,NA,NA,NA,0
100,emi,0,Visa,credit,IndusInd,0
100,card,0,Visa,debit,IndusInd,0
100,upi,0,NA,NA,NA,0
100,netbanking,0,NA,NA,NA,1
100,card,0,Visa,debit,Canara Bank,0
100,netbanking,0,NA,NA,NA,0
100,upi,0,NA,NA,NA,0
100,netbanking,0,NA,NA,NA,0
100,card,0,Visa,debit,SBI,0
100,upi,0,NA,NA,NA,0
100,card,0,Visa,debit,ICICI,0
100,netbanking,0,NA,NA,NA,1
100,netbanking,0,NA,NA,NA,0
100,netbanking,0,NA,NA,NA,0
100,card,0,Mastercard,credit,SBI,0
100,upi,0,NA,NA,NA,0
100,upi,0,NA,NA,NA,0
100,netbanking,0,NA,NA,NA,1
100,card,0,RuPay,credit,Kotak Mahindra,0
100,card,0,Visa,debit,SBI,0
100,card,0,Mastercard,credit,SBI,0
100,upi,0,NA,NA,NA,0
100,upi,0,NA,NA,NA,0
100,card,0,RuPay,debit,HDFC,0
100,card,0,Visa,credit,SBI,0
100,card,0,Visa,debit,Yes Bank,0
100,upi,0,NA,NA,NA,0
100,card,0,Discover,credit,Kotak Mahindra,1
100,netbanking,0,NA,NA,NA,0
100,pay later,0,NA,NA,NA,0
100,upi,0,NA,NA,NA,0
100,emi,0,Mastercard,debit,Axis,0
100,upi,0,NA,NA,NA,0
100,upi,0,NA,NA,NA,0
100,emi,0,Visa,debit,Axis,0
100,card,0,Mastercard,debit,ICICI,0
100,emi,0,RuPay,credit,ICICI,0
100,card,0,Visa,debit,Axis,0
100,emi,0,Visa,credit,SBI,0
100,card,0,American Express,credit,ICICI,0
100,upi,0,NA,NA,NA,0
100,upi,0,NA,NA,NA,0
100,upi,0,NA,NA,NA,0
100,upi,0,NA,NA,NA,0
100,card,0,Mastercard,debit,IDFC First,0
100,pay later,0,NA,NA,NA,0
100,upi,0,NA,NA,NA,0
100,wallet,0,NA,NA,NA,0
100,upi,0,NA,NA,NA,0
100,card,0,Diners,credit,IDFC First,0
100,card,0,Mastercard,credit,HDFC,0
100,upi,0,NA,NA,NA,0
100,netbanking,0,NA,NA,NA,1
100,wallet,0,NA,NA,NA,0
100,card,0,Visa,debit,ICICI,0
100,upi,0,NA,NA,NA,0
100,upi,0,NA,NA,NA,0
100,upi,0,NA,NA,NA,0
100,upi,0,NA,NA,NA,0
100,wallet,0,NA,NA,NA,0
100,upi,0,NA,NA,NA,0
100,card,0,American Express,credit,Federal Bank,0
100,upi,0,NA,NA,NA,0
100,upi,0,NA,NA,NA,0
100,upi,0,NA,NA,NA,0
100,emi,0,Mastercard,debit,SBI,0
100,card,0,Visa,debit,Axis,0
100,upi,0,NA,NA,NA,0
100,upi,0,NA,NA,NA,0
100,netbanking,0,NA,NA,NA,0
100,card,0,Mastercard,credit,Bank of Baroda,0
100,upi,0,NA,NA,NA,0
100,card,0,Mastercard,credit,HDFC,1
100,upi,0,NA,NA,NA,0
100,upi,0,NA,NA,NA,0
100,card,0,Mastercard,credit,IndusInd,0
100,wallet,0,NA,NA,NA,0
100,netbanking,0,NA,NA,NA,0
100,card,0,RuPay,credit,Canara Bank,0
100,upi,0,NA,NA,NA,0
100,card,0,RuPay,credit,Kotak Mahindra,0
100,upi,0,NA,NA,NA,0
100,upi,0,NA,NA,NA,0
100,card,0,Visa,prepaid,Kotak Mahindra,0
100,upi,0,NA,NA,NA,1
100,netbanking,0,NA,NA,NA,0
100,upi,0,NA,NA,NA,0
100,wallet,0,NA,NA,NA,0
100,wallet,0,NA,NA,NA,0
100,card,0,Visa,debit,IndusInd,0
100,card,0,RuPay,debit,HDFC,0
100,pay later,0,NA,NA,NA,0
100,card,0,Mastercard,debit,IDFC First,0
100,upi,0,NA,NA,NA,0
100,wallet,0,NA,NA,NA,0
100,upi,0,NA,NA,NA,0
100,upi,0,NA,NA,NA,0
100,upi,0,NA,NA,NA,0
100,netbanking,0,NA,NA,NA,0
100,upi,0,NA,NA,NA,1
100,upi,0,NA,NA,NA,0
100,upi,0,NA,NA,NA,0
100,card,0,Visa,debit,IDFC First,0
100,netbanking,0,NA,NA,NA,0
100,wallet,0,NA,NA,NA,0
100,netbanking,0,NA,NA,NA,0
100,upi,0,NA,NA,NA,0
100,pay later,0,NA,NA,NA,0
100,pay later,0,NA,NA,NA,1
100,emi,0,RuPay,prepaid,HDFC,0
100,card,0,American Express,debit,IndusInd,0
100,upi,0,NA,NA,NA,0
100,upi,0,NA,NA,NA,0
100,wallet,0,NA,NA,NA,0
100,upi,0,NA,NA,NA,0
100,upi,0,NA,NA,NA,0
100,card,0,RuPay,credit,Union Bank,0
100,netbanking,0,NA,NA,NA,1
100,card,0,Mastercard,debit,IndusInd,0
100,card,0,Mastercard,debit,HDFC,0
100,emi,0,RuPay,credit,ICICI,0
100,wallet,0,NA,NA,NA,0
100,card,0,Visa,debit,Axis,0
100,pay later,0,NA,NA,NA,1
100,card,0,Visa,prepaid,ICICI,0
100,netbanking,0,NA,NA,NA,0
100,upi,0,NA,NA,NA,1
100,wallet,0,NA,NA,NA,0
100,upi,0,NA,NA,NA,0
100,card,0,Visa,debit,Kotak Mahindra,0
100,emi,0,Mastercard,debit,SBI,0
100,netbanking,0,NA,NA,NA,0
100,upi,0,NA,NA,NA,0
100,upi,0,NA,NA,NA,0
100,netbanking,0,NA,NA,NA,0
100,upi,0,NA,NA,NA,0
100,card,0,Mastercard,credit,Federal Bank,1
100,card,0,American Express,credit,ICICI,0
100,netbanking,0,NA,NA,NA,0
100,upi,0,NA,NA,NA,0
100,upi,0,NA,NA,NA,0
100,pay later,0,NA,NA,NA,0
100,pay later,0,NA,NA,NA,0
100,upi,0,NA,NA,NA,0
100,card,0,Mastercard,credit,Yes Bank,0
100,card,0,Mastercard,debit,ICICI,0
100,upi,0,NA,NA,NA,0
100,card,0,Visa,credit,ICICI,0
100,wallet,0,NA,NA,NA,0
100,upi,0,NA,NA,NA,0
100,card,0,American Express,credit,ICICI,0
100,card,0,RuPay,debit,RBL,0
100,card,0,American Express,credit,SBI,1
100,upi,0,NA,NA,NA,0
100,card,0,Visa,credit,Kotak Mahindra,0
100,upi,0,NA,NA,NA,0
100,upi,0,NA,NA,NA,0
100,netbanking,0,NA,NA,NA,0
100,card,0,RuPay,credit,Kotak Mahindra,0
100,netbanking,0,NA,NA,NA,0
100,wallet,0,NA,NA,NA,0
100,netbanking,0,NA,NA,NA,0
100,wallet,0,NA,NA,NA,1
100,upi,0,NA,NA,NA,0
100,emi,0,Mastercard,debit,SBI,0
100,upi,0,NA,NA,NA,0
100,pay later,0,NA,NA,NA,0
100,netbanking,0,NA,NA,NA,0
100,card,0,Visa,credit,ICICI,0
100,wallet,0,NA,NA,NA,1
100,emi,0,Visa,debit,IndusInd,0
100,upi,0,NA,NA,NA,0
100,card,0,Visa,debit,ICICI,0
100,netbanking,0,NA,NA,NA,0
100,upi,0,NA,NA,NA,0
100,upi,0,NA,NA,NA,0
100,upi,0,NA,NA,NA,0
100,wallet,0,NA,NA,NA,0
100,upi,0,NA,NA,NA,0
100,pay later,0,NA,NA,NA,1
100,netbanking,0,NA,NA,NA,0
100,netbanking,0,NA,NA,NA,0
100,emi,0,RuPay,credit,Kotak Mahindra,0
100,card,0,Visa,debit,HDFC,0
100,upi,0,NA,NA,NA,0
100,card,0,RuPay,credit,HDFC,0
100,netbanking,0,NA,NA,NA,0
100,card,0,Visa,credit,SBI,0
100,upi,0,NA,NA,NA,0
100,wallet,0,NA,NA,NA,0
100,upi,0,NA,NA,NA,0
100,card,0,Visa,credit,Union Bank,0
100,netbanking,0,NA,NA,NA,0
100,card,0,Visa,prepaid,HDFC,0
100,upi,0,NA,NA,NA,0
100,netbanking,0,NA,NA,NA,1
100,card,0,Visa,credit,Bank of Baroda,0
100,card,0,Mastercard,debit,SBI,0
100,upi,0,NA,NA,NA,0
100,upi,0,NA,NA,NA,1
100,upi,0,NA,NA,NA,0
100,wallet,0,NA,NA,NA,0
100,card,0,Visa,credit,HDFC,0
100,upi,0,NA,NA,NA,1
100,card,0,Discover,credit,ICICI,0
100,upi,0,NA,NA,NA,0
100,wallet,0,NA,NA,NA,0
100,upi,0,NA,NA,NA,1
100,upi,0,NA,NA,NA,0
100,card,0,Visa,credit,Bank of Baroda,0
100,netbanking,0,NA,NA,NA,1
100,netbanking,0,NA,NA,NA,0
100,netbanking,0,NA,NA,NA,0
100,wallet,0,NA,NA,NA,0
100,card,0,RuPay,debit,ICICI,0
100,card,0,Mastercard,credit,ICICI,0
100,netbanking,0,NA,NA,NA,0
100,card,0,RuPay,credit,Axis,1
100,card,0,Visa,credit,Bank of Baroda,0
100,wallet,0,NA,NA,NA,0
100,upi,0,NA,NA,NA,0
100,upi,0,NA,NA,NA,0
100,netbanking,0,NA,NA,NA,0
100,card,0,RuPay,debit,Indian Bank,0
100,upi,0,NA,NA,NA,0
100,emi,0,Visa,debit,ICICI,0
100,card,0,Visa,credit,ICICI,0
100,card,0,RuPay,debit,SBI,1
100,pay later,0,NA,NA,NA,0
100,upi,0,NA,NA,NA,0
100,upi,0,NA,NA,NA,0
100,card,0,RuPay,prepaid,Kotak Mahindra,0
100,upi,0,NA,NA,NA,0
100,wallet,0,NA,NA,NA,0
100,upi,0,NA,NA,NA,1
100,wallet,0,NA,NA,NA,1
100,upi,0,NA,NA,NA,0
100,card,0,Visa,debit,ICICI,0
100,upi,0,NA,NA,NA,0
100,upi,0,NA,NA,NA,1
100,netbanking,0,NA,NA,NA,0
100,card,0,Visa,credit,HDFC,0
100,upi,0,NA,NA,NA,0
100,card,0,Mastercard,credit,Axis,1
100,upi,0,NA,NA,NA,0
100,upi,0,NA,NA,NA,0
100,card,0,Mastercard,credit,Kotak Mahindra,1
100,upi,0,NA,NA,NA,0
100,upi,0,NA,NA,NA,0
100,netbanking,0,NA,NA,NA,0
100,upi,0,NA,NA,NA,0
100,card,0,Mastercard,debit,ICICI,0
100,upi,0,NA,NA,NA,0
100,emi,0,Visa,debit,IndusInd,0
100,card,0,Visa,credit,Federal Bank,0
100,card,0,Visa,credit,Axis,0
100,netbanking,0,NA,NA,NA,0
100,pay later,0,NA,NA,NA,0
100,upi,0,NA,NA,NA,0
100,upi,0,NA,NA,NA,1
100,upi,0,NA,NA,NA,0
100,upi,0,NA,NA,NA,0
100,netbanking,0,NA,NA,NA,0
100,upi,0,NA,NA,NA,0
100,upi,0,NA,NA,NA,0
100,pay later,0,NA,NA,NA,0
100,upi,0,NA,NA,NA,1
100,card,0,American Express,credit,Union Bank,0
100,card,0,Mastercard,credit,Federal Bank,0
100,netbanking,0,NA,NA,NA,0
100,upi,0,NA,NA,NA,0
100,upi,0,NA,NA,NA,0
100,upi,0,NA,NA,NA,0
100,pay later,0,NA,NA,NA,0
100,upi,0,NA,NA,NA,0
100,pay later,0,NA,NA,NA,0
100,upi,0,NA,NA,NA,0
100,wallet,0,NA,NA,NA,0
100,upi,0,NA,NA,NA,0
100,netbanking,0,NA,NA,NA,0
100,pay later,0,NA,NA,NA,0
100,card,0,RuPay,debit,HDFC,0
100,wallet,0,NA,NA,NA,0
100,wallet,0,NA,NA,NA,0
100,upi,0,NA,NA,NA,0
100,netbanking,0,NA,NA,NA,0
100,card,0,RuPay,debit,RBL,0
100,emi,0,Visa,debit,RBL,0
100,netbanking,0,NA,NA,NA,0
100,netbanking,0,NA,NA,NA,0
100,emi,0,Visa,credit,HDFC,0
100,upi,0,NA,NA,NA,0
100,card,0,Visa,credit,HDFC,0
100,wallet,0,NA,NA,NA,0
100,wallet,0,NA,NA,NA,0
100,pay later,0,NA,NA,NA,0
100,upi,0,NA,NA,NA,0
100,card,0,Mastercard,debit,Axis,0
100,netbanking,0,NA,NA,NA,0
100,card,0,Mastercard,debit,SBI,0
100,upi,0,NA,NA,NA,0
100,wallet,0,NA,NA,NA,0
100,card,0,Visa,credit,IDFC First,0
100,netbanking,0,NA,NA,NA,0
100,netbanking,0,NA,NA,NA,1
100,card,0,RuPay,credit,HDFC,0
100,upi,0,NA,NA,NA,0
100,emi,0,American Express,debit,IDFC First,0
100,card,0,Visa,debit,Kotak Mahindra,0
100,upi,0,NA,NA,NA,0
100,upi,0,NA,NA,NA,0
100,upi,0,NA,NA,NA,0
100,card,0,Mastercard,debit,Kotak Mahindra,1
100,wallet,0,NA,NA,NA,0
100,upi,0,NA,NA,NA,0
100,card,0,Mastercard,debit,Indian Bank,0
100,upi,0,NA,NA,NA,0
100,card,0,American Express,credit,HDFC,0
100,upi,0,NA,NA,NA,0
100,card,0,RuPay,credit,SBI,0
100,netbanking,0,NA,NA,NA,0
100,upi,0,NA,NA,NA,1
100,wallet,0,NA,NA,NA,0
100,card,0,RuPay,debit,Axis,1
100,card,0,RuPay,debit,Punjab National Bank,0
100,card,0,Mastercard,debit,SBI,0
100,card,0,Visa,credit,Bank of Baroda,0
100,card,0,Mastercard,debit,Kotak Mahindra,0
100,card,0,Mastercard,credit,Punjab National Bank,0
100,pay later,0,NA,NA,NA,0
100,card,0,RuPay,debit,ICICI,0
100,upi,0,NA,NA,NA,0
100,card,0,Visa,debit,Axis,0
100,card,0,Visa,debit,ICICI,0
100,upi,0,NA,NA,NA,0
100,card,0,Mastercard,prepaid,Federal Bank,0
100,emi,0,Mastercard,credit,ICICI,0
100,wallet,0,NA,NA,NA,0
100,upi,0,NA,NA,NA,0
100,upi,0,NA,NA,NA,0
100,emi,0,Visa,credit,Yes Bank,0
100,netbanking,0,NA,NA,NA,1
100,upi,0,NA,NA,NA,0
100,card,0,Mastercard,debit,Axis,0
100,netbanking,0,NA,NA,NA,0
100,emi,0,RuPay,credit,SBI,0
100,pay later,0,NA,NA,NA,0
100,card,0,Mastercard,debit,Axis,0
100,wallet,0,NA,NA,NA,0
100,card,0,Visa,credit,Axis,0
100,pay later,0,NA,NA,NA,0
100,netbanking,0,NA,NA,NA,0
100,upi,0,NA,NA,NA,0
100,upi,0,NA,NA,NA,0
100,emi,0,Visa,debit,Kotak Mahindra,0
100,emi,0,American Express,credit,ICICI,0
100,pay later,0,NA,NA,NA,0
100,card,0,American Express,debit,Union Bank,0
100,card,0,Visa,credit,Axis,0
100,card,0,Visa,debit,IDFC First,1
100,card,0,Visa,credit,HDFC,0
100,wallet,0,NA,NA,NA,1
100,card,0,Visa,prepaid,HDFC,1
100,netbanking,0,NA,NA,NA,0
100,emi,0,Mastercard,debit,Axis,0
100,emi,0,RuPay,credit,ICICI,0
100,card,0,Visa,debit,Indian Bank,1
100,upi,0,NA,NA,NA,1
100,wallet,0,NA,NA,NA,0
100,emi,0,Mastercard,debit,HDFC,0
100,upi,0,NA,NA,NA,0
100,card,0,American Express,credit,ICICI,0
100,card,0,Visa,debit,Yes Bank,0
100,upi,0,NA,NA,NA,0
100,card,0,Visa,credit,IndusInd,0
100,upi,0,NA,NA,NA,0
100,card,0,Discover,credit,ICICI,0
100,card,0,Visa,credit,Union Bank,0
100,upi,0,NA,NA,NA,0
100,card,0,American Express,credit,HDFC,0
100,card,0,Mastercard,credit,HDFC,0
100,wallet,0,NA,NA,NA,0
100,upi,0,NA,NA,NA,0
100,upi,0,NA,NA,NA,0
100,card,0,Mastercard,debit,HDFC,0
100,card,0,Mastercard,credit,SBI,0
100,wallet,0,NA,NA,NA,1
100,wallet,0,NA,NA,NA,0
100,upi,0,NA,NA,NA,0
100,card,0,Visa,credit,HDFC,0
100,upi,0,NA,NA,NA,1
100,emi,0,Mastercard,credit,ICICI,0
100,pay later,0,NA,NA,NA,0
100,upi,0,NA,NA,NA,0
100,netbanking,0,NA,NA,NA,0
100,upi,0,NA,NA,NA,0
100,upi,0,NA,NA,NA,0
100,upi,0,NA,NA,NA,1
100,netbanking,0,NA,NA,NA,0
100,upi,0,NA,NA,NA,0
100,card,0,RuPay,credit,SBI,0
100,card,0,Visa,debit,ICICI,0
100,card,0,Mastercard,credit,Axis,0
100,emi,0,American Express,credit,Bank of Baroda,0
100,card,0,Visa,credit,Federal Bank,0
100,card,0,Visa,credit,IDFC First,0
100,upi,0,NA,NA,NA,0
100,upi,0,NA,NA,NA,1
100,emi,0,Mastercard,debit,HDFC,0
100,upi,0,NA,NA,NA,0
100,upi,0,NA,NA,NA,0
100,wallet,0,NA,NA,NA,0
100,pay later,0,NA,NA,NA,1
100,netbanking,0,NA,NA,NA,0
100,upi,0,NA,NA,NA,1
100,card,0,Diners,credit,SBI,0
100,netbanking,0,NA,NA,NA,0
100,card,0,Visa,credit,Axis,0
100,upi,0,NA,NA,NA,0
100,netbanking,0,NA,NA,NA,0
100,card,0,Visa,credit,Kotak Mahindra,0
100,card,0,RuPay,credit,Axis,0
100,upi,0,NA,NA,NA,0
100,upi,0,NA,NA,NA,0
100,netbanking,0,NA,NA,NA,0
100,pay later,0,NA,NA,NA,0
100,upi,0,NA,NA,NA,0
100,upi,0,NA,NA,NA,0
100,upi,0,NA,NA,NA,0
100,card,0,Visa,debit,SBI,0
100,upi,0,NA,NA,NA,0
100,card,0,Visa,debit,HDFC,0
100,wallet,0,NA,NA,NA,0
100,upi,0,NA,NA,NA,0
100,card,0,RuPay,debit,SBI,0
100,card,0,Visa,credit,ICICI,0
100,netbanking,0,NA,NA,NA,0
100,upi,0,NA,NA,NA,1
100,upi,0,NA,NA,NA,0
100,upi,0,NA,NA,NA,0
100,card,0,Mastercard,credit,HDFC,0
100,card,0,Visa,credit,Kotak Mahindra,0
100,card,0,American Express,credit,Bank of Baroda,0
100,pay later,0,NA,NA,NA,0
100,card,0,American Express,credit,Kotak Mahindra,0
100,card,0,RuPay,debit,Canara Bank,0
100,upi,0,NA,NA,NA,0
100,upi,0,NA,NA,NA,0
100,emi,0,RuPay,debit,IDFC First,0
100,card,0,Mastercard,credit,SBI,0
100,upi,0,NA,NA,NA,0
100,netbanking,0,NA,NA,NA,0
100,card,0,Mastercard,debit,HDFC,0
100,emi,0,Visa,credit,HDFC,0
100,card,0,Mastercard,debit,HDFC,0
100,wallet,0,NA,NA,NA,0
100,emi,0,Mastercard,debit,Punjab National Bank,0
100,card,0,Mastercard,debit,ICICI,0
100,wallet,0,NA,NA,NA,0
100,upi,0,NA,NA,NA,0
100,card,0,Mastercard,credit,Canara Bank,0
100,wallet,0,NA,NA,NA,0
100,card,0,RuPay,debit,Canara Bank,0
100,card,0,Mastercard,credit,Federal Bank,0
100,emi,0,RuPay,credit,Kotak Mahindra,0
100,card,0,Mastercard,debit,IndusInd,0
100,upi,0,NA,NA,NA,0
100,card,0,Visa,credit,RBL,0
100,upi,0,NA,NA,NA,0
100,netbanking,0,NA,NA,NA,0
100,wallet,0,NA,NA,NA,0
100,pay later,0,NA,NA,NA,0
100,card,0,Mastercard,debit,ICICI,0
100,card,0,Mastercard,credit,Kotak Mahindra,0
100,card,0,Visa,credit,RBL,0
100,upi,0,NA,NA,NA,0
100,upi,0,NA,NA,NA,0
100,emi,0,Visa,credit,SBI,0
100,emi,0,Mastercard,debit,SBI,0
100,upi,0,NA,NA,NA,0
100,pay later,0,NA,NA,NA,0
100,card,0,American Express,credit,Yes Bank,0
100,card,0,Mastercard,credit,IndusInd,0
100,netbanking,0,NA,NA,NA,0
100,card,0,Visa,debit,HDFC,0
100,emi,0,Visa,credit,HDFC,1
100,upi,0,NA,NA,NA,0
100,upi,0,NA,NA,NA,0
100,netbanking,0,NA,NA,NA,0
100,pay later,0,NA,NA,NA,0
100,upi,0,NA,NA,NA,1
100,netbanking,0,NA,NA,NA,0
100,upi,0,NA,NA,NA,0
100,upi,0,NA,NA,NA,0
100,upi,0,NA,NA,NA,0
100,upi,0,NA,NA,NA,0
100,upi,0,NA,NA,NA,0
100,emi,0,Mastercard,credit,IndusInd,0
100,upi,0,NA,NA,NA,1
100,upi,0,NA,NA,NA,0
100,card,0,Visa,debit,Kotak Mahindra,0
100,wallet,0,NA,NA,NA,0
100,upi,0,NA,NA,NA,0
100,upi,0,NA,NA,NA,0
100,netbanking,0,NA,NA,NA,0
100,upi,0,NA,NA,NA,0
100,card,0,Visa,credit,ICICI,0
100,wallet,0,NA,NA,NA,0
100,card,0,Visa,debit,Yes Bank,0
100,upi,0,NA,NA,NA,0
100,card,0,Mastercard,credit,Punjab National Bank,0
100,netbanking,0,NA,NA,NA,1
100,card,0,RuPay,prepaid,IndusInd,1
100,emi,0,Visa,debit,Axis,0
100,card,0,Mastercard,credit,Yes Bank,0
100,emi,0,Mastercard,debit,IDFC First,0
100,card,0,Visa,credit,Yes Bank,0
100,upi,0,NA,NA,NA,0
100,card,0,Mastercard,credit,IndusInd,0
100,upi,0,NA,NA,NA,0
100,wallet,0,NA,NA,NA,0
100,card,0,Diners,credit,ICICI,0
100,card,0,Discover,credit,Axis,0
100,card,0,Visa,credit,ICICI,0
100,upi,0,NA,NA,NA,0
100,card,0,Discover,debit,Bank of Baroda,0
100,emi,0,Mastercard,debit,HDFC,1
100,upi,0,NA,NA,NA,0
100,upi,0,NA,NA,NA,0
100,pay later,0,NA,NA,NA,1
100,netbanking,0,NA,NA,NA,0
100,netbanking,0,NA,NA,NA,0
100,card,0,Mastercard,credit,HDFC,0
100,wallet,0,NA,NA,NA,0
100,netbanking,0,NA,NA,NA,0
100,pay later,0,NA,NA,NA,0
100,card,0,Mastercard,debit,SBI,0
100,card,0,Mastercard,debit,SBI,0
100,wallet,0,NA,NA,NA,0
100,card,0,RuPay,debit,Axis,1
100,upi,0,NA,NA,NA,0
100,emi,0,Visa,credit,HDFC,0
100,card,0,Mastercard,debit,SBI,0
100,card,0,Diners,credit,IndusInd,0
100,card,0,Mastercard,credit,SBI,1
100,card,0,Visa,credit,Indian Bank,0
100,upi,0,NA,NA,NA,0
100,upi,0,NA,NA,NA,0
100,upi,0,NA,NA,NA,0
100,upi,0,NA,NA,NA,0
100,upi,0,NA,NA,NA,0
100,pay later,0,NA,NA,NA,0
100,netbanking,0,NA,NA,NA,1
100,upi,0,NA,NA,NA,0
100,wallet,0,NA,NA,NA,0
100,card,0,Discover,debit,HDFC,0
100,upi,0,NA,NA,NA,0
100,upi,0,NA,NA,NA,0
100,netbanking,0,NA,NA,NA,0
100,upi,0,NA,NA,NA,0
100,upi,0,NA,NA,NA,0
100,card,0,Visa,credit,Punjab National Bank,0
100,card,0,Mastercard,debit,HDFC,0
100,upi,0,NA,NA,NA,0
100,card,0,Visa,debit,SBI,0
100,wallet,0,NA,NA,NA,1
100,card,0,Diners,debit,Axis,0
100,wallet,0,NA,NA,NA,0
100,card,0,Discover,credit,SBI,0
100,card,0,Mastercard,debit,Bank of Baroda,0
100,card,0,Discover,credit,Indian Bank,0
100,wallet,0,NA,NA,NA,0
100,card,0,Visa,credit,HDFC,0
100,card,0,RuPay,credit,IDFC First,0
100,card,0,Mastercard,credit,Indian Bank,0
100,upi,0,NA,NA,NA,0
100,upi,0,NA,NA,NA,0
100,upi,0,NA,NA,NA,0
100,upi,0,NA,NA,NA,0
100,card,0,Mastercard,debit,IndusInd,1
100,card,0,Mastercard,credit,HDFC,0
100,card,0,Visa,credit,Axis,0
100,upi,0,NA,NA,NA,0
100,card,0,RuPay,debit,Union Bank,0
100,card,0,Diners,credit,IDFC First,0
100,card,0,Visa,credit,HDFC,0
100,upi,0,NA,NA,NA,0
100,card,0,Mastercard,debit,ICICI,0
100,upi,0,NA,NA,NA,0
100,card,0,Mastercard,prepaid,HDFC,0
100,upi,0,NA,NA,NA,0
100,card,0,RuPay,credit,IndusInd,0
100,emi,0,Visa,credit,RBL,0
100,card,0,Mastercard,credit,ICICI,0
100,emi,0,Mastercard,debit,Axis,0
100,upi,0,NA,NA,NA,0
100,netbanking,0,NA,NA,NA,0
100,netbanking,0,NA,NA,NA,0
100,emi,0,Mastercard,credit,ICICI,0
100,netbanking,0,NA,NA,NA,0
100,upi,0,NA,NA,NA,0
100,upi,0,NA,NA,NA,0
100,upi,0,NA,NA,NA,0
100,card,0,Visa,debit,SBI,0
100,emi,0,RuPay,debit,Kotak Mahindra,0
100,card,0,Visa,prepaid,IDFC First,0
100,card,0,Mastercard,debit,Yes Bank,0
100,emi,0,RuPay,prepaid,Kotak Mahindra,0
100,upi,0,NA,NA,NA,0
100,upi,0,NA,NA,NA,0
100,wallet,0,NA,NA,NA,0
100,upi,0,NA,NA,NA,0
100,upi,0,NA,NA,NA,0
100,netbanking,0,NA,NA,NA,0
100,wallet,0,NA,NA,NA,0
100,emi,0,RuPay,credit,ICICI,1
100,upi,0,NA,NA,NA,0
100,upi,0,NA,NA,NA,1
100,netbanking,0,NA,NA,NA,0
100,upi,0,NA,NA,NA,1
100,pay later,0,NA,NA,NA,0
100,netbanking,0,NA,NA,NA,0
100,wallet,0,NA,NA,NA,0
100,upi,0,NA,NA,NA,0
100,emi,0,RuPay,debit,ICICI,0
100,upi,0,NA,NA,NA,0
100,netbanking,0,NA,NA,NA,0
100,card,0,RuPay,debit,HDFC,0
100,upi,0,NA,NA,NA,0
100,upi,0,NA,NA,NA,0
100,emi,0,Mastercard,credit,Canara Bank,0
100,upi,0,NA,NA,NA,0
100,card,0,Mastercard,credit,IDFC First,1
100,upi,0,NA,NA,NA,0
100,wallet,0,NA,NA,NA,0
100,card,0,Visa,credit,Axis,0
100,upi,0,NA,NA,NA,0
100,upi,0,NA,NA,NA,0
100,upi,0,NA,NA,NA,1
100,netbanking,0,NA,NA,NA,0
100,upi,0,NA,NA,NA,0
100,card,0,RuPay,credit,IDFC First,0
100,card,0,Discover,debit,Bank of Baroda,0
100,upi,0,NA,NA,NA,0
100,upi,0,NA,NA,NA,0
100,pay later,0,NA,NA,NA,0
100,netbanking,0,NA,NA,NA,0
100,netbanking,0,NA,NA,NA,0
100,upi,0,NA,NA,NA,0
100,upi,0,NA,NA,NA,0
100,netbanking,0,NA,NA,NA,0
100,upi,0,NA,NA,NA,0
100,upi,0,NA,NA,NA,0
100,wallet,0,NA,NA,NA,0
100,wallet,0,NA,NA,NA,0
100,netbanking,0,NA,NA,NA,0
100,card,0,Visa,debit,ICICI,0
100,netbanking,0,NA,NA,NA,1
100,pay later,0,NA,NA,NA,0
100,upi,0,NA,NA,NA,0
100,pay later,0,NA,NA,NA,0
100,upi,0,NA,NA,NA,0
100,upi,0,NA,NA,NA,0
100,card,0,RuPay,credit,SBI,0
100,upi,0,NA,NA,NA,0
100,emi,0,Mastercard,credit,IDFC First,1
100,upi,0,NA,NA,NA,1
100,emi,0,Mastercard,debit,ICICI,0
100,upi,0,NA,NA,NA,0
100,emi,0,Diners,credit,Axis,1
100,upi,0,NA,NA,NA,0
100,upi,0,NA,NA,NA,0
100,netbanking,0,NA,NA,NA,0
100,upi,0,NA,NA,NA,0
100,upi,0,NA,NA,NA,0
100,emi,0,Mastercard,credit,Yes Bank,0
100,upi,0,NA,NA,NA,0
100,netbanking,0,NA,NA,NA,0
100,card,0,RuPay,credit,IndusInd,0
100,card,0,Visa,prepaid,SBI,0
100,card,0,Mastercard,credit,Bank of Baroda,0
100,netbanking,0,NA,NA,NA,0
100,upi,0,NA,NA,NA,0
100,upi,0,NA,NA,NA,0
100,upi,0,NA,NA,NA,0
100,upi,0,NA,NA,NA,0
100,netbanking,0,NA,NA,NA,0
100,pay later,0,NA,NA,NA,0
100,emi,0,RuPay,prepaid,ICICI,0
100,upi,0,NA,NA,NA,0
100,upi,0,NA,NA,NA,0
100,netbanking,0,NA,NA,NA,0
100,pay later,0,NA,NA,NA,0
100,wallet,0,NA,NA,NA,0
100,card,0,Visa,debit,Federal Bank,0
100,upi,0,NA,NA,NA,0
100,netbanking,0,NA,NA,NA,0
100,wallet,0,NA,NA,NA,0
100,card,0,Diners,credit,Kotak Mahindra,0
100,wallet,0,NA,NA,NA,0
100,card,0,Mastercard,debit,ICICI,0
100,netbanking,0,NA,NA,NA,0
100,netbanking,0,NA,NA,NA,1
100,card,0,Visa,debit,HDFC,0
100,netbanking,0,NA,NA,NA,0
100,upi,0,NA,NA,NA,0
100,upi,0,NA,NA,NA,0
100,upi,0,NA,NA,NA,0
100,upi,0,NA,NA,NA,0
100,card,0,Visa,credit,ICICI,0
100,upi,0,NA,NA,NA,0
100,card,0,Discover,credit,Axis,0
100,emi,0,RuPay,credit,Kotak Mahindra,0
100,emi,0,Visa,credit,Federal Bank,0
100,emi,0,Mastercard,credit,Union Bank,0
100,upi,0,NA,NA,NA,1
100,upi,0,NA,NA,NA,0
100,upi,0,NA,NA,NA,0
100,pay later,0,NA,NA,NA,0
100,card,0,Visa,debit,IDFC First,0
